,Rk-hit,Year_x,Tm_x,Lg-hit,Wtm-hit,Ltm-hit,tmW-L%-hit,#Bat-hit,R/G-hit,G-hit,PA-hit,AB-hit,R-hit,H-hit,2B-hit,3B-hit,HR-hit,RBI-hit,SB-hit,CS-hit,BB-hit,SO-hit,BA-hit,OBP-hit,SLG-hit,OPS-hit,TB-hit,GDP-hit,HBP-hit,SH-hit,SF-hit,IBB-hit,LOB-hit,OPS+-hit,Year-Tm,Rk-pitch,Year_y,Tm_y,Lg-pitch,Wtm-pitch,Ltm-pitch,tmW-L%-pitch,W-pitch,L-pitch,W-L%-pitch,ERA-pitch,G-pitch,GS-pitch,GF-pitch,CG-pitch,SHO-pitch,SV-pitch,IP-pitch,H-pitch,R-pitch,ER-pitch,HR-pitch,BB-pitch,IBB-pitch,SO-pitch,HBP-pitch,BK-pitch,WP-pitch,BF-pitch,WHIP-pitch,H9-pitch,HR9-pitch,BB9-pitch,SO9-pitch,SO/W-pitch,ERA+-pitch
0,1,2019,MIN,AL,101,61,0.623,39,5.8,162,6392,5732,939,1547,318,23,307,906,28,21,525,1334,0.27,0.33799999999999997,0.494,0.8320000000000001,2832,101,81,10,41,21,1115,119,2019MIN,26,2019,MIN,AL,101,61,0.623,101,61,0.623,4.18,162,162,161,1,0,50,1463.1,1456,754,680,198,452,10,1463,61,5,71,6246,1.304,9.0,1.2,2.8,9.0,3.24,108
1,2,2019,NYY,AL,103,59,0.636,39,5.82,162,6245,5583,943,1493,290,17,306,904,55,22,569,1437,0.267,0.33899999999999997,0.49,0.8290000000000001,2735,113,49,10,33,18,1039,117,2019NYY,15,2019,NYY,AL,103,59,0.636,103,59,0.636,4.31,162,162,161,1,1,50,1443.0,1374,739,691,248,507,12,1534,44,5,55,6133,1.304,8.6,1.5,3.2,9.6,3.03,106
2,3,2019,HOU,AL,107,55,0.66,36,5.68,162,6394,5613,920,1538,323,28,288,891,67,27,645,1166,0.27399999999999997,0.35200000000000004,0.495,0.848,2781,146,66,10,57,17,1168,120,2019HOU,2,2019,HOU,AL,107,55,0.66,107,55,0.66,3.66,162,162,160,2,1,47,1462.1,1205,640,595,230,448,0,1671,41,8,41,5995,1.13,7.4,1.4,2.8,10.3,3.73,127
3,4,2019,LAD,NL,106,56,0.654,46,5.47,162,6282,5493,886,1414,302,20,279,861,57,10,607,1356,0.257,0.33799999999999997,0.47200000000000003,0.81,2593,100,81,55,45,47,1124,112,2019LAD,17,2019,LAD,NL,106,56,0.654,106,56,0.654,3.39,162,162,159,3,1,44,1445.2,1201,613,545,185,392,24,1519,66,7,40,5913,1.102,7.5,1.2,2.4,9.5,3.88,123
4,5,2018,NYY,AL,100,62,0.617,43,5.25,162,6271,5515,851,1374,269,23,267,821,63,21,625,1421,0.249,0.32899999999999996,0.451,0.7809999999999999,2490,107,62,10,59,21,1100,112,2018NYY,3,2018,NYY,AL,100,62,0.617,100,62,0.617,3.78,162,162,160,2,2,49,1456.2,1311,669,611,177,494,9,1634,58,4,73,6141,1.239,8.1,1.1,3.1,10.1,3.31,112
5,7,2019,OAK,AL,97,65,0.599,39,5.22,162,6269,5561,845,1384,292,23,257,800,49,21,578,1338,0.249,0.327,0.44799999999999995,0.7759999999999999,2493,140,87,7,36,17,1081,109,2019OAK,116,2019,OAK,AL,97,65,0.599,97,65,0.599,3.97,162,162,161,1,1,45,1465.0,1342,680,646,201,477,19,1299,66,4,74,6153,1.242,8.2,1.2,2.9,8.0,2.72,107
6,8,2010,TOR,AL,85,77,0.525,35,4.66,162,6072,5495,755,1364,319,21,257,732,58,20,471,1164,0.248,0.312,0.45399999999999996,0.7659999999999999,2496,114,55,16,34,25,1017,105,2010TOR,252,2010,TOR,AL,85,77,0.525,85,77,0.525,4.23,162,162,157,5,2,45,1440.2,1407,728,677,150,539,35,1184,60,3,69,6165,1.351,8.8,0.9,3.4,7.4,2.2,100
7,9,2019,CHC,NL,84,78,0.519,52,5.02,162,6195,5461,814,1378,270,26,256,783,45,24,581,1460,0.252,0.331,0.452,0.7829999999999999,2468,127,83,30,39,33,1071,103,2019CHC,31,2019,CHC,NL,84,78,0.519,84,78,0.519,4.1,162,162,161,1,1,38,1442.1,1376,717,657,195,534,16,1444,80,1,60,6190,1.324,8.6,1.2,3.3,9.0,2.7,106
8,10,2016,BAL,AL,89,73,0.5489999999999999,40,4.59,162,6089,5524,744,1413,265,6,253,710,19,13,468,1324,0.256,0.317,0.44299999999999995,0.76,2449,119,44,17,36,19,1065,101,2016BAL,169,2016,BAL,AL,89,73,0.5489999999999999,89,73,0.5489999999999999,4.22,162,162,161,1,0,54,1432.0,1408,715,671,183,545,23,1248,51,3,59,6122,1.364,8.8,1.2,3.4,7.8,2.29,102
9,11,2019,MIL,NL,89,73,0.5489999999999999,50,4.75,162,6309,5542,769,1366,279,17,250,744,101,25,629,1563,0.24600000000000002,0.32899999999999996,0.43799999999999994,0.767,2429,120,72,20,38,42,1180,97,2019MIL,21,2019,MIL,NL,89,73,0.5489999999999999,89,73,0.5489999999999999,4.4,162,162,162,0,0,50,1459.2,1364,766,714,225,570,28,1497,60,3,41,6251,1.325,8.4,1.4,3.5,9.2,2.63,102
10,12,2019,ATL,NL,97,65,0.599,50,5.28,162,6302,5560,855,1432,277,29,249,824,89,28,619,1467,0.258,0.336,0.452,0.789,2514,104,60,25,35,39,1138,97,2019ATL,54,2019,ATL,NL,97,65,0.599,97,65,0.599,4.2,162,162,161,1,0,44,1450.2,1421,743,677,203,548,33,1393,69,3,70,6243,1.357,8.8,1.3,3.4,8.6,2.54,113
11,14,2019,TOR,AL,67,95,0.414,47,4.48,162,6091,5493,726,1299,270,21,247,697,51,20,509,1514,0.23600000000000002,0.305,0.428,0.733,2352,107,45,14,28,10,1003,94,2019TOR,90,2019,TOR,AL,67,95,0.414,67,95,0.414,4.79,162,162,161,1,0,33,1440.2,1450,828,767,228,604,25,1332,69,6,70,6313,1.426,9.1,1.4,3.8,8.3,2.21,95
12,16,2019,BOS,AL,84,78,0.519,38,5.56,162,6475,5770,901,1554,345,27,245,857,68,30,590,1382,0.26899999999999996,0.34,0.466,0.8059999999999999,2688,127,49,20,44,36,1170,107,2019BOS,4,2019,BOS,AL,84,78,0.519,84,78,0.519,4.7,162,162,161,1,1,33,1471.0,1423,828,768,215,605,22,1633,76,6,81,6400,1.379,8.7,1.3,3.7,10.0,2.7,104
13,17,2012,NYY,AL,95,67,0.586,39,4.96,162,6231,5524,804,1462,280,13,245,774,93,27,565,1176,0.265,0.337,0.45299999999999996,0.79,2503,136,62,31,49,31,1135,112,2012NYY,100,2012,NYY,AL,95,67,0.586,95,67,0.586,3.85,162,162,156,6,2,51,1445.1,1401,668,619,190,431,32,1318,49,9,53,6085,1.268,8.7,1.2,2.7,8.2,3.06,110
14,18,2009,NYY,AL,103,59,0.636,37,5.65,162,6449,5660,915,1604,325,21,244,881,111,28,663,1014,0.28300000000000003,0.36200000000000004,0.478,0.8390000000000001,2703,144,54,31,39,35,1238,114,2009NYY,153,2009,NYY,AL,103,59,0.636,103,59,0.636,4.28,162,162,159,3,1,51,1450.0,1386,753,689,181,574,28,1260,71,5,66,6247,1.3519999999999999,8.6,1.1,3.6,7.8,2.2,108
15,20,2019,NYM,NL,86,76,0.531,53,4.88,162,6290,5624,791,1445,280,17,242,767,56,27,516,1384,0.257,0.32799999999999996,0.442,0.77,2485,129,95,28,27,34,1128,104,2019NYM,16,2019,NYM,NL,86,76,0.531,86,76,0.531,4.25,162,162,159,3,3,38,1461.0,1405,737,690,204,500,40,1520,60,2,47,6232,1.304,8.7,1.3,3.1,9.4,3.04,98
16,23,2017,NYY,AL,91,71,0.562,44,5.3,162,6354,5594,858,1463,266,23,241,821,90,22,616,1386,0.262,0.33899999999999997,0.447,0.785,2498,119,64,18,56,22,1184,105,2017NYY,10,2017,NYY,AL,91,71,0.562,91,71,0.562,3.75,162,162,160,2,1,36,1448.1,1248,660,603,192,504,18,1560,53,4,83,6078,1.21,7.8,1.2,3.1,9.7,3.1,121
17,24,2019,SEA,AL,68,94,0.42,51,4.68,162,6199,5500,758,1305,254,28,239,730,115,47,588,1581,0.237,0.316,0.424,0.74,2332,83,58,14,37,7,1080,99,2019SEA,181,2019,SEA,AL,68,94,0.42,68,94,0.42,5.0,162,162,159,3,2,34,1439.1,1484,893,799,260,505,25,1239,51,4,75,6268,1.382,9.3,1.6,3.2,7.7,2.45,88
18,27,2017,HOU,AL,101,61,0.623,40,5.53,162,6271,5611,896,1581,346,20,238,854,98,42,509,1087,0.282,0.34600000000000003,0.478,0.823,2681,139,70,11,61,27,1094,123,2017HOU,7,2017,HOU,AL,101,61,0.623,101,61,0.623,4.12,162,162,161,1,0,45,1446.0,1314,700,662,192,522,17,1593,70,4,86,6111,1.27,8.2,1.2,3.2,9.9,3.05,99
19,32,2018,LAD,NL,92,71,0.564,52,4.93,163,6358,5572,804,1394,296,33,235,756,75,24,647,1436,0.25,0.33299999999999996,0.442,0.774,2461,119,61,39,39,47,1163,109,2018LAD,9,2018,LAD,NL,92,71,0.564,92,71,0.564,3.4,163,163,163,0,0,48,1476.0,1279,610,557,179,422,39,1565,61,10,39,6096,1.1520000000000001,7.8,1.1,2.6,9.5,3.71,115
20,34,2004,CHC,NL,89,73,0.5489999999999999,43,4.87,162,6281,5628,789,1508,308,29,235,755,66,28,489,1080,0.268,0.32799999999999996,0.45799999999999996,0.7859999999999999,2579,120,38,78,48,46,1121,99,2004CHC,80,2004,CHC,NL,89,73,0.5489999999999999,89,73,0.5489999999999999,3.83,162,162,159,3,2,42,1465.2,1363,665,623,169,545,33,1346,76,9,50,6262,1.3019999999999998,8.4,1.0,3.3,8.3,2.47,116
21,38,2017,OAK,AL,75,87,0.46299999999999997,44,4.56,162,6126,5464,739,1344,305,15,234,708,57,22,565,1491,0.24600000000000002,0.319,0.436,0.755,2381,129,43,13,40,15,1075,104,2017OAK,235,2017,OAK,AL,75,87,0.46299999999999997,75,87,0.46299999999999997,4.67,162,162,161,1,1,35,1431.0,1444,826,743,210,502,17,1202,61,3,84,6167,1.36,9.1,1.3,3.2,7.6,2.39,90
22,39,2017,BAL,AL,75,87,0.46299999999999997,41,4.59,162,6140,5650,743,1469,269,12,232,713,32,13,392,1412,0.26,0.312,0.435,0.747,2458,138,50,10,37,12,1041,100,2017BAL,187,2017,BAL,AL,75,87,0.46299999999999997,75,87,0.46299999999999997,4.97,162,162,161,1,1,35,1441.0,1505,841,796,242,579,21,1233,60,6,53,6293,1.446,9.4,1.5,3.6,7.7,2.13,88
23,41,2019,WSN,NL,93,69,0.574,50,5.39,162,6267,5512,873,1460,298,27,231,824,116,29,584,1308,0.265,0.342,0.45399999999999996,0.7959999999999999,2505,117,81,48,42,33,1114,105,2019WSN,18,2019,WSN,NL,93,69,0.574,93,69,0.574,4.28,162,162,161,1,1,40,1439.1,1340,724,684,202,517,41,1511,61,5,53,6134,1.29,8.4,1.3,3.2,9.4,2.92,104
24,42,2007,MIL,NL,83,79,0.512,40,4.94,162,6238,5554,801,1455,310,37,231,774,96,32,501,1137,0.262,0.32899999999999996,0.456,0.785,2532,112,76,60,47,60,1117,101,2007MIL,268,2007,MIL,NL,83,79,0.512,83,79,0.512,4.44,162,162,159,3,0,49,1444.1,1513,776,713,161,507,37,1174,52,2,57,6285,1.399,9.4,1.0,3.2,7.3,2.32,100
25,43,2015,HOU,AL,86,76,0.531,39,4.5,162,6073,5459,729,1363,278,26,230,691,121,48,486,1392,0.25,0.315,0.43700000000000006,0.752,2383,102,56,28,43,22,1036,107,2015HOU,136,2015,HOU,AL,86,76,0.531,86,76,0.531,3.57,162,162,157,5,3,39,1441.0,1308,618,572,148,423,17,1280,43,2,61,5965,1.2009999999999998,8.2,0.9,2.6,8.0,3.03,110
26,47,2017,TBR,AL,80,82,0.494,40,4.28,162,6147,5478,694,1340,226,32,228,671,88,34,545,1538,0.245,0.317,0.42200000000000004,0.7390000000000001,2314,115,55,16,48,33,1114,99,2017TBR,77,2017,TBR,AL,80,82,0.494,80,82,0.494,3.99,162,162,162,0,0,53,1445.0,1324,704,640,193,503,37,1352,48,4,83,6099,1.264,8.2,1.2,3.1,8.4,2.69,106
27,48,2019,CIN,NL,75,87,0.46299999999999997,47,4.33,162,6100,5450,701,1328,235,27,227,679,80,38,492,1436,0.244,0.315,0.42200000000000004,0.736,2298,111,89,30,33,25,1073,84,2019CIN,12,2019,CIN,NL,75,87,0.46299999999999997,75,87,0.46299999999999997,4.18,162,162,162,0,0,46,1438.0,1270,711,668,214,536,31,1552,58,8,35,6057,1.256,7.9,1.3,3.4,9.7,2.9,114
28,49,2018,OAK,AL,97,65,0.599,39,5.02,162,6255,5579,813,1407,322,20,227,778,35,21,550,1381,0.252,0.325,0.439,0.764,2450,136,76,6,44,18,1085,110,2018OAK,182,2018,OAK,AL,97,65,0.599,97,65,0.599,3.82,162,162,160,2,2,44,1465.2,1303,674,622,184,474,19,1237,53,2,86,6099,1.212,8.0,1.1,2.9,7.6,2.61,109
29,52,2016,STL,NL,86,76,0.531,41,4.81,162,6223,5548,779,1415,299,32,225,745,35,26,526,1318,0.255,0.325,0.442,0.767,2453,117,70,37,41,28,1113,104,2016STL,127,2016,STL,NL,86,76,0.531,86,76,0.531,4.08,162,162,160,2,2,38,1448.1,1432,712,656,159,475,35,1290,52,1,50,6164,1.317,8.9,1.0,3.0,8.0,2.72,100
30,53,2019,COL,NL,71,91,0.43799999999999994,50,5.15,162,6288,5660,835,1502,323,41,224,803,71,31,489,1503,0.265,0.326,0.456,0.782,2579,111,43,51,43,25,1075,90,2019COL,148,2019,COL,NL,71,91,0.43799999999999994,71,91,0.43799999999999994,5.58,162,162,161,1,1,28,1448.2,1576,958,898,270,589,33,1264,57,7,63,6423,1.494,9.8,1.7,3.7,7.9,2.15,92
31,54,2017,MIL,NL,86,76,0.531,50,4.52,162,6135,5467,732,1363,267,22,224,695,128,41,547,1571,0.249,0.322,0.429,0.7509999999999999,2346,116,53,42,26,34,1088,94,2017MIL,79,2017,MIL,NL,86,76,0.531,86,76,0.531,4.0,162,162,161,1,0,54,1445.2,1381,697,642,185,553,45,1346,64,2,50,6164,1.338,8.6,1.2,3.4,8.4,2.43,110
32,55,2017,NYM,NL,70,92,0.43200000000000005,52,4.54,162,6169,5510,735,1379,286,28,224,713,58,23,529,1291,0.25,0.32,0.434,0.755,2393,118,57,36,37,31,1099,101,2017NYM,66,2017,NYM,NL,70,92,0.43200000000000005,70,92,0.43200000000000005,5.01,162,162,160,2,0,34,1434.2,1538,863,799,220,593,51,1374,55,5,55,6378,1.485,9.6,1.4,3.7,8.6,2.32,83
33,56,2009,PHI,NL,93,69,0.574,41,5.06,162,6338,5578,820,1439,312,35,224,788,119,28,589,1155,0.258,0.33399999999999996,0.447,0.7809999999999999,2493,90,71,55,45,47,1192,104,2009PHI,300,2009,PHI,NL,93,69,0.574,93,69,0.574,4.16,162,162,154,8,5,44,1455.2,1479,709,673,189,489,31,1153,75,2,28,6263,1.3519999999999999,9.1,1.2,3.0,7.1,2.36,101
34,58,2019,CLE,AL,93,69,0.574,48,4.75,162,6124,5425,769,1354,286,18,223,731,103,35,563,1332,0.25,0.32299999999999995,0.43200000000000005,0.7559999999999999,2345,110,50,40,46,30,1072,94,2019CLE,20,2019,CLE,AL,93,69,0.574,93,69,0.574,3.79,162,162,156,6,5,42,1437.2,1308,657,606,207,450,19,1508,62,2,42,6008,1.2229999999999999,8.2,1.3,2.8,9.4,3.35,127
35,59,2019,TEX,AL,78,84,0.48100000000000004,39,5.0,162,6204,5540,810,1374,296,24,223,765,131,38,534,1578,0.248,0.319,0.431,0.75,2387,98,67,17,44,18,1066,88,2019TEX,61,2019,TEX,AL,78,84,0.48100000000000004,78,84,0.48100000000000004,5.09,162,162,158,4,1,33,1437.2,1515,878,813,241,583,11,1379,70,3,68,6354,1.459,9.5,1.5,3.6,8.6,2.37,102
36,60,2017,CHC,NL,92,70,0.568,47,5.07,162,6283,5496,822,1402,274,29,223,785,62,31,622,1401,0.255,0.33799999999999997,0.43700000000000006,0.775,2403,134,82,48,32,54,1147,99,2017CHC,34,2017,CHC,NL,92,70,0.568,92,70,0.568,3.95,162,162,160,2,1,38,1447.1,1294,695,636,194,554,29,1439,66,4,73,6108,1.2770000000000001,8.0,1.2,3.4,8.9,2.6,112
37,61,2016,SEA,AL,86,76,0.531,40,4.74,162,6227,5583,768,1446,251,17,223,735,56,28,506,1288,0.259,0.326,0.43,0.7559999999999999,2400,138,72,24,41,29,1099,106,2016SEA,98,2016,SEA,AL,86,76,0.531,86,76,0.531,4.0,162,162,160,2,2,49,1457.0,1410,707,647,213,460,30,1318,55,7,52,6147,1.2830000000000001,8.7,1.3,2.8,8.1,2.87,102
38,63,2017,TOR,AL,76,86,0.469,44,4.28,162,6154,5499,693,1320,269,5,222,661,53,24,542,1327,0.24,0.312,0.41200000000000003,0.7240000000000001,2265,153,51,25,35,12,1064,91,2017TOR,68,2017,TOR,AL,76,86,0.469,76,86,0.469,4.42,162,162,160,2,0,45,1465.0,1460,784,720,203,549,25,1372,48,4,53,6316,1.371,9.0,1.2,3.4,8.4,2.5,102
39,64,2011,NYY,AL,97,65,0.599,35,5.35,162,6306,5518,867,1452,267,33,222,836,147,46,627,1138,0.263,0.34299999999999997,0.444,0.7879999999999999,2451,146,74,36,51,34,1114,110,2011NYY,205,2011,NYY,AL,97,65,0.599,97,65,0.599,3.73,162,162,157,5,3,47,1458.1,1423,657,605,152,507,43,1222,58,3,67,6216,1.3230000000000002,8.8,0.9,3.1,7.5,2.41,116
40,68,2017,LAD,NL,104,58,0.642,52,4.75,162,6191,5408,770,1347,312,20,221,730,77,28,649,1380,0.249,0.33399999999999996,0.43700000000000006,0.7709999999999999,2362,119,64,31,38,41,1146,104,2017LAD,13,2017,LAD,NL,104,58,0.642,104,58,0.642,3.38,162,162,160,2,0,51,1444.2,1226,580,543,184,442,33,1549,40,10,40,5925,1.155,7.6,1.1,2.8,9.6,3.5,123
41,69,2016,TOR,AL,89,73,0.5489999999999999,38,4.69,162,6233,5479,759,1358,276,18,221,728,54,24,632,1362,0.248,0.33,0.426,0.755,2333,153,55,26,40,16,1120,101,2016TOR,103,2016,TOR,AL,89,73,0.5489999999999999,89,73,0.5489999999999999,3.79,162,162,162,0,0,43,1459.1,1340,666,615,183,461,10,1314,59,7,50,6113,1.234,8.3,1.1,2.8,8.1,2.85,113
42,70,2000,CLE,AL,90,72,0.556,39,5.86,162,6512,5683,950,1639,310,30,221,889,113,34,685,1057,0.28800000000000003,0.36700000000000005,0.47,0.8370000000000001,2672,134,51,41,52,27,1260,110,2000CLE,221,2000,CLE,AL,90,72,0.556,90,72,0.556,4.84,162,162,156,6,2,34,1442.1,1511,816,775,173,666,45,1213,42,3,50,6380,1.5090000000000001,9.4,1.1,4.2,7.6,1.82,102
43,71,2019,ARI,NL,85,77,0.525,45,5.02,162,6315,5633,813,1419,288,40,220,778,88,14,540,1360,0.252,0.32299999999999995,0.434,0.757,2447,120,70,31,40,36,1119,94,2019ARI,39,2019,ARI,NL,85,77,0.525,85,77,0.525,4.25,162,162,162,0,0,45,1465.0,1400,743,691,220,516,38,1427,62,4,49,6230,1.308,8.6,1.4,3.2,8.8,2.77,106
44,72,2019,LAA,AL,72,90,0.444,46,4.75,162,6251,5542,769,1368,268,21,220,734,65,20,586,1276,0.247,0.324,0.42200000000000004,0.746,2338,143,67,4,42,29,1125,94,2019LAA,45,2019,LAA,AL,72,90,0.444,72,90,0.444,5.12,162,162,162,0,0,32,1442.2,1417,868,820,267,576,11,1404,82,9,98,6289,1.381,8.8,1.7,3.6,8.8,2.44,93
45,73,2017,ARI,NL,93,69,0.574,45,5.01,162,6224,5525,812,1405,314,39,220,776,103,30,578,1456,0.254,0.32899999999999996,0.445,0.774,2457,106,54,39,27,44,1118,94,2017ARI,22,2017,ARI,NL,93,69,0.574,93,69,0.574,3.67,162,162,160,2,1,43,1441.0,1309,659,588,171,516,45,1482,38,5,82,6072,1.266,8.2,1.1,3.2,9.3,2.87,128
46,75,2019,SDP,NL,70,92,0.43200000000000005,54,4.21,162,6019,5391,682,1281,224,24,219,652,70,37,504,1581,0.23800000000000002,0.308,0.41,0.718,2210,120,55,37,31,19,1008,90,2019SDP,24,2019,SDP,NL,70,92,0.43200000000000005,70,92,0.43200000000000005,4.63,162,162,162,0,0,47,1432.1,1394,789,737,215,463,19,1475,68,6,60,6160,1.296,8.8,1.4,2.9,9.3,3.19,90
47,76,2017,CIN,NL,68,94,0.42,47,4.65,162,6213,5484,753,1390,249,38,219,715,120,39,565,1329,0.253,0.32899999999999996,0.433,0.7609999999999999,2372,116,72,50,42,41,1135,97,2017CIN,115,2017,CIN,NL,68,94,0.42,68,94,0.42,5.17,162,162,160,2,1,33,1430.0,1442,869,821,248,631,37,1300,77,7,62,6286,1.45,9.1,1.6,4.0,8.2,2.06,87
48,77,2018,MIL,NL,96,67,0.589,53,4.63,163,6210,5542,754,1398,252,24,218,711,124,32,537,1458,0.252,0.32299999999999995,0.424,0.747,2352,128,58,29,41,32,1106,99,2018MIL,37,2018,MIL,NL,96,67,0.589,96,67,0.589,3.73,163,163,163,0,0,49,1461.0,1259,659,606,173,553,34,1428,61,5,50,6114,1.24,7.8,1.1,3.4,8.8,2.58,110
49,78,2016,NYM,NL,87,75,0.537,46,4.14,162,6115,5459,671,1342,240,19,218,649,42,18,517,1302,0.24600000000000002,0.316,0.41700000000000004,0.733,2274,123,62,35,41,43,1120,97,2016NYM,52,2016,NYM,NL,87,75,0.537,87,75,0.537,3.58,162,162,161,1,1,55,1447.1,1397,617,575,152,439,39,1396,35,7,50,6067,1.2690000000000001,8.7,0.9,2.7,8.7,3.18,113
50,79,2019,TBR,AL,96,66,0.593,48,4.75,162,6285,5628,769,1427,291,29,217,730,94,37,542,1493,0.254,0.325,0.431,0.757,2427,114,73,8,34,20,1130,103,2019TBR,5,2019,TBR,AL,96,66,0.593,96,66,0.593,3.67,162,162,162,0,0,46,1474.1,1274,656,602,181,453,27,1621,60,7,59,6086,1.171,7.8,1.1,2.8,9.9,3.58,119
51,80,2018,TOR,AL,73,89,0.451,51,4.38,162,6076,5477,709,1336,320,16,217,680,47,30,499,1387,0.244,0.312,0.42700000000000005,0.7390000000000001,2339,118,58,5,37,15,1036,102,2018TOR,119,2018,TOR,AL,73,89,0.451,73,89,0.451,4.85,162,162,162,0,0,39,1433.2,1476,832,773,208,551,19,1298,67,5,71,6265,1.4140000000000001,9.3,1.3,3.5,8.1,2.36,88
52,81,2015,BAL,AL,81,81,0.5,43,4.4,162,6007,5485,713,1370,246,20,217,686,44,25,418,1331,0.25,0.307,0.42100000000000004,0.728,2307,127,51,20,32,23,990,97,2015BAL,188,2015,BAL,AL,81,81,0.5,81,81,0.5,4.05,162,162,162,0,0,43,1434.2,1406,693,646,174,483,27,1233,54,0,46,6085,1.317,8.8,1.1,3.0,7.7,2.55,102
53,84,2018,CLE,AL,91,71,0.562,41,5.05,162,6300,5595,818,1447,297,19,216,786,135,36,554,1189,0.259,0.332,0.434,0.7659999999999999,2430,98,80,25,44,32,1147,106,2018CLE,14,2018,CLE,AL,91,71,0.562,91,71,0.562,3.77,162,162,157,5,2,41,1457.2,1349,648,611,200,407,29,1544,59,2,54,6071,1.205,8.3,1.2,2.5,9.5,3.79,115
54,85,2016,TBR,AL,68,94,0.42,39,4.15,162,6046,5481,672,1333,288,32,216,647,60,37,449,1482,0.243,0.307,0.426,0.733,2333,88,69,18,28,20,1060,100,2016TBR,75,2016,TBR,AL,68,94,0.42,68,94,0.42,4.2,162,162,161,1,1,42,1426.1,1395,713,665,210,491,25,1357,32,7,61,6076,1.3219999999999998,8.8,1.3,3.1,8.6,2.76,96
55,88,2019,PHI,NL,81,81,0.5,56,4.78,162,6261,5571,774,1369,311,26,215,742,78,18,562,1453,0.24600000000000002,0.319,0.42700000000000005,0.746,2377,97,57,34,34,47,1129,92,2019PHI,57,2019,PHI,NL,81,81,0.5,81,81,0.5,4.53,162,162,159,3,1,36,1453.2,1452,794,732,258,546,38,1392,71,7,45,6274,1.374,9.0,1.6,3.4,8.6,2.55,98
56,89,2017,WSN,NL,97,65,0.599,49,5.06,162,6214,5553,819,1477,311,31,215,796,108,30,542,1327,0.266,0.332,0.449,0.782,2495,116,31,43,45,56,1101,99,2017WSN,27,2017,WSN,NL,97,65,0.599,97,65,0.599,3.88,162,162,159,3,1,46,1446.2,1300,672,624,189,495,39,1457,60,5,44,6068,1.2409999999999999,8.1,1.2,3.1,9.1,2.94,116
57,90,2016,TEX,AL,95,67,0.586,40,4.72,162,6089,5525,765,1446,257,23,215,746,99,36,436,1220,0.262,0.322,0.433,0.755,2394,114,70,18,40,23,1038,96,2016TEX,294,2016,TEX,AL,95,67,0.586,95,67,0.586,4.38,162,162,161,1,0,56,1443.0,1441,757,703,201,534,16,1154,53,5,45,6186,1.369,9.0,1.3,3.3,7.2,2.16,104
58,92,2018,LAA,AL,80,82,0.494,44,4.45,162,6108,5472,721,1323,249,23,214,690,89,22,514,1300,0.242,0.313,0.413,0.726,2260,111,73,7,39,38,1071,99,2018LAA,58,2018,LAA,AL,80,82,0.494,80,82,0.494,4.15,162,162,161,1,1,35,1437.1,1353,722,663,205,546,17,1386,65,3,87,6108,1.321,8.5,1.3,3.4,8.7,2.54,102
59,93,2012,BAL,AL,93,69,0.574,39,4.4,162,6160,5560,712,1375,270,16,214,677,58,29,480,1315,0.247,0.311,0.41700000000000004,0.728,2319,152,50,38,30,24,1027,97,2012BAL,263,2012,BAL,AL,93,69,0.574,93,69,0.574,3.9,162,162,161,1,1,55,1483.0,1433,705,642,184,481,36,1177,53,6,34,6278,1.291,8.7,1.1,2.9,7.1,2.45,109
60,97,2019,BAL,AL,54,108,0.33299999999999996,45,4.5,162,6189,5596,729,1379,252,25,213,698,84,30,462,1435,0.24600000000000002,0.31,0.415,0.725,2320,111,71,22,37,8,1063,92,2019BAL,168,2019,BAL,AL,54,108,0.33299999999999996,54,108,0.33299999999999996,5.67,162,162,162,0,0,27,1442.2,1544,981,909,305,561,11,1248,80,6,75,6396,1.459,9.6,1.9,3.5,7.8,2.22,83
61,100,2017,CLE,AL,102,60,0.63,36,5.05,162,6234,5511,818,1449,333,29,212,780,88,23,604,1153,0.263,0.33899999999999997,0.449,0.7879999999999999,2476,125,50,23,45,30,1158,104,2017CLE,6,2017,CLE,AL,102,60,0.63,102,60,0.63,3.3,162,162,155,7,3,37,1440.2,1267,564,529,163,406,15,1614,45,1,48,5866,1.161,7.9,1.0,2.5,10.1,3.98,138
62,101,2015,NYY,AL,87,75,0.537,49,4.72,162,6268,5567,764,1397,272,19,212,737,63,25,554,1227,0.251,0.32299999999999995,0.42100000000000004,0.7440000000000001,2343,105,63,24,54,23,1151,102,2015NYY,69,2015,NYY,AL,87,75,0.537,87,75,0.537,4.03,162,162,159,3,0,48,1457.2,1416,698,653,182,474,16,1370,56,4,78,6191,1.297,8.7,1.1,2.9,8.5,2.89,101
63,102,2013,BAL,AL,85,77,0.525,41,4.6,162,6144,5620,745,1460,298,14,212,719,79,29,416,1125,0.26,0.313,0.431,0.7440000000000001,2422,105,36,27,45,36,1053,101,2013BAL,272,2013,BAL,AL,85,77,0.525,85,77,0.525,4.2,162,162,160,2,1,57,1453.0,1438,709,678,202,473,32,1169,50,3,38,6144,1.315,8.9,1.3,2.9,7.2,2.47,98
64,103,2009,BOS,AL,95,67,0.586,43,5.38,162,6344,5543,872,1495,335,25,212,822,126,39,659,1120,0.27,0.35200000000000004,0.45399999999999996,0.8059999999999999,2516,137,70,19,51,39,1210,106,2009BOS,196,2009,BOS,AL,95,67,0.586,95,67,0.586,4.35,162,162,154,8,2,41,1436.2,1494,736,695,167,530,24,1230,68,5,42,6283,1.409,9.4,1.0,3.3,7.7,2.32,107
65,104,2001,CLE,AL,91,71,0.562,36,5.54,162,6357,5600,897,1559,294,37,212,868,79,41,577,1076,0.278,0.35,0.45799999999999996,0.807,2563,126,69,49,62,32,1136,111,2001CLE,215,2001,CLE,AL,91,71,0.562,91,71,0.562,4.65,162,162,159,3,0,42,1446.2,1512,821,747,148,573,44,1218,49,11,58,6312,1.4409999999999998,9.4,0.9,3.6,7.6,2.13,97
66,105,2016,DET,AL,86,75,0.534,36,4.66,161,6127,5526,750,1476,252,30,211,719,58,29,493,1303,0.267,0.331,0.43799999999999994,0.769,2421,135,53,17,38,32,1105,106,2016DET,190,2016,DET,AL,86,75,0.534,86,75,0.534,4.24,161,161,158,3,1,47,1428.0,1417,721,673,182,462,25,1232,51,4,44,6048,1.3159999999999998,8.9,1.1,2.9,7.8,2.67,101
67,106,2014,BAL,AL,96,66,0.593,39,4.35,162,6130,5596,705,1434,264,16,211,681,44,20,401,1285,0.256,0.311,0.42200000000000004,0.7340000000000001,2363,112,62,35,36,29,1088,104,2014BAL,267,2014,BAL,AL,96,66,0.593,96,66,0.593,3.44,162,162,159,3,2,53,1461.1,1342,593,558,151,472,25,1174,59,2,42,6104,1.2409999999999999,8.3,0.9,2.9,7.2,2.49,115
68,107,2012,CHW,AL,85,77,0.525,35,4.62,162,6111,5518,748,1409,228,29,211,726,109,43,461,1203,0.255,0.318,0.42200000000000004,0.74,2328,112,65,31,36,24,1038,98,2012CHW,173,2012,CHW,AL,85,77,0.525,85,77,0.525,4.02,162,162,156,6,2,37,1445.2,1365,676,646,186,503,29,1246,68,9,66,6098,1.2919999999999998,8.5,1.2,3.1,7.8,2.48,106
69,108,2010,BOS,AL,89,73,0.5489999999999999,43,5.05,162,6356,5646,818,1511,358,22,211,782,68,17,587,1140,0.268,0.33899999999999997,0.451,0.79,2546,130,47,29,46,43,1200,109,2010BOS,229,2010,BOS,AL,89,73,0.5489999999999999,89,73,0.5489999999999999,4.2,162,162,159,3,1,44,1456.2,1402,744,679,152,580,30,1207,53,3,58,6267,1.361,8.7,0.9,3.6,7.5,2.08,104
70,109,2000,LAD,NL,86,76,0.531,46,4.93,162,6312,5481,798,1408,265,28,211,756,95,42,668,1083,0.257,0.341,0.431,0.7709999999999999,2362,129,51,66,46,42,1188,99,2000LAD,297,2000,LAD,NL,86,76,0.531,86,76,0.531,4.1,162,162,153,9,3,36,1445.0,1379,729,659,176,600,22,1154,75,6,60,6249,1.37,8.6,1.1,3.7,7.2,1.92,106
71,110,2019,STL,NL,91,71,0.562,43,4.72,162,6167,5449,764,1336,246,24,210,714,116,29,561,1420,0.245,0.322,0.415,0.737,2260,110,76,40,39,15,1107,95,2019STL,48,2019,STL,NL,91,71,0.562,91,71,0.562,3.82,162,162,161,1,1,52,1444.1,1284,662,613,191,545,41,1399,69,4,46,6068,1.266,8.0,1.2,3.4,8.7,2.57,110
72,111,2018,COL,NL,91,72,0.5579999999999999,41,4.79,163,6178,5541,780,1418,280,42,210,748,95,33,507,1397,0.256,0.322,0.435,0.757,2412,114,51,42,37,38,1067,90,2018COL,43,2018,COL,NL,91,72,0.5579999999999999,91,72,0.5579999999999999,4.33,163,163,163,0,0,51,1452.1,1377,745,699,184,525,24,1409,52,8,70,6154,1.31,8.5,1.1,3.3,8.7,2.68,109
73,112,2011,TEX,AL,96,66,0.593,33,5.28,162,6261,5659,855,1599,310,32,210,807,143,45,475,930,0.28300000000000003,0.34,0.46,0.8,2603,135,39,39,49,35,1126,110,2011TEX,261,2011,TEX,AL,96,66,0.593,96,66,0.593,3.79,162,162,152,10,7,38,1441.1,1327,677,607,170,461,21,1179,46,6,43,6021,1.2409999999999999,8.3,1.1,2.9,7.4,2.56,117
74,114,2009,TOR,AL,75,87,0.46299999999999997,36,4.93,162,6362,5696,798,1516,339,13,209,766,73,23,548,1028,0.266,0.33299999999999996,0.44,0.773,2508,130,45,24,49,23,1195,102,2009TOR,258,2009,TOR,AL,75,87,0.46299999999999997,75,87,0.46299999999999997,4.46,162,162,152,10,4,25,1451.1,1509,771,720,181,551,26,1181,58,4,43,6281,1.419,9.4,1.1,3.4,7.3,2.14,100
75,116,2018,BOS,AL,108,54,0.667,40,5.41,162,6302,5623,876,1509,355,31,208,829,125,31,569,1253,0.268,0.33899999999999997,0.45299999999999996,0.792,2550,130,55,7,48,38,1124,112,2018BOS,11,2018,BOS,AL,108,54,0.667,108,54,0.667,3.75,162,162,160,2,0,46,1458.2,1305,647,608,176,512,8,1558,84,3,51,6166,1.246,8.1,1.1,3.2,9.6,3.04,118
76,117,2016,BOS,AL,93,69,0.574,43,5.42,162,6320,5670,878,1598,343,25,208,836,83,24,558,1160,0.282,0.348,0.461,0.81,2615,137,43,8,40,34,1162,112,2016BOS,73,2016,BOS,AL,93,69,0.574,93,69,0.574,4.0,162,162,153,9,1,43,1440.0,1342,694,640,176,490,16,1362,65,0,52,6073,1.272,8.4,1.1,3.1,8.5,2.78,112
77,119,2001,ARI,NL,92,70,0.568,47,5.05,162,6349,5595,818,1494,284,35,208,776,71,38,587,1052,0.267,0.341,0.442,0.7829999999999999,2472,105,57,71,36,73,1183,94,2001ARI,121,2001,ARI,NL,92,70,0.568,92,70,0.568,3.88,162,162,150,12,5,34,1459.2,1352,677,629,195,461,30,1297,59,6,45,6090,1.242,8.3,1.2,2.8,8.0,2.81,121
78,120,2001,HOU,NL,93,69,0.574,45,5.23,162,6325,5528,847,1500,313,29,208,805,64,49,581,1119,0.271,0.34700000000000003,0.451,0.7979999999999999,2495,128,89,71,56,52,1151,100,2001HOU,199,2001,HOU,NL,93,69,0.574,93,69,0.574,4.39,162,162,155,7,1,48,1454.2,1453,769,709,221,486,22,1228,70,3,42,6236,1.3330000000000002,9.0,1.4,3.0,7.6,2.53,106
79,122,2017,MIN,AL,85,77,0.525,34,5.03,162,6261,5557,815,1444,286,31,206,781,95,28,593,1342,0.26,0.33399999999999996,0.434,0.768,2410,105,46,26,39,26,1147,104,2017MIN,276,2017,MIN,AL,85,77,0.525,85,77,0.525,4.6,162,162,156,6,3,42,1436.0,1487,788,734,224,483,37,1166,69,8,52,6205,1.3719999999999999,9.3,1.4,3.0,7.3,2.41,97
80,123,2001,LAD,NL,86,76,0.531,41,4.68,162,6169,5493,758,1399,264,27,206,714,89,42,519,1062,0.255,0.32299999999999995,0.425,0.748,2335,115,56,57,44,45,1075,99,2001LAD,222,2001,LAD,NL,86,76,0.531,86,76,0.531,4.25,162,162,159,3,1,46,1450.2,1387,744,685,184,524,37,1212,72,11,44,6201,1.317,8.6,1.1,3.3,7.5,2.31,94
81,124,2018,HOU,AL,103,59,0.636,36,4.92,162,6146,5453,797,1390,278,18,205,763,71,26,565,1197,0.255,0.32899999999999996,0.425,0.754,2319,156,61,14,45,19,1052,106,2018HOU,1,2018,HOU,AL,103,59,0.636,103,59,0.636,3.11,162,162,159,3,2,46,1455.0,1164,534,503,152,435,4,1687,66,4,67,5913,1.099,7.2,0.9,2.7,10.4,3.88,134
82,125,2018,STL,NL,88,74,0.5429999999999999,49,4.69,162,6200,5498,759,1369,248,9,205,725,63,32,525,1380,0.249,0.321,0.409,0.73,2250,92,80,46,48,40,1101,99,2018STL,85,2018,STL,NL,88,74,0.5429999999999999,88,74,0.5429999999999999,3.85,162,162,161,1,1,43,1455.2,1354,691,623,144,593,49,1337,67,4,63,6271,1.338,8.4,0.9,3.7,8.3,2.25,101
83,128,2016,COL,NL,75,87,0.46299999999999997,47,5.22,162,6236,5614,845,1544,318,47,204,805,66,39,494,1330,0.275,0.336,0.457,0.794,2568,113,40,54,34,35,1089,97,2016COL,203,2016,COL,NL,75,87,0.46299999999999997,75,87,0.46299999999999997,4.92,162,162,160,2,2,37,1429.2,1532,860,781,181,547,38,1223,70,5,72,6289,1.454,9.6,1.1,3.4,7.7,2.24,99
84,130,2016,WSN,NL,95,67,0.586,43,4.71,162,6201,5490,763,1403,268,29,203,735,121,39,536,1252,0.256,0.326,0.426,0.7509999999999999,2338,102,64,48,63,49,1105,96,2016WSN,23,2016,WSN,NL,95,67,0.586,95,67,0.586,3.52,162,162,161,1,0,46,1459.2,1272,612,571,155,468,43,1476,57,4,47,6036,1.192,7.8,1.0,2.9,9.1,3.15,122
85,131,2011,BOS,AL,90,72,0.556,36,5.4,162,6414,5710,875,1600,352,35,203,842,102,42,578,1108,0.28,0.349,0.461,0.81,2631,136,50,22,50,52,1190,116,2011BOS,220,2011,BOS,AL,90,72,0.556,90,72,0.556,4.2,162,162,160,2,1,36,1457.1,1366,737,680,156,540,11,1213,90,7,58,6242,1.308,8.4,1.0,3.3,7.5,2.25,103
86,134,2001,NYY,AL,95,65,0.594,40,4.99,161,6233,5577,804,1488,289,20,203,774,161,53,519,1035,0.267,0.33399999999999996,0.435,0.769,2426,119,64,30,43,38,1123,100,2001NYY,146,2001,NYY,AL,95,65,0.594,95,65,0.594,4.04,161,161,154,7,3,57,1451.2,1429,713,651,158,465,29,1266,55,6,54,6174,1.305,8.9,1.0,2.9,7.8,2.72,112
87,135,2012,MIL,NL,83,79,0.512,46,4.79,162,6225,5557,776,1442,300,39,202,741,158,39,466,1240,0.259,0.325,0.43700000000000006,0.762,2426,111,90,76,35,35,1104,101,2012MIL,47,2012,MIL,NL,83,79,0.512,83,79,0.512,4.22,162,162,162,0,0,44,1453.2,1458,733,682,169,525,20,1402,31,5,57,6245,1.364,9.0,1.0,3.3,8.7,2.67,98
88,137,2010,NYY,AL,95,67,0.586,37,5.3,162,6379,5567,859,1485,275,32,201,823,103,30,662,1136,0.267,0.35,0.436,0.7859999999999999,2427,124,73,33,44,36,1228,108,2010NYY,295,2010,NYY,AL,95,67,0.586,95,67,0.586,4.06,162,162,159,3,0,39,1442.1,1349,693,651,179,540,37,1154,62,6,69,6102,1.31,8.4,1.1,3.4,7.2,2.14,107
89,141,2017,SEA,AL,78,84,0.48100000000000004,41,4.63,162,6166,5551,750,1436,281,17,200,714,89,35,487,1267,0.259,0.325,0.424,0.7490000000000001,2351,131,78,14,35,31,1084,103,2017SEA,174,2017,SEA,AL,78,84,0.48100000000000004,78,84,0.48100000000000004,4.45,162,162,161,1,0,39,1440.2,1399,772,713,237,490,28,1244,53,7,73,6132,1.311,8.7,1.5,3.1,7.8,2.54,94
90,142,2016,MIN,AL,59,103,0.364,42,4.46,162,6245,5618,722,1409,288,35,200,690,91,32,513,1426,0.251,0.316,0.42100000000000004,0.738,2367,96,44,27,43,24,1124,98,2016MIN,243,2016,MIN,AL,59,103,0.364,59,103,0.364,5.09,162,162,158,4,1,26,1443.0,1617,889,816,221,479,26,1191,41,7,83,6314,1.453,10.1,1.4,3.0,7.4,2.49,83
91,143,2012,TEX,AL,93,69,0.574,32,4.99,162,6216,5590,808,1526,303,32,200,780,91,44,478,1103,0.273,0.33399999999999996,0.446,0.78,2493,121,57,36,53,44,1113,105,2012TEX,132,2012,TEX,AL,93,69,0.574,93,69,0.574,4.02,162,162,155,7,2,43,1441.2,1378,707,644,175,446,15,1286,41,8,53,6067,1.265,8.6,1.1,2.8,8.0,2.88,109
92,145,2006,NYM,NL,97,65,0.599,49,5.15,162,6291,5558,834,1469,323,41,200,800,146,35,547,1071,0.264,0.33399999999999996,0.445,0.78,2474,114,62,77,47,63,1115,100,2006NYM,284,2006,NYM,NL,97,65,0.599,97,65,0.599,4.16,162,162,157,5,3,43,1461.1,1402,731,675,180,527,39,1161,62,5,37,6240,1.32,8.6,1.1,3.2,7.2,2.2,106
93,147,2002,CHC,NL,67,95,0.414,44,4.36,162,6242,5496,706,1351,259,29,200,676,63,21,585,1269,0.24600000000000002,0.321,0.413,0.7340000000000001,2268,117,44,78,39,52,1173,94,2002CHC,89,2002,CHC,NL,67,95,0.414,67,95,0.414,4.31,162,162,151,11,3,23,1441.1,1373,759,690,167,606,53,1333,58,2,44,6236,1.3730000000000002,8.6,1.0,3.8,8.3,2.2,94
94,149,2016,CHC,NL,103,58,0.64,45,4.99,162,6335,5503,808,1409,293,30,199,767,66,34,656,1339,0.256,0.34299999999999997,0.429,0.772,2359,107,96,42,37,45,1217,104,2016CHC,33,2016,CHC,NL,103,58,0.64,103,58,0.64,3.15,162,162,157,5,2,38,1459.2,1125,556,511,163,495,24,1441,63,0,80,5933,1.11,6.9,1.0,3.1,8.9,2.91,133
95,155,2016,HOU,AL,84,78,0.519,38,4.47,162,6204,5545,724,1367,291,29,198,689,102,44,554,1452,0.247,0.319,0.41700000000000004,0.735,2310,134,47,27,31,31,1086,103,2016HOU,51,2016,HOU,AL,84,78,0.519,84,78,0.519,4.06,162,162,160,2,1,44,1468.0,1441,701,663,181,453,19,1396,39,2,98,6180,1.29,8.8,1.1,2.8,8.6,3.08,97
96,156,2015,SEA,AL,76,86,0.469,43,4.05,162,6131,5544,656,1379,262,22,198,624,69,45,478,1336,0.249,0.311,0.41100000000000003,0.722,2279,123,36,38,35,31,1080,101,2015SEA,134,2015,SEA,AL,76,86,0.469,76,86,0.469,4.16,162,162,156,6,5,45,1463.0,1430,726,677,181,491,41,1283,70,5,72,6223,1.3130000000000002,8.8,1.1,3.0,7.9,2.61,92
97,161,2001,BOS,AL,82,79,0.509,39,4.8,161,6264,5605,772,1493,316,29,198,739,46,35,520,1131,0.266,0.33399999999999996,0.439,0.773,2461,132,70,28,41,50,1161,101,2001BOS,155,2001,BOS,AL,82,79,0.509,82,79,0.509,4.18,161,161,158,3,2,48,1448.1,1412,745,672,146,544,50,1259,93,7,54,6272,1.351,8.8,0.9,3.4,7.8,2.31,108
98,162,2000,NYM,NL,94,68,0.58,47,4.98,162,6328,5486,807,1445,281,20,198,761,66,46,675,1037,0.263,0.34600000000000003,0.43,0.7759999999999999,2360,122,45,70,51,42,1214,98,2000NYM,283,2000,NYM,NL,94,68,0.58,94,68,0.58,4.16,162,162,154,8,2,49,1450.1,1398,738,671,164,574,42,1164,60,7,34,6276,1.36,8.7,1.0,3.6,7.2,2.03,107
99,164,2017,STL,NL,83,79,0.512,48,4.7,162,6219,5470,761,1402,284,28,196,728,81,31,593,1348,0.256,0.33399999999999996,0.426,0.76,2330,139,65,47,44,36,1118,99,2017STL,78,2017,STL,NL,83,79,0.512,83,79,0.512,4.02,162,162,159,3,3,43,1450.0,1393,705,647,183,493,50,1351,67,0,38,6153,1.301,8.6,1.1,3.1,8.4,2.74,106
100,171,2017,MIA,NL,77,85,0.475,43,4.8,162,6248,5602,778,1497,271,31,194,743,91,30,486,1282,0.267,0.331,0.431,0.7609999999999999,2412,119,67,50,41,48,1130,107,2017MIA,234,2017,MIA,NL,77,85,0.475,77,85,0.475,4.82,162,162,161,1,1,34,1442.2,1450,822,772,193,627,59,1202,75,3,57,6318,1.44,9.0,1.2,3.9,7.5,1.92,83
101,172,2016,MIL,NL,73,89,0.451,50,4.14,162,6061,5330,671,1299,249,19,194,641,181,56,599,1543,0.244,0.322,0.40700000000000003,0.7290000000000001,2168,131,37,53,39,34,1071,92,2016MIL,266,2016,MIL,NL,73,89,0.451,73,89,0.451,4.1,162,162,162,0,0,46,1434.2,1450,733,653,178,532,33,1175,66,2,48,6188,1.382,9.1,1.1,3.3,7.4,2.21,105
102,173,2012,WSN,NL,98,64,0.605,43,4.51,162,6221,5615,731,1468,301,25,194,688,105,35,479,1325,0.261,0.322,0.428,0.75,2401,110,41,50,36,43,1127,101,2012WSN,96,2012,WSN,NL,98,64,0.605,98,64,0.605,3.34,162,162,159,3,1,51,1468.1,1296,594,545,129,497,32,1325,47,4,62,6133,1.2209999999999999,7.9,0.8,3.0,8.1,2.67,120
103,175,2005,CHC,NL,79,83,0.488,46,4.34,162,6161,5584,703,1506,323,23,194,674,65,39,419,920,0.27,0.324,0.44,0.764,2457,131,50,69,37,49,1133,95,2005CHC,161,2005,CHC,NL,79,83,0.488,79,83,0.488,4.19,162,162,154,8,2,39,1440.0,1357,714,671,186,576,48,1256,50,7,57,6185,1.3419999999999999,8.5,1.2,3.6,7.9,2.18,105
104,177,2001,CHC,NL,88,74,0.5429999999999999,43,4.8,162,6219,5406,777,1409,268,32,194,748,67,36,577,1077,0.261,0.336,0.43,0.7659999999999999,2323,132,66,117,53,72,1156,101,2001CHC,81,2001,CHC,NL,88,74,0.5429999999999999,88,74,0.5429999999999999,4.03,162,162,154,8,2,41,1437.0,1357,701,643,164,550,43,1344,50,5,48,6159,1.327,8.5,1.0,3.4,8.4,2.44,103
105,178,2017,KCR,AL,80,82,0.494,40,4.33,162,6027,5536,702,1436,260,24,193,660,91,31,390,1166,0.259,0.311,0.42,0.731,2323,160,45,17,37,19,1005,93,2017KCR,216,2017,KCR,AL,80,82,0.494,80,82,0.494,4.63,162,162,161,1,1,39,1437.2,1480,791,740,196,519,24,1216,52,6,48,6218,1.39,9.3,1.2,3.2,7.6,2.34,97
106,179,2017,COL,NL,87,75,0.537,41,5.09,162,6201,5534,824,1510,293,38,192,793,59,34,519,1408,0.273,0.33799999999999997,0.444,0.7809999999999999,2455,143,44,62,41,46,1088,90,2017COL,142,2017,COL,NL,87,75,0.537,87,75,0.537,4.51,162,162,161,1,1,47,1437.2,1453,757,721,190,532,20,1270,50,10,69,6177,1.381,9.1,1.2,3.3,8.0,2.39,112
107,182,2018,WSN,NL,82,80,0.506,53,4.76,162,6288,5517,771,1402,284,25,191,737,119,33,631,1289,0.254,0.335,0.419,0.753,2309,104,59,41,40,56,1180,98,2018WSN,42,2018,WSN,NL,82,80,0.506,82,80,0.506,4.04,162,162,160,2,1,40,1446.0,1320,682,649,198,487,37,1417,76,6,42,6087,1.25,8.2,1.2,3.0,8.8,2.91,106
108,187,2016,ARI,NL,69,93,0.426,50,4.64,162,6260,5665,752,1479,285,56,190,709,137,31,463,1427,0.261,0.32,0.43200000000000005,0.752,2446,117,50,43,38,43,1113,93,2016ARI,97,2016,ARI,NL,69,93,0.426,69,93,0.426,5.09,162,162,160,2,2,31,1451.1,1563,890,821,202,603,57,1318,57,7,69,6437,1.492,9.7,1.3,3.7,8.2,2.19,88
109,188,2009,COL,NL,92,70,0.568,45,4.96,162,6241,5398,804,1408,300,50,190,760,106,55,660,1277,0.261,0.34299999999999997,0.441,0.784,2378,111,47,76,60,40,1147,96,2009COL,296,2009,COL,NL,92,70,0.568,92,70,0.568,4.24,162,162,157,5,2,45,1438.2,1427,715,677,141,528,51,1154,46,5,48,6171,1.359,8.9,0.9,3.3,7.2,2.19,112
110,192,2017,SDP,NL,71,91,0.43799999999999994,52,3.73,162,5954,5356,604,1251,227,31,189,576,89,33,460,1499,0.23399999999999999,0.299,0.39299999999999996,0.6920000000000001,2107,99,53,52,33,20,1037,83,2017SDP,95,2017,SDP,NL,71,91,0.43799999999999994,71,91,0.43799999999999994,4.7,162,162,160,2,1,45,1430.1,1417,816,747,226,554,28,1325,75,11,73,6169,1.3780000000000001,8.9,1.4,3.5,8.3,2.39,90
111,193,2016,LAD,NL,91,71,0.562,55,4.48,162,6164,5518,725,1376,272,21,189,680,45,26,525,1321,0.249,0.319,0.409,0.728,2257,120,58,30,32,31,1106,95,2016LAD,19,2016,LAD,NL,91,71,0.562,91,71,0.562,3.7,162,162,159,3,3,47,1453.1,1266,638,598,165,464,51,1510,53,5,58,6014,1.19,7.8,1.0,2.9,9.4,3.25,109
112,196,2018,BAL,AL,47,115,0.29,45,3.84,162,6034,5507,622,1317,242,15,188,593,81,22,422,1412,0.239,0.298,0.391,0.6890000000000001,2153,132,57,13,35,19,1027,89,2018BAL,232,2018,BAL,AL,47,115,0.29,47,115,0.29,5.19,162,162,160,2,0,28,1431.0,1552,892,825,234,589,29,1203,67,8,81,6340,1.496,9.8,1.5,3.7,7.6,2.04,83
113,197,2013,SEA,AL,71,91,0.43799999999999994,41,3.85,162,6172,5558,624,1318,249,17,188,597,49,23,529,1353,0.237,0.306,0.39,0.695,2165,122,31,26,28,21,1131,98,2013SEA,120,2013,SEA,AL,71,91,0.43799999999999994,71,91,0.43799999999999994,4.32,162,162,158,4,2,43,1465.0,1467,754,703,174,478,48,1297,42,1,74,6257,1.328,9.0,1.1,2.9,8.0,2.71,86
114,199,2017,DET,AL,64,98,0.395,37,4.54,162,6150,5556,735,1435,289,35,187,699,65,34,503,1313,0.258,0.324,0.424,0.748,2355,128,52,11,27,21,1104,98,2017DET,233,2017,DET,AL,64,98,0.395,64,98,0.395,5.36,162,162,160,2,1,32,1420.1,1587,894,846,218,538,42,1202,61,4,53,6298,1.496,10.1,1.4,3.4,7.6,2.23,84
115,200,2015,LAD,NL,92,70,0.568,55,4.12,162,6090,5385,667,1346,263,26,187,638,59,34,563,1258,0.25,0.326,0.413,0.7390000000000001,2222,135,60,49,30,31,1121,106,2015LAD,53,2015,LAD,NL,92,70,0.568,92,70,0.568,3.46,162,162,156,6,3,47,1445.2,1317,595,555,145,395,32,1396,38,10,52,5932,1.1840000000000002,8.2,0.9,2.5,8.7,3.53,107
116,201,2012,LAA,AL,89,73,0.5489999999999999,35,4.73,162,6121,5536,767,1518,273,22,187,732,134,33,449,1113,0.27399999999999997,0.332,0.433,0.764,2396,138,47,47,41,29,1079,114,2012LAA,291,2012,LAA,AL,89,73,0.5489999999999999,89,73,0.5489999999999999,4.02,162,162,156,6,5,38,1433.1,1339,699,640,186,483,20,1157,40,2,38,6034,1.271,8.4,1.2,3.0,7.3,2.4,95
117,202,2008,CIN,NL,74,88,0.457,48,4.35,162,6188,5465,704,1351,269,24,187,677,85,47,560,1125,0.247,0.321,0.408,0.7290000000000001,2229,101,50,72,41,50,1138,89,2008CIN,201,2008,CIN,NL,74,88,0.457,74,88,0.457,4.55,162,162,160,2,1,34,1442.0,1542,800,729,201,557,40,1227,67,7,52,6352,1.456,9.6,1.3,3.5,7.7,2.2,97
118,203,2007,TBD,AL,66,96,0.40700000000000003,36,4.83,162,6280,5593,782,1500,291,36,187,750,131,48,545,1324,0.268,0.336,0.433,0.769,2424,119,53,34,52,31,1166,103,2007TBD,240,2007,TBD,AL,66,96,0.40700000000000003,66,96,0.40700000000000003,5.53,162,162,160,2,1,28,1429.2,1649,944,879,199,568,31,1194,63,2,55,6403,1.551,10.4,1.3,3.6,7.5,2.1,82
119,204,2004,HOU,NL,92,70,0.568,42,4.96,162,6269,5468,803,1458,294,36,187,756,89,30,590,999,0.267,0.342,0.436,0.778,2385,128,61,98,52,54,1175,99,2004HOU,135,2004,HOU,NL,92,70,0.568,92,70,0.568,4.05,162,162,160,2,2,47,1443.0,1416,698,650,174,525,61,1282,68,3,45,6201,1.345,8.8,1.1,3.3,8.0,2.44,107
120,206,2018,PHI,NL,80,82,0.494,48,4.18,162,6136,5424,677,1270,241,30,186,653,69,26,582,1520,0.23399999999999999,0.314,0.39299999999999996,0.7070000000000001,2129,102,64,32,32,33,1120,89,2018PHI,25,2018,PHI,NL,80,82,0.494,80,82,0.494,4.15,162,162,162,0,0,44,1445.2,1366,728,666,171,500,35,1465,60,7,81,6138,1.291,8.5,1.1,3.1,9.1,2.93,100
121,207,2017,CHW,AL,67,95,0.414,39,4.36,162,6059,5513,706,1412,256,37,186,670,71,31,401,1397,0.256,0.314,0.41700000000000004,0.731,2300,124,76,35,33,17,1055,96,2017CHW,241,2017,CHW,AL,67,95,0.414,67,95,0.414,4.78,162,162,162,0,0,25,1421.2,1384,820,755,242,632,36,1193,68,5,67,6200,1.4180000000000001,8.8,1.5,4.0,7.6,1.89,90
122,208,2017,LAA,AL,80,82,0.494,42,4.38,162,6073,5415,710,1314,251,14,186,678,136,44,523,1198,0.243,0.315,0.397,0.7120000000000001,2151,141,70,17,46,30,1033,92,2017LAA,105,2017,LAA,AL,80,82,0.494,80,82,0.494,4.2,162,162,161,1,1,43,1440.2,1373,709,672,224,470,25,1312,44,6,57,6030,1.2790000000000001,8.6,1.4,2.9,8.2,2.79,102
123,211,2013,OAK,AL,96,66,0.593,41,4.73,162,6209,5521,767,1403,301,25,186,725,74,28,573,1178,0.254,0.327,0.419,0.745,2312,108,45,21,49,29,1126,107,2013OAK,255,2013,OAK,AL,96,66,0.593,96,66,0.593,3.56,162,162,156,6,4,46,1452.0,1339,625,574,163,428,23,1183,35,1,56,6069,1.217,8.3,1.0,2.7,7.3,2.76,109
124,212,2011,TOR,AL,81,81,0.5,38,4.59,162,6210,5559,743,1384,285,34,186,704,131,52,525,1184,0.249,0.317,0.413,0.73,2295,108,48,31,47,41,1090,96,2011TOR,273,2011,TOR,AL,81,81,0.5,81,81,0.5,4.33,162,162,155,7,3,33,1458.2,1433,761,701,179,540,28,1169,77,3,73,6286,1.3530000000000002,8.8,1.1,3.3,7.2,2.16,99
125,213,2016,CLE,AL,94,67,0.584,39,4.83,161,6155,5484,777,1435,308,29,185,733,134,31,531,1246,0.262,0.32899999999999996,0.43,0.759,2356,137,49,31,60,16,1084,96,2016CLE,50,2016,CLE,AL,94,67,0.584,94,67,0.584,3.86,161,161,156,5,3,37,1445.0,1330,676,619,186,461,34,1398,34,7,49,6033,1.239,8.3,1.2,2.9,8.7,3.03,118
126,214,2013,TOR,AL,74,88,0.457,41,4.4,162,6152,5537,712,1398,273,24,185,669,112,41,510,1123,0.252,0.318,0.41100000000000003,0.7290000000000001,2274,133,38,29,38,19,1065,99,2013TOR,228,2013,TOR,AL,74,88,0.457,74,88,0.457,4.26,162,162,158,4,2,39,1452.0,1451,756,688,195,500,33,1208,65,7,54,6250,1.344,9.0,1.2,3.1,7.5,2.42,97
127,215,2011,MIL,NL,96,66,0.593,48,4.45,162,6113,5447,721,1422,276,31,185,693,94,31,481,1083,0.261,0.325,0.425,0.75,2315,114,56,85,44,53,1110,102,2011MIL,159,2011,MIL,NL,96,66,0.593,96,66,0.593,3.64,162,162,161,1,1,47,1442.0,1348,638,583,147,440,16,1257,33,5,70,6048,1.24,8.4,0.9,2.7,7.8,2.86,109
128,218,2008,CHC,NL,97,64,0.602,42,5.31,161,6384,5588,855,1552,329,21,184,811,87,34,636,1186,0.278,0.354,0.44299999999999995,0.797,2475,134,50,65,45,48,1237,103,2008CHC,149,2008,CHC,NL,97,64,0.602,97,64,0.602,3.87,161,161,159,2,1,44,1451.0,1329,671,624,160,548,45,1264,65,7,48,6194,1.294,8.2,1.0,3.4,7.8,2.31,118
129,223,2016,NYY,AL,84,78,0.519,42,4.2,162,6059,5458,680,1378,245,20,183,647,72,22,475,1188,0.252,0.315,0.405,0.72,2212,121,42,21,49,19,1098,91,2016NYY,55,2016,NYY,AL,84,78,0.519,84,78,0.519,4.16,162,162,162,0,0,48,1428.1,1358,702,661,214,444,15,1393,57,2,52,6023,1.262,8.6,1.3,2.8,8.8,3.14,104
130,229,2019,CHW,AL,72,89,0.447,40,4.4,161,6042,5529,708,1443,260,20,182,676,63,28,378,1549,0.261,0.314,0.414,0.728,2289,114,66,36,32,13,1071,92,2019CHW,104,2019,CHW,AL,72,89,0.447,72,89,0.447,4.9,161,161,155,6,2,33,1413.0,1438,832,770,238,582,30,1312,51,5,71,6159,1.43,9.2,1.5,3.7,8.4,2.25,94
131,230,2018,CHW,AL,62,100,0.38299999999999995,38,4.05,162,6071,5523,656,1332,259,40,182,639,98,41,425,1594,0.24100000000000002,0.302,0.401,0.703,2217,99,66,24,32,18,1050,93,2018CHW,154,2018,CHW,AL,62,100,0.38299999999999995,62,100,0.38299999999999995,4.85,162,162,162,0,0,34,1437.0,1404,848,774,196,653,25,1259,89,9,94,6339,1.431,8.8,1.2,4.1,7.9,1.93,88
132,231,2010,MIL,NL,77,85,0.475,43,4.63,162,6304,5606,750,1471,293,33,182,710,81,26,546,1216,0.262,0.335,0.424,0.759,2376,115,81,35,35,35,1220,103,2010MIL,158,2010,MIL,NL,77,85,0.475,77,85,0.475,4.59,162,162,159,3,3,35,1439.0,1487,804,734,173,582,42,1258,48,3,71,6324,1.4380000000000002,9.3,1.1,3.6,7.9,2.16,88
133,235,2013,ATL,NL,96,66,0.593,44,4.25,162,6133,5441,688,1354,247,21,181,656,64,31,542,1384,0.249,0.321,0.402,0.723,2186,119,55,58,35,36,1132,99,2013ATL,192,2013,ATL,NL,96,66,0.593,96,66,0.593,3.18,162,162,161,1,0,53,1450.1,1326,548,512,127,409,35,1232,51,3,50,5989,1.196,8.2,0.8,2.5,7.6,3.01,118
134,242,2000,ARI,NL,85,77,0.525,41,4.89,162,6241,5527,792,1466,282,44,179,756,97,44,535,975,0.265,0.33299999999999996,0.429,0.763,2373,114,59,61,58,37,1128,88,2000ARI,209,2000,ARI,NL,85,77,0.525,85,77,0.525,4.36,162,162,146,16,4,38,1443.2,1441,754,700,190,500,53,1220,42,10,30,6158,1.344,9.0,1.2,3.1,7.6,2.44,110
135,244,2013,BOS,AL,97,65,0.599,38,5.27,162,6382,5651,853,1566,363,29,178,819,123,19,581,1308,0.27699999999999997,0.349,0.446,0.795,2521,137,72,24,50,51,1212,116,2013BOS,124,2013,BOS,AL,97,65,0.599,97,65,0.599,3.8,162,162,157,5,2,33,1453.2,1366,656,613,156,524,10,1294,47,5,47,6143,1.3,8.5,1.0,3.2,8.0,2.47,109
136,248,2016,SDP,NL,68,94,0.42,58,4.23,162,6001,5419,686,1275,257,26,177,654,125,45,449,1500,0.235,0.299,0.39,0.6890000000000001,2115,93,58,36,36,30,965,86,2016SDP,204,2016,SDP,NL,68,94,0.42,68,94,0.42,4.44,162,162,161,1,0,35,1440.0,1425,770,711,183,569,44,1222,53,3,67,6228,1.385,8.9,1.1,3.6,7.6,2.15,90
137,249,2015,NYM,NL,90,72,0.556,48,4.22,162,6145,5527,683,1351,295,17,177,654,51,25,488,1290,0.244,0.312,0.4,0.7120000000000001,2211,130,68,29,32,42,1098,96,2015NYM,86,2015,NYM,NL,90,72,0.556,90,72,0.556,3.45,162,162,161,1,1,50,1462.2,1341,613,561,152,383,43,1337,44,2,46,6046,1.179,8.3,0.9,2.4,8.2,3.49,111
138,250,2015,WSN,NL,83,79,0.512,44,4.34,162,6117,5428,703,1363,265,13,177,665,57,23,539,1344,0.251,0.321,0.40299999999999997,0.7240000000000001,2185,129,44,55,51,38,1114,96,2015WSN,82,2015,WSN,NL,83,79,0.512,83,79,0.512,3.62,162,162,158,4,3,41,1434.2,1366,635,577,145,364,37,1342,55,4,39,5975,1.206,8.6,0.9,2.3,8.4,3.69,110
139,251,2014,TOR,AL,83,79,0.512,47,4.46,162,6167,5549,723,1435,282,24,177,690,78,21,502,1151,0.259,0.32299999999999995,0.414,0.736,2296,128,41,35,40,27,1122,108,2014TOR,238,2014,TOR,AL,83,79,0.512,83,79,0.512,4.0,162,162,159,3,2,45,1443.0,1400,686,642,151,490,23,1199,57,5,43,6150,1.31,8.7,0.9,3.1,7.5,2.45,95
140,255,2002,BOS,AL,93,69,0.574,32,5.3,162,6332,5640,859,1560,348,33,177,810,80,28,545,944,0.27699999999999997,0.345,0.444,0.789,2505,139,72,22,53,39,1175,106,2002BOS,292,2002,BOS,AL,93,69,0.574,93,69,0.574,3.75,162,162,157,5,3,51,1445.2,1339,665,603,146,430,29,1157,84,6,31,6049,1.224,8.3,0.9,2.7,7.2,2.69,122
141,258,2018,ARI,NL,82,80,0.506,49,4.28,162,6157,5460,693,1283,259,50,176,658,79,25,560,1460,0.235,0.31,0.397,0.7070000000000001,2170,110,52,38,45,36,1086,86,2018ARI,29,2018,ARI,NL,82,80,0.506,82,80,0.506,3.73,162,162,160,2,1,39,1463.0,1313,644,606,174,522,43,1448,57,5,69,6139,1.254,8.1,1.1,3.2,8.9,2.77,113
142,259,2018,SEA,AL,89,73,0.5489999999999999,41,4.18,162,6087,5513,677,1402,256,32,176,644,79,37,430,1221,0.254,0.314,0.408,0.722,2250,128,70,29,41,17,1084,102,2018SEA,94,2018,SEA,AL,89,73,0.5489999999999999,89,73,0.5489999999999999,4.13,162,162,159,3,1,60,1448.2,1396,711,664,195,400,21,1328,72,3,57,6073,1.24,8.7,1.2,2.5,8.3,3.32,99
143,260,2015,LAA,AL,85,77,0.525,43,4.08,162,5990,5417,661,1331,243,21,176,621,52,34,435,1150,0.24600000000000002,0.307,0.396,0.7020000000000001,2144,116,58,37,40,34,1013,97,2015LAA,206,2015,LAA,AL,85,77,0.525,85,77,0.525,3.94,162,162,160,2,2,46,1440.2,1355,675,631,166,466,45,1221,71,4,61,6096,1.264,8.5,1.0,2.9,7.6,2.62,96
144,261,2013,DET,AL,93,69,0.574,37,4.91,162,6388,5735,796,1625,292,23,176,767,35,20,531,1073,0.28300000000000003,0.34600000000000003,0.434,0.78,2491,146,43,32,47,40,1250,111,2013DET,38,2013,DET,AL,93,69,0.574,93,69,0.574,3.61,162,162,159,3,1,39,1462.2,1369,624,587,128,462,29,1428,42,7,63,6119,1.252,8.4,0.8,2.8,8.8,3.09,116
145,262,2013,TEX,AL,91,72,0.5579999999999999,37,4.48,163,6196,5585,730,1465,262,23,176,691,149,46,462,1067,0.262,0.32299999999999995,0.41200000000000003,0.735,2301,124,61,45,42,26,1110,100,2013TEX,110,2013,TEX,AL,91,72,0.5579999999999999,91,72,0.5579999999999999,3.63,163,163,159,4,2,46,1463.1,1370,636,590,157,498,35,1309,48,5,68,6146,1.2770000000000001,8.4,1.0,3.1,8.1,2.63,114
146,266,2018,ATL,NL,90,72,0.556,58,4.69,162,6251,5582,759,1433,314,29,175,717,90,36,511,1290,0.257,0.324,0.41700000000000004,0.742,2330,99,66,49,43,53,1143,98,2018ATL,40,2018,ATL,NL,90,72,0.556,90,72,0.556,3.75,162,162,160,2,1,40,1456.2,1236,657,607,153,635,43,1423,52,8,61,6155,1.284,7.6,0.9,3.9,8.8,2.24,110
147,267,2012,TBR,AL,90,72,0.556,38,4.3,162,6105,5398,697,1293,250,30,175,665,134,44,571,1323,0.24,0.317,0.39399999999999996,0.711,2128,133,58,34,42,26,1058,99,2012TBR,60,2012,TBR,AL,90,72,0.556,90,72,0.556,3.19,162,162,155,7,4,50,1459.2,1233,577,518,139,469,35,1383,54,4,59,6000,1.166,7.6,0.9,2.9,8.5,2.95,121
148,269,2005,MIL,NL,81,81,0.5,39,4.48,162,6156,5448,726,1413,327,19,175,689,79,34,531,1162,0.259,0.331,0.423,0.754,2303,137,73,66,38,55,1120,97,2005MIL,269,2005,MIL,NL,81,81,0.5,81,81,0.5,3.98,162,162,155,7,2,46,1438.0,1382,697,636,169,569,52,1173,45,8,66,6208,1.357,8.6,1.1,3.6,7.3,2.06,108
149,272,2017,PHI,NL,66,96,0.40700000000000003,51,4.26,162,6133,5535,690,1382,287,36,174,654,59,25,494,1417,0.25,0.315,0.409,0.723,2263,128,47,21,36,25,1079,89,2017PHI,108,2017,PHI,NL,66,96,0.40700000000000003,66,96,0.40700000000000003,4.57,162,162,161,1,0,33,1441.0,1471,782,731,221,527,39,1309,63,11,50,6235,1.3869999999999998,9.2,1.4,3.3,8.2,2.48,95
150,274,2006,HOU,NL,82,80,0.506,39,4.54,162,6326,5521,735,1407,275,27,174,708,79,36,585,1076,0.255,0.332,0.409,0.741,2258,122,73,100,46,54,1191,89,2006HOU,287,2006,HOU,NL,82,80,0.506,82,80,0.506,4.09,162,162,157,5,2,42,1468.2,1425,719,668,182,480,65,1160,54,2,44,6219,1.297,8.7,1.1,2.9,7.1,2.42,109
151,276,2011,ATL,NL,89,73,0.5489999999999999,45,3.96,162,6169,5528,641,1345,244,16,173,606,77,44,504,1260,0.243,0.308,0.387,0.695,2140,113,28,75,30,45,1109,90,2011ATL,91,2011,ATL,NL,89,73,0.5489999999999999,89,73,0.5489999999999999,3.49,162,162,159,3,2,52,1479.2,1332,605,573,125,521,73,1332,53,5,61,6220,1.252,8.1,0.8,3.2,8.1,2.56,110
152,277,2010,COL,NL,83,79,0.512,43,4.75,162,6265,5530,770,1452,270,54,173,741,99,42,585,1274,0.263,0.336,0.425,0.76,2349,103,47,56,47,53,1175,92,2010COL,186,2010,COL,NL,83,79,0.512,83,79,0.512,4.14,162,162,156,6,2,35,1442.0,1405,717,663,139,525,54,1234,56,12,77,6143,1.338,8.8,0.9,3.3,7.7,2.35,112
153,278,2009,ARI,NL,70,92,0.43200000000000005,45,4.44,162,6269,5565,720,1408,307,45,173,686,102,40,571,1298,0.253,0.324,0.418,0.742,2324,93,37,54,41,47,1173,91,2009ARI,289,2009,ARI,NL,70,92,0.43200000000000005,70,92,0.43200000000000005,4.44,162,162,158,4,1,36,1447.2,1470,782,714,168,525,27,1158,53,2,79,6267,1.3780000000000001,9.1,1.0,3.3,7.2,2.21,101
154,280,2008,BOS,AL,95,67,0.586,37,5.22,162,6402,5596,845,1565,353,33,173,807,120,35,646,1068,0.28,0.358,0.447,0.805,2503,147,70,28,62,49,1262,107,2008BOS,250,2008,BOS,AL,95,67,0.586,95,67,0.586,4.01,162,162,157,5,2,47,1446.1,1369,694,645,147,548,17,1185,68,2,43,6180,1.325,8.5,0.9,3.4,7.4,2.16,116
155,282,2018,CIN,NL,67,95,0.414,53,4.3,162,6240,5532,696,1404,251,25,172,665,77,33,559,1376,0.254,0.32799999999999996,0.401,0.7290000000000001,2221,128,65,49,35,35,1179,95,2018CIN,156,2018,CIN,NL,67,95,0.414,67,95,0.414,4.65,162,162,161,1,0,38,1440.2,1491,819,745,228,532,60,1258,50,8,48,6279,1.4040000000000001,9.3,1.4,3.3,7.9,2.36,90
156,284,2013,CHC,NL,66,96,0.40700000000000003,56,3.72,162,6079,5498,602,1307,297,18,172,576,63,32,439,1230,0.23800000000000002,0.3,0.392,0.693,2156,120,67,43,30,28,1092,89,2013CHC,251,2013,CHC,NL,66,96,0.40700000000000003,66,96,0.40700000000000003,4.0,162,162,159,3,1,39,1448.0,1332,689,643,160,540,43,1184,62,4,59,6149,1.2930000000000001,8.3,1.0,3.4,7.4,2.19,97
157,285,2012,CIN,NL,97,65,0.599,38,4.13,162,6115,5477,669,1377,296,30,172,636,87,27,481,1266,0.251,0.315,0.41100000000000003,0.726,2249,100,47,73,37,54,1135,93,2012CIN,170,2012,CIN,NL,97,65,0.599,97,65,0.599,3.34,162,162,153,9,2,56,1453.0,1356,588,540,152,427,33,1248,51,7,34,6056,1.227,8.4,0.9,2.6,7.7,2.92,123
158,290,2008,NYM,NL,89,73,0.5489999999999999,50,4.93,162,6388,5606,799,1491,274,38,172,751,138,36,619,1024,0.266,0.34,0.42,0.7609999999999999,2357,129,39,73,49,71,1220,101,2008NYM,259,2008,NYM,NL,89,73,0.5489999999999999,89,73,0.5489999999999999,4.07,162,162,157,5,2,43,1464.1,1415,715,663,163,590,53,1181,70,4,55,6338,1.369,8.7,1.0,3.6,7.3,2.0,104
159,292,2003,CHC,NL,88,74,0.5429999999999999,42,4.47,162,6187,5519,724,1431,302,24,172,691,73,31,492,1158,0.259,0.32299999999999995,0.41600000000000004,0.7390000000000001,2297,135,50,80,46,40,1114,91,2003CHC,46,2003,CHC,NL,88,74,0.5429999999999999,88,74,0.5429999999999999,3.83,162,162,149,13,6,36,1456.1,1304,683,619,143,617,36,1404,71,3,63,6227,1.319,8.1,0.9,3.8,8.7,2.28,114
160,293,2015,CHC,NL,97,65,0.599,50,4.25,162,6200,5491,689,1341,272,30,171,657,95,37,567,1518,0.244,0.321,0.39799999999999996,0.7190000000000001,2186,101,74,32,35,47,1165,98,2015CHC,36,2015,CHC,NL,97,65,0.599,97,65,0.599,3.36,162,162,156,6,4,48,1461.1,1276,608,546,134,407,38,1431,46,3,66,5997,1.1520000000000001,7.9,0.8,2.5,8.8,3.52,114
161,294,2013,CLE,AL,92,70,0.568,39,4.6,162,6165,5465,745,1391,290,23,171,711,117,36,562,1283,0.255,0.327,0.41,0.737,2240,106,51,31,56,19,1126,107,2013CLE,63,2013,CLE,AL,92,70,0.568,92,70,0.568,3.82,162,162,159,3,3,38,1441.0,1359,662,611,147,554,26,1379,58,3,71,6154,1.328,8.5,0.9,3.5,8.6,2.49,100
162,300,2018,NYM,NL,77,85,0.475,56,4.17,162,6177,5468,676,1282,265,34,170,649,71,39,566,1404,0.23399999999999999,0.312,0.389,0.701,2125,116,73,28,42,36,1104,96,2018NYM,30,2018,NYM,NL,77,85,0.475,77,85,0.475,4.07,162,162,159,3,1,41,1460.2,1364,707,661,185,484,32,1446,71,2,26,6178,1.265,8.4,1.1,3.0,8.9,2.99,92
