Rk,Year,Tm,Lg,Wtm,Ltm,tmW-L%,#Bat,R/G,G,PA,AB,R,H,2B,3B,HR,RBI,SB,CS,BB,SO,BA,OBP,SLG,OPS,TB,GDP,HBP,SH,SF,IBB,LOB,OPS+
1,2019,MIN,AL,101,61,0.623,39,5.8,162,6392,5732,939,1547,318,23,307,906,28,21,525,1334,0.27,0.338,0.494,0.832,2832,101,81,10,41,21,1115,119
2,2019,NYY,AL,103,59,0.636,39,5.82,162,6245,5583,943,1493,290,17,306,904,55,22,569,1437,0.267,0.339,0.49,0.829,2735,113,49,10,33,18,1039,117
3,2019,HOU,AL,107,55,0.66,36,5.68,162,6394,5613,920,1538,323,28,288,891,67,27,645,1166,0.274,0.352,0.495,0.848,2781,146,66,10,57,17,1168,120
4,2019,LAD,NL,106,56,0.654,46,5.47,162,6282,5493,886,1414,302,20,279,861,57,10,607,1356,0.257,0.338,0.472,0.81,2593,100,81,55,45,47,1124,112
5,2018,NYY,AL,100,62,0.617,43,5.25,162,6271,5515,851,1374,269,23,267,821,63,21,625,1421,0.249,0.329,0.451,0.781,2490,107,62,10,59,21,1100,112
6,2005,TEX,AL,79,83,0.488,38,5.34,162,6301,5716,865,1528,311,29,260,834,67,15,495,1112,0.267,0.329,0.468,0.798,2677,123,48,9,32,20,1104,105
7,2019,OAK,AL,97,65,0.599,39,5.22,162,6269,5561,845,1384,292,23,257,800,49,21,578,1338,0.249,0.327,0.448,0.776,2493,140,87,7,36,17,1081,109
8,2010,TOR,AL,85,77,0.525,35,4.66,162,6072,5495,755,1364,319,21,257,732,58,20,471,1164,0.248,0.312,0.454,0.766,2496,114,55,16,34,25,1017,105
9,2019,CHC,NL,84,78,0.519,52,5.02,162,6195,5461,814,1378,270,26,256,783,45,24,581,1460,0.252,0.331,0.452,0.783,2468,127,83,30,39,33,1071,103
10,2016,BAL,AL,89,73,0.549,40,4.59,162,6089,5524,744,1413,265,6,253,710,19,13,468,1324,0.256,0.317,0.443,0.76,2449,119,44,17,36,19,1065,101
11,2019,MIL,NL,89,73,0.549,50,4.75,162,6309,5542,769,1366,279,17,250,744,101,25,629,1563,0.246,0.329,0.438,0.767,2429,120,72,20,38,42,1180,97
12,2019,ATL,NL,97,65,0.599,50,5.28,162,6302,5560,855,1432,277,29,249,824,89,28,619,1467,0.258,0.336,0.452,0.789,2514,104,60,25,35,39,1138,97
13,2000,HOU,NL,72,90,0.444,46,5.79,162,6444,5570,938,1547,289,36,249,900,114,52,673,1129,0.278,0.361,0.477,0.837,2655,154,83,57,61,57,1171,104
14,2019,TOR,AL,67,95,0.414,47,4.48,162,6091,5493,726,1299,270,21,247,697,51,20,509,1514,0.236,0.305,0.428,0.733,2352,107,45,14,28,10,1003,94
15,2001,TEX,AL,73,89,0.451,40,5.49,162,6388,5685,890,1566,326,23,246,844,97,32,548,1093,0.275,0.344,0.471,0.815,2676,131,75,25,55,27,1161,109
16,2019,BOS,AL,84,78,0.519,38,5.56,162,6475,5770,901,1554,345,27,245,857,68,30,590,1382,0.269,0.34,0.466,0.806,2688,127,49,20,44,36,1170,107
17,2012,NYY,AL,95,67,0.586,39,4.96,162,6231,5524,804,1462,280,13,245,774,93,27,565,1176,0.265,0.337,0.453,0.79,2503,136,62,31,49,31,1135,112
18,2009,NYY,AL,103,59,0.636,37,5.65,162,6449,5660,915,1604,325,21,244,881,111,28,663,1014,0.283,0.362,0.478,0.839,2703,144,54,31,39,35,1238,114
19,2000,TOR,AL,83,79,0.512,36,5.31,162,6326,5677,861,1562,328,21,244,826,89,34,526,1026,0.275,0.341,0.469,0.81,2664,130,60,29,34,32,1152,101
20,2019,NYM,NL,86,76,0.531,53,4.88,162,6290,5624,791,1445,280,17,242,767,56,27,516,1384,0.257,0.328,0.442,0.77,2485,129,95,28,27,34,1128,104
21,2004,CHW,AL,83,79,0.512,32,5.34,162,6197,5534,865,1481,284,19,242,823,78,51,499,1030,0.268,0.333,0.457,0.79,2529,119,63,58,42,25,1031,102
22,2004,NYY,AL,101,61,0.623,33,5.54,162,6364,5527,897,1483,281,20,242,863,84,33,670,982,0.268,0.353,0.458,0.811,2530,157,80,37,50,40,1190,111
23,2017,NYY,AL,91,71,0.562,44,5.3,162,6354,5594,858,1463,266,23,241,821,90,22,616,1386,0.262,0.339,0.447,0.785,2498,119,64,18,56,22,1184,105
24,2019,SEA,AL,68,94,0.42,51,4.68,162,6199,5500,758,1305,254,28,239,730,115,47,588,1581,0.237,0.316,0.424,0.74,2332,83,58,14,37,7,1080,99
25,2003,TEX,AL,71,91,0.438,43,5.1,162,6293,5664,826,1506,274,36,239,799,65,25,488,1052,0.266,0.33,0.454,0.784,2569,115,75,24,42,31,1141,96
26,2000,OAK,AL,91,70,0.565,39,5.88,161,6432,5560,947,1501,281,23,239,908,40,15,750,1159,0.27,0.36,0.458,0.817,2545,147,52,26,44,32,1210,109
27,2017,HOU,AL,101,61,0.623,40,5.53,162,6271,5611,896,1581,346,20,238,854,98,42,509,1087,0.282,0.346,0.478,0.823,2681,139,70,11,61,27,1094,123
28,2003,BOS,AL,95,67,0.586,38,5.93,162,6530,5769,961,1667,371,40,238,932,88,35,620,943,0.289,0.36,0.491,0.851,2832,126,53,24,64,61,1224,118
29,2017,TEX,AL,78,84,0.481,38,4.93,162,6122,5430,799,1326,255,21,237,756,113,44,544,1493,0.244,0.32,0.43,0.75,2334,110,81,27,39,18,1015,91
30,2006,CHW,AL,90,72,0.556,31,5.36,162,6318,5657,868,1586,291,20,236,839,93,48,502,1056,0.28,0.342,0.464,0.806,2625,118,58,44,57,33,1125,103
31,2000,ANA,AL,82,80,0.506,34,5.33,162,6373,5628,864,1574,309,34,236,837,93,52,608,1024,0.28,0.352,0.472,0.825,2659,126,47,47,43,43,1173,105
32,2018,LAD,NL,92,71,0.564,52,4.93,163,6358,5572,804,1394,296,33,235,756,75,24,647,1436,0.25,0.333,0.442,0.774,2461,119,61,39,39,47,1163,109
33,2008,CHW,AL,89,74,0.546,33,4.98,163,6231,5553,811,1458,296,13,235,785,67,34,540,1016,0.263,0.332,0.448,0.78,2485,157,63,28,47,33,1067,102
34,2004,CHC,NL,89,73,0.549,43,4.87,162,6281,5628,789,1508,308,29,235,755,66,28,489,1080,0.268,0.328,0.458,0.786,2579,120,38,78,48,46,1121,99
35,2003,ATL,NL,101,61,0.623,34,5.6,162,6378,5670,907,1608,321,31,235,872,68,22,545,933,0.284,0.349,0.475,0.824,2696,124,49,65,49,46,1170,112
36,2001,SFG,NL,90,72,0.556,41,4.93,162,6408,5612,799,1493,304,40,235,775,57,42,625,1090,0.266,0.342,0.46,0.802,2582,108,50,67,54,79,1242,112
37,2000,STL,NL,95,67,0.586,46,5.48,162,6369,5478,887,1481,259,25,235,841,87,51,675,1253,0.27,0.356,0.455,0.812,2495,116,84,79,53,33,1214,103
38,2017,OAK,AL,75,87,0.463,44,4.56,162,6126,5464,739,1344,305,15,234,708,57,22,565,1491,0.246,0.319,0.436,0.755,2381,129,43,13,40,15,1075,104
39,2017,BAL,AL,75,87,0.463,41,4.59,162,6140,5650,743,1469,269,12,232,713,32,13,392,1412,0.26,0.312,0.435,0.747,2458,138,50,10,37,12,1041,100
40,2015,TOR,AL,93,69,0.574,40,5.5,162,6232,5509,891,1480,308,17,232,852,88,23,570,1151,0.269,0.34,0.457,0.797,2518,140,54,36,62,12,1057,115
41,2019,WSN,NL,93,69,0.574,50,5.39,162,6267,5512,873,1460,298,27,231,824,116,29,584,1308,0.265,0.342,0.454,0.796,2505,117,81,48,42,33,1114,105
42,2007,MIL,NL,83,79,0.512,40,4.94,162,6238,5554,801,1455,310,37,231,774,96,32,501,1137,0.262,0.329,0.456,0.785,2532,112,76,60,47,60,1117,101
43,2015,HOU,AL,86,76,0.531,39,4.5,162,6073,5459,729,1363,278,26,230,691,121,48,486,1392,0.25,0.315,0.437,0.752,2383,102,56,28,43,22,1036,107
44,2003,NYY,AL,101,61,0.623,40,5.38,163,6431,5605,877,1518,304,14,230,845,98,33,684,1042,0.271,0.356,0.453,0.81,2540,154,81,25,35,54,1239,114
45,2002,TEX,AL,72,90,0.444,37,5.2,162,6332,5618,843,1510,304,27,230,806,62,34,554,1055,0.269,0.338,0.455,0.794,2558,129,62,48,50,45,1155,104
46,2005,NYY,AL,95,67,0.586,36,5.47,162,6406,5624,886,1552,259,16,229,847,84,27,637,989,0.276,0.355,0.45,0.805,2530,125,73,28,43,41,1264,115
47,2017,TBR,AL,80,82,0.494,40,4.28,162,6147,5478,694,1340,226,32,228,671,88,34,545,1538,0.245,0.317,0.422,0.739,2314,115,55,16,48,33,1114,99
48,2019,CIN,NL,75,87,0.463,47,4.33,162,6100,5450,701,1328,235,27,227,679,80,38,492,1436,0.244,0.315,0.422,0.736,2298,111,89,30,33,25,1073,84
49,2018,OAK,AL,97,65,0.599,39,5.02,162,6255,5579,813,1407,322,20,227,778,35,21,550,1381,0.252,0.325,0.439,0.764,2450,136,76,6,44,18,1085,110
50,2004,TEX,AL,89,73,0.549,36,5.31,162,6256,5615,860,1492,323,34,227,825,69,36,500,1099,0.266,0.329,0.457,0.786,2564,91,61,23,57,41,1098,96
51,2000,SFG,NL,97,65,0.599,36,5.71,162,6418,5519,925,1535,304,44,226,889,79,39,709,1032,0.278,0.362,0.472,0.834,2605,131,51,73,66,60,1213,115
52,2016,STL,NL,86,76,0.531,41,4.81,162,6223,5548,779,1415,299,32,225,745,35,26,526,1318,0.255,0.325,0.442,0.767,2453,117,70,37,41,28,1113,104
53,2019,COL,NL,71,91,0.438,50,5.15,162,6288,5660,835,1502,323,41,224,803,71,31,489,1503,0.265,0.326,0.456,0.782,2579,111,43,51,43,25,1075,90
54,2017,MIL,NL,86,76,0.531,50,4.52,162,6135,5467,732,1363,267,22,224,695,128,41,547,1571,0.249,0.322,0.429,0.751,2346,116,53,42,26,34,1088,94
55,2017,NYM,NL,70,92,0.432,52,4.54,162,6169,5510,735,1379,286,28,224,713,58,23,529,1291,0.25,0.32,0.434,0.755,2393,118,57,36,37,31,1099,101
56,2009,PHI,NL,93,69,0.574,41,5.06,162,6338,5578,820,1439,312,35,224,788,119,28,589,1155,0.258,0.334,0.447,0.781,2493,90,71,55,45,47,1192,104
57,2009,TEX,AL,87,75,0.537,34,4.84,162,6127,5526,784,1436,296,27,224,748,149,36,472,1253,0.26,0.32,0.445,0.764,2458,97,37,40,51,23,1059,95
58,2019,CLE,AL,93,69,0.574,48,4.75,162,6124,5425,769,1354,286,18,223,731,103,35,563,1332,0.25,0.323,0.432,0.756,2345,110,50,40,46,30,1072,94
59,2019,TEX,AL,78,84,0.481,39,5,162,6204,5540,810,1374,296,24,223,765,131,38,534,1578,0.248,0.319,0.431,0.75,2387,98,67,17,44,18,1066,88
60,2017,CHC,NL,92,70,0.568,47,5.07,162,6283,5496,822,1402,274,29,223,785,62,31,622,1401,0.255,0.338,0.437,0.775,2403,134,82,48,32,54,1147,99
61,2016,SEA,AL,86,76,0.531,40,4.74,162,6227,5583,768,1446,251,17,223,735,56,28,506,1288,0.259,0.326,0.43,0.756,2400,138,72,24,41,29,1099,106
62,2002,NYY,AL,103,58,0.64,33,5.57,161,6377,5601,897,1540,314,12,223,857,100,38,640,1171,0.275,0.354,0.455,0.809,2547,150,72,23,41,48,1191,114
63,2017,TOR,AL,76,86,0.469,44,4.28,162,6154,5499,693,1320,269,5,222,661,53,24,542,1327,0.24,0.312,0.412,0.724,2265,153,51,25,35,12,1064,91
64,2011,NYY,AL,97,65,0.599,35,5.35,162,6306,5518,867,1452,267,33,222,836,147,46,627,1138,0.263,0.343,0.444,0.788,2451,146,74,36,51,34,1114,110
65,2006,ATL,NL,79,83,0.488,45,5.24,162,6284,5583,849,1510,312,26,222,818,52,35,526,1169,0.27,0.337,0.455,0.791,2540,131,52,78,44,48,1105,101
66,2005,CIN,NL,73,89,0.451,46,5.03,163,6321,5565,820,1453,335,15,222,784,72,23,611,1303,0.261,0.339,0.446,0.785,2484,116,62,43,39,42,1176,104
67,2004,BOS,AL,98,64,0.605,39,5.86,162,6515,5720,949,1613,373,25,222,912,68,30,659,1189,0.282,0.36,0.472,0.832,2702,123,69,12,55,39,1257,110
68,2017,LAD,NL,104,58,0.642,52,4.75,162,6191,5408,770,1347,312,20,221,730,77,28,649,1380,0.249,0.334,0.437,0.771,2362,119,64,31,38,41,1146,104
69,2016,TOR,AL,89,73,0.549,38,4.69,162,6233,5479,759,1358,276,18,221,728,54,24,632,1362,0.248,0.33,0.426,0.755,2333,153,55,26,40,16,1120,101
70,2000,CLE,AL,90,72,0.556,39,5.86,162,6512,5683,950,1639,310,30,221,889,113,34,685,1057,0.288,0.367,0.47,0.837,2672,134,51,41,52,27,1260,110
71,2019,ARI,NL,85,77,0.525,45,5.02,162,6315,5633,813,1419,288,40,220,778,88,14,540,1360,0.252,0.323,0.434,0.757,2447,120,70,31,40,36,1119,94
72,2019,LAA,AL,72,90,0.444,46,4.75,162,6251,5542,769,1368,268,21,220,734,65,20,586,1276,0.247,0.324,0.422,0.746,2338,143,67,4,42,29,1125,94
73,2017,ARI,NL,93,69,0.574,45,5.01,162,6224,5525,812,1405,314,39,220,776,103,30,578,1456,0.254,0.329,0.445,0.774,2457,106,54,39,27,44,1118,94
74,2003,CHW,AL,86,76,0.531,31,4.88,162,6148,5487,791,1445,303,19,220,766,77,29,519,916,0.263,0.331,0.446,0.777,2446,132,58,43,41,27,1074,102
75,2019,SDP,NL,70,92,0.432,54,4.21,162,6019,5391,682,1281,224,24,219,652,70,37,504,1581,0.238,0.308,0.41,0.718,2210,120,55,37,31,19,1008,90
76,2017,CIN,NL,68,94,0.42,47,4.65,162,6213,5484,753,1390,249,38,219,715,120,39,565,1329,0.253,0.329,0.433,0.761,2372,116,72,50,42,41,1135,97
77,2018,MIL,NL,96,67,0.589,53,4.63,163,6210,5542,754,1398,252,24,218,711,124,32,537,1458,0.252,0.323,0.424,0.747,2352,128,58,29,41,32,1106,99
78,2016,NYM,NL,87,75,0.537,46,4.14,162,6115,5459,671,1342,240,19,218,649,42,18,517,1302,0.246,0.316,0.417,0.733,2274,123,62,35,41,43,1120,97
79,2019,TBR,AL,96,66,0.593,48,4.75,162,6285,5628,769,1427,291,29,217,730,94,37,542,1493,0.254,0.325,0.431,0.757,2427,114,73,8,34,20,1130,103
80,2018,TOR,AL,73,89,0.451,51,4.38,162,6076,5477,709,1336,320,16,217,680,47,30,499,1387,0.244,0.312,0.427,0.739,2339,118,58,5,37,15,1036,102
81,2015,BAL,AL,81,81,0.5,43,4.4,162,6007,5485,713,1370,246,20,217,686,44,25,418,1331,0.25,0.307,0.421,0.728,2307,127,51,20,32,23,990,97
82,2006,CIN,NL,80,82,0.494,54,4.62,162,6296,5515,749,1419,291,12,217,718,124,33,614,1192,0.257,0.336,0.432,0.768,2385,122,59,66,38,52,1196,93
83,2002,CHW,AL,81,81,0.5,30,5.28,162,6208,5502,856,1475,289,29,217,819,75,31,555,952,0.268,0.338,0.449,0.787,2473,111,49,48,53,17,1085,107
84,2018,CLE,AL,91,71,0.562,41,5.05,162,6300,5595,818,1447,297,19,216,786,135,36,554,1189,0.259,0.332,0.434,0.766,2430,98,80,25,44,32,1147,106
85,2016,TBR,AL,68,94,0.42,39,4.15,162,6046,5481,672,1333,288,32,216,647,60,37,449,1482,0.243,0.307,0.426,0.733,2333,88,69,18,28,20,1060,100
86,2006,PHI,NL,85,77,0.525,44,5.34,162,6509,5687,865,1518,294,41,216,823,92,25,626,1203,0.267,0.347,0.447,0.794,2542,115,95,57,44,67,1275,98
87,2000,CHW,AL,95,67,0.586,33,6.04,162,6410,5646,978,1615,325,33,216,926,119,42,591,960,0.286,0.356,0.47,0.826,2654,140,53,55,61,28,1127,106
88,2019,PHI,NL,81,81,0.5,56,4.78,162,6261,5571,774,1369,311,26,215,742,78,18,562,1453,0.246,0.319,0.427,0.746,2377,97,57,34,34,47,1129,92
89,2017,WSN,NL,97,65,0.599,49,5.06,162,6214,5553,819,1477,311,31,215,796,108,30,542,1327,0.266,0.332,0.449,0.782,2495,116,31,43,45,56,1101,99
90,2016,TEX,AL,95,67,0.586,40,4.72,162,6089,5525,765,1446,257,23,215,746,99,36,436,1220,0.262,0.322,0.433,0.755,2394,114,70,18,40,23,1038,96
91,2004,PHI,NL,86,76,0.531,39,5.19,162,6456,5643,840,1505,303,23,215,802,100,27,645,1133,0.267,0.345,0.443,0.788,2499,123,58,64,46,60,1236,98
92,2018,LAA,AL,80,82,0.494,44,4.45,162,6108,5472,721,1323,249,23,214,690,89,22,514,1300,0.242,0.313,0.413,0.726,2260,111,73,7,39,38,1071,99
93,2012,BAL,AL,93,69,0.574,39,4.4,162,6160,5560,712,1375,270,16,214,677,58,29,480,1315,0.247,0.311,0.417,0.728,2319,152,50,38,30,24,1027,97
94,2008,PHI,NL,92,70,0.568,40,4.93,162,6273,5509,799,1407,291,36,214,762,136,25,586,1117,0.255,0.332,0.438,0.77,2412,108,67,71,40,68,1154,99
95,2004,STL,NL,105,57,0.648,37,5.28,162,6297,5555,855,1544,319,24,214,817,111,47,548,1085,0.278,0.344,0.46,0.804,2553,121,51,73,70,64,1156,107
96,2001,CHW,AL,83,79,0.512,34,4.93,162,6151,5464,798,1463,300,29,214,770,123,59,520,998,0.268,0.334,0.451,0.785,2463,128,52,63,51,31,1054,102
97,2019,BAL,AL,54,108,0.333,45,4.5,162,6189,5596,729,1379,252,25,213,698,84,30,462,1435,0.246,0.31,0.415,0.725,2320,111,71,22,37,8,1063,92
98,2007,PHI,NL,89,73,0.549,46,5.51,162,6537,5688,892,1558,326,41,213,850,138,19,641,1205,0.274,0.354,0.458,0.812,2605,125,90,65,52,74,1295,105
99,2001,COL,NL,73,89,0.451,53,5.7,162,6394,5690,923,1663,324,61,213,874,132,54,511,1027,0.292,0.354,0.483,0.837,2748,116,61,81,50,50,1158,97
100,2017,CLE,AL,102,60,0.63,36,5.05,162,6234,5511,818,1449,333,29,212,780,88,23,604,1153,0.263,0.339,0.449,0.788,2476,125,50,23,45,30,1158,104
101,2015,NYY,AL,87,75,0.537,49,4.72,162,6268,5567,764,1397,272,19,212,737,63,25,554,1227,0.251,0.323,0.421,0.744,2343,105,63,24,54,23,1151,102
102,2013,BAL,AL,85,77,0.525,41,4.6,162,6144,5620,745,1460,298,14,212,719,79,29,416,1125,0.26,0.313,0.431,0.744,2422,105,36,27,45,36,1053,101
103,2009,BOS,AL,95,67,0.586,43,5.38,162,6344,5543,872,1495,335,25,212,822,126,39,659,1120,0.27,0.352,0.454,0.806,2516,137,70,19,51,39,1210,106
104,2001,CLE,AL,91,71,0.562,36,5.54,162,6357,5600,897,1559,294,37,212,868,79,41,577,1076,0.278,0.35,0.458,0.807,2563,126,69,49,62,32,1136,111
105,2016,DET,AL,86,75,0.534,36,4.66,161,6127,5526,750,1476,252,30,211,719,58,29,493,1303,0.267,0.331,0.438,0.769,2421,135,53,17,38,32,1105,106
106,2014,BAL,AL,96,66,0.593,39,4.35,162,6130,5596,705,1434,264,16,211,681,44,20,401,1285,0.256,0.311,0.422,0.734,2363,112,62,35,36,29,1088,104
107,2012,CHW,AL,85,77,0.525,35,4.62,162,6111,5518,748,1409,228,29,211,726,109,43,461,1203,0.255,0.318,0.422,0.74,2328,112,65,31,36,24,1038,98
108,2010,BOS,AL,89,73,0.549,43,5.05,162,6356,5646,818,1511,358,22,211,782,68,17,587,1140,0.268,0.339,0.451,0.79,2546,130,47,29,46,43,1200,109
109,2000,LAD,NL,86,76,0.531,46,4.93,162,6312,5481,798,1408,265,28,211,756,95,42,668,1083,0.257,0.341,0.431,0.771,2362,129,51,66,46,42,1188,99
110,2019,STL,NL,91,71,0.562,43,4.72,162,6167,5449,764,1336,246,24,210,714,116,29,561,1420,0.245,0.322,0.415,0.737,2260,110,76,40,39,15,1107,95
111,2018,COL,NL,91,72,0.558,41,4.79,163,6178,5541,780,1418,280,42,210,748,95,33,507,1397,0.256,0.322,0.435,0.757,2412,114,51,42,37,38,1067,90
112,2011,TEX,AL,96,66,0.593,33,5.28,162,6261,5659,855,1599,310,32,210,807,143,45,475,930,0.283,0.34,0.46,0.8,2603,135,39,39,49,35,1126,110
113,2006,NYY,AL,97,65,0.599,39,5.74,162,6455,5651,930,1608,327,21,210,902,139,35,649,1053,0.285,0.363,0.461,0.824,2607,139,72,34,49,43,1253,111
114,2009,TOR,AL,75,87,0.463,36,4.93,162,6362,5696,798,1516,339,13,209,766,73,23,548,1028,0.266,0.333,0.44,0.773,2508,130,45,24,49,23,1195,102
115,2001,MIL,NL,68,94,0.42,46,4.57,162,6148,5488,740,1378,273,30,209,712,66,36,488,1399,0.251,0.319,0.426,0.745,2338,102,72,65,35,44,1067,93
116,2018,BOS,AL,108,54,0.667,40,5.41,162,6302,5623,876,1509,355,31,208,829,125,31,569,1253,0.268,0.339,0.453,0.792,2550,130,55,7,48,38,1124,112
117,2016,BOS,AL,93,69,0.574,43,5.42,162,6320,5670,878,1598,343,25,208,836,83,24,558,1160,0.282,0.348,0.461,0.81,2615,137,43,8,40,34,1162,112
118,2008,FLA,NL,84,77,0.522,45,4.78,161,6206,5499,770,1397,302,28,208,741,76,28,543,1371,0.254,0.326,0.433,0.759,2379,98,69,49,46,50,1140,97
119,2001,ARI,NL,92,70,0.568,47,5.05,162,6349,5595,818,1494,284,35,208,776,71,38,587,1052,0.267,0.341,0.442,0.783,2472,105,57,71,36,73,1183,94
120,2001,HOU,NL,93,69,0.574,45,5.23,162,6325,5528,847,1500,313,29,208,805,64,49,581,1119,0.271,0.347,0.451,0.798,2495,128,89,71,56,52,1151,100
121,2005,CLE,AL,93,69,0.574,34,4.88,162,6255,5609,790,1522,337,30,207,760,62,36,503,1093,0.271,0.334,0.453,0.787,2540,128,54,39,50,33,1148,111
122,2017,MIN,AL,85,77,0.525,34,5.03,162,6261,5557,815,1444,286,31,206,781,95,28,593,1342,0.26,0.334,0.434,0.768,2410,105,46,26,39,26,1147,104
123,2001,LAD,NL,86,76,0.531,41,4.68,162,6169,5493,758,1399,264,27,206,714,89,42,519,1062,0.255,0.323,0.425,0.748,2335,115,56,57,44,45,1075,99
124,2018,HOU,AL,103,59,0.636,36,4.92,162,6146,5453,797,1390,278,18,205,763,71,26,565,1197,0.255,0.329,0.425,0.754,2319,156,61,14,45,19,1052,106
125,2018,STL,NL,88,74,0.543,49,4.69,162,6200,5498,759,1369,248,9,205,725,63,32,525,1380,0.249,0.321,0.409,0.73,2250,92,80,46,48,40,1101,99
126,2002,OAK,AL,103,59,0.636,35,4.94,162,6291,5558,800,1450,279,28,205,772,46,20,609,1008,0.261,0.339,0.432,0.771,2400,128,68,20,36,37,1197,106
127,2000,NYY,AL,87,74,0.54,36,5.41,161,6311,5556,871,1541,294,25,205,833,99,48,631,1007,0.277,0.354,0.45,0.804,2500,134,57,16,50,42,1189,103
128,2016,COL,NL,75,87,0.463,47,5.22,162,6236,5614,845,1544,318,47,204,805,66,39,494,1330,0.275,0.336,0.457,0.794,2568,113,40,54,34,35,1089,97
129,2007,CIN,NL,72,90,0.444,51,4.83,162,6332,5607,783,1496,293,23,204,747,97,31,536,1113,0.267,0.335,0.436,0.772,2447,140,66,73,46,51,1170,95
130,2016,WSN,NL,95,67,0.586,43,4.71,162,6201,5490,763,1403,268,29,203,735,121,39,536,1252,0.256,0.326,0.426,0.751,2338,102,64,48,63,49,1105,96
131,2011,BOS,AL,90,72,0.556,36,5.4,162,6414,5710,875,1600,352,35,203,842,102,42,578,1108,0.28,0.349,0.461,0.81,2631,136,50,22,50,52,1190,116
132,2006,DET,AL,95,67,0.586,33,5.07,162,6198,5642,822,1548,294,40,203,785,60,40,430,1133,0.274,0.329,0.449,0.777,2531,120,45,45,36,27,1068,99
133,2004,LAD,NL,93,69,0.574,43,4.7,162,6244,5542,761,1450,226,30,203,731,102,41,536,1092,0.262,0.332,0.423,0.755,2345,121,62,69,35,45,1152,98
134,2001,NYY,AL,95,65,0.594,40,4.99,161,6233,5577,804,1488,289,20,203,774,161,53,519,1035,0.267,0.334,0.435,0.769,2426,119,64,30,43,38,1123,100
135,2012,MIL,NL,83,79,0.512,46,4.79,162,6225,5557,776,1442,300,39,202,741,158,39,466,1240,0.259,0.325,0.437,0.762,2426,111,90,76,35,35,1104,101
136,2004,COL,NL,68,94,0.42,47,5.14,162,6333,5577,833,1531,331,34,202,795,44,33,568,1181,0.275,0.345,0.455,0.8,2536,132,54,97,37,51,1167,95
137,2010,NYY,AL,95,67,0.586,37,5.3,162,6379,5567,859,1485,275,32,201,823,103,30,662,1136,0.267,0.35,0.436,0.786,2427,124,73,33,44,36,1228,108
138,2007,FLA,NL,71,91,0.438,50,4.88,162,6344,5627,790,1504,340,38,201,749,105,34,521,1332,0.267,0.336,0.448,0.784,2523,107,82,72,42,46,1192,104
139,2007,NYY,AL,94,68,0.58,37,5.98,162,6528,5717,968,1656,326,32,201,929,123,40,637,991,0.29,0.366,0.463,0.829,2649,138,78,41,54,32,1249,116
140,2004,DET,AL,72,90,0.444,34,5.1,162,6285,5623,827,1531,284,54,201,800,86,50,518,1144,0.272,0.337,0.449,0.786,2526,110,50,50,43,32,1116,108
141,2017,SEA,AL,78,84,0.481,41,4.63,162,6166,5551,750,1436,281,17,200,714,89,35,487,1267,0.259,0.325,0.424,0.749,2351,131,78,14,35,31,1084,103
142,2016,MIN,AL,59,103,0.364,42,4.46,162,6245,5618,722,1409,288,35,200,690,91,32,513,1426,0.251,0.316,0.421,0.738,2367,96,44,27,43,24,1124,98
143,2012,TEX,AL,93,69,0.574,32,4.99,162,6216,5590,808,1526,303,32,200,780,91,44,478,1103,0.273,0.334,0.446,0.78,2493,121,57,36,53,44,1113,105
144,2008,DET,AL,74,88,0.457,37,5.07,162,6331,5641,821,1529,293,41,200,780,63,31,572,1076,0.271,0.34,0.444,0.784,2504,144,44,30,44,23,1159,105
145,2006,NYM,NL,97,65,0.599,49,5.15,162,6291,5558,834,1469,323,41,200,800,146,35,547,1071,0.264,0.334,0.445,0.78,2474,114,62,77,47,63,1115,100
146,2005,CHW,AL,99,63,0.611,33,4.57,162,6146,5529,741,1450,253,23,200,713,137,67,435,1002,0.262,0.322,0.425,0.747,2349,122,79,53,49,27,1032,95
147,2002,CHC,NL,67,95,0.414,44,4.36,162,6242,5496,706,1351,259,29,200,676,63,21,585,1269,0.246,0.321,0.413,0.734,2268,117,44,78,39,52,1173,94
148,2000,CIN,NL,85,77,0.525,45,5.06,163,6373,5635,825,1545,302,36,200,794,100,38,559,995,0.274,0.343,0.447,0.79,2519,137,64,56,58,60,1189,96
149,2016,CHC,NL,103,58,0.64,45,4.99,162,6335,5503,808,1409,293,30,199,767,66,34,656,1339,0.256,0.343,0.429,0.772,2359,107,96,42,37,45,1217,104
150,2009,TBR,AL,84,78,0.519,38,4.96,162,6223,5462,803,1434,297,36,199,765,194,61,642,1229,0.263,0.343,0.439,0.782,2400,104,49,25,45,36,1151,106
151,2006,TOR,AL,87,75,0.537,37,4.99,162,6241,5596,809,1591,348,27,199,778,65,33,514,906,0.284,0.348,0.463,0.811,2590,166,63,16,52,31,1162,108
152,2005,BOS,AL,95,67,0.586,37,5.62,162,6403,5626,910,1579,339,21,199,863,45,12,653,1044,0.281,0.357,0.454,0.811,2557,135,47,14,63,34,1249,111
153,2001,OAK,AL,102,60,0.63,37,5.46,162,6385,5573,884,1469,334,22,199,835,68,29,640,1021,0.264,0.345,0.439,0.784,2444,131,88,25,59,57,1171,107
154,2001,STL,NL,93,69,0.574,40,5.02,162,6177,5450,814,1469,274,32,199,768,91,35,529,1089,0.27,0.339,0.441,0.78,2404,125,65,83,50,51,1095,100
155,2016,HOU,AL,84,78,0.519,38,4.47,162,6204,5545,724,1367,291,29,198,689,102,44,554,1452,0.247,0.319,0.417,0.735,2310,134,47,27,31,31,1086,103
156,2015,SEA,AL,76,86,0.469,43,4.05,162,6131,5544,656,1379,262,22,198,624,69,45,478,1336,0.249,0.311,0.411,0.722,2279,123,36,38,35,31,1080,101
157,2012,TOR,AL,73,89,0.451,40,4.42,162,6094,5487,716,1346,247,22,198,677,123,41,473,1251,0.245,0.309,0.407,0.716,2231,109,55,33,45,29,1026,94
158,2008,MIL,NL,90,72,0.556,44,4.63,162,6252,5535,750,1398,324,35,198,722,108,38,550,1203,0.253,0.325,0.431,0.757,2386,97,69,54,43,44,1153,99
159,2003,COL,NL,74,88,0.457,50,5.27,162,6283,5518,853,1472,330,31,198,814,63,37,619,1134,0.267,0.344,0.445,0.79,2458,140,52,55,38,46,1156,93
160,2002,SFG,NL,95,66,0.59,38,4.83,162,6298,5497,783,1465,300,35,198,751,74,21,616,961,0.267,0.344,0.442,0.786,2429,136,65,68,52,103,1241,110
161,2001,BOS,AL,82,79,0.509,39,4.8,161,6264,5605,772,1493,316,29,198,739,46,35,520,1131,0.266,0.334,0.439,0.773,2461,132,70,28,41,50,1161,101
162,2000,NYM,NL,94,68,0.58,47,4.98,162,6328,5486,807,1445,281,20,198,761,66,46,675,1037,0.263,0.346,0.43,0.776,2360,122,45,70,51,42,1214,98
163,2000,SEA,AL,91,71,0.562,34,5.6,162,6444,5497,907,1481,300,26,198,869,122,56,775,1073,0.269,0.361,0.442,0.803,2427,129,48,63,61,34,1247,108
164,2017,STL,NL,83,79,0.512,48,4.7,162,6219,5470,761,1402,284,28,196,728,81,31,593,1348,0.256,0.334,0.426,0.76,2330,139,65,47,44,36,1118,99
165,2006,CLE,AL,78,84,0.481,33,5.37,162,6303,5619,870,1576,351,27,196,839,55,23,556,1204,0.28,0.349,0.457,0.806,2569,127,54,30,43,42,1162,108
166,2003,MIL,NL,68,94,0.42,42,4.41,162,6270,5548,714,1423,266,24,196,685,99,39,547,1221,0.256,0.329,0.419,0.748,2325,158,71,62,40,41,1155,96
167,2003,STL,NL,85,77,0.525,42,5.41,162,6466,5672,876,1580,342,32,196,827,82,32,580,952,0.279,0.35,0.454,0.804,2574,136,73,87,54,68,1217,111
168,2012,OAK,AL,94,68,0.58,39,4.4,162,6183,5527,713,1315,267,32,195,676,122,32,550,1387,0.238,0.31,0.404,0.714,2231,97,45,27,34,29,1095,99
169,2001,TOR,AL,80,82,0.494,33,4.73,162,6284,5663,767,1489,287,36,195,728,156,55,470,1094,0.263,0.325,0.43,0.755,2433,111,74,34,43,47,1124,96
170,2018,TEX,AL,67,95,0.414,41,4.55,162,6163,5453,737,1308,266,24,194,696,74,35,555,1484,0.24,0.318,0.404,0.722,2204,104,88,33,34,16,1093,89
171,2017,MIA,NL,77,85,0.475,43,4.8,162,6248,5602,778,1497,271,31,194,743,91,30,486,1282,0.267,0.331,0.431,0.761,2412,119,67,50,41,48,1130,107
172,2016,MIL,NL,73,89,0.451,50,4.14,162,6061,5330,671,1299,249,19,194,641,181,56,599,1543,0.244,0.322,0.407,0.729,2168,131,37,53,39,34,1071,92
173,2012,WSN,NL,98,64,0.605,43,4.51,162,6221,5615,731,1468,301,25,194,688,105,35,479,1325,0.261,0.322,0.428,0.75,2401,110,41,50,36,43,1127,101
174,2008,TEX,AL,79,83,0.488,39,5.56,162,6478,5728,901,1619,376,35,194,867,81,25,595,1207,0.283,0.354,0.462,0.816,2647,117,63,37,54,43,1238,114
175,2005,CHC,NL,79,83,0.488,46,4.34,162,6161,5584,703,1506,323,23,194,674,65,39,419,920,0.27,0.324,0.44,0.764,2457,131,50,69,37,49,1133,95
176,2004,CIN,NL,76,86,0.469,44,4.63,162,6278,5518,750,1380,287,28,194,713,77,25,599,1335,0.25,0.331,0.418,0.749,2305,125,81,55,25,38,1176,95
177,2001,CHC,NL,88,74,0.543,43,4.8,162,6219,5406,777,1409,268,32,194,748,67,36,577,1077,0.261,0.336,0.43,0.766,2323,132,66,117,53,72,1156,101
178,2017,KCR,AL,80,82,0.494,40,4.33,162,6027,5536,702,1436,260,24,193,660,91,31,390,1166,0.259,0.311,0.42,0.731,2323,160,45,17,37,19,1005,93
179,2017,COL,NL,87,75,0.537,41,5.09,162,6201,5534,824,1510,293,38,192,793,59,34,519,1408,0.273,0.338,0.444,0.781,2455,143,44,62,41,46,1088,90
180,2006,BOS,AL,86,76,0.531,41,5.06,162,6435,5619,820,1510,327,16,192,777,51,23,672,1056,0.269,0.351,0.435,0.786,2445,136,66,22,56,56,1301,98
181,2002,CLE,AL,74,88,0.457,41,4.56,162,6099,5423,739,1349,255,26,192,706,52,37,542,1000,0.249,0.321,0.412,0.733,2232,149,56,39,39,35,1066,96
182,2018,WSN,NL,82,80,0.506,53,4.76,162,6288,5517,771,1402,284,25,191,737,119,33,631,1289,0.254,0.335,0.419,0.753,2309,104,59,41,40,56,1180,98
183,2011,BAL,AL,69,93,0.426,37,4.37,162,6156,5585,708,1434,273,13,191,684,81,25,452,1120,0.257,0.316,0.413,0.729,2306,154,52,24,43,24,1069,97
184,2005,ARI,NL,77,85,0.475,43,4.3,162,6327,5550,696,1419,291,27,191,670,67,26,606,1094,0.256,0.332,0.421,0.754,2337,132,55,71,45,51,1247,94
185,2004,MIN,AL,92,70,0.568,36,4.81,162,6286,5623,780,1494,310,24,191,735,116,46,513,982,0.266,0.332,0.431,0.763,2425,130,64,46,40,42,1110,96
186,2003,HOU,NL,87,75,0.537,44,4.97,162,6320,5583,805,1466,308,30,191,763,66,30,557,1021,0.263,0.336,0.431,0.767,2407,125,81,61,38,44,1185,96
187,2016,ARI,NL,69,93,0.426,50,4.64,162,6260,5665,752,1479,285,56,190,709,137,31,463,1427,0.261,0.32,0.432,0.752,2446,117,50,43,38,43,1113,93
188,2009,COL,NL,92,70,0.568,45,4.96,162,6241,5398,804,1408,300,50,190,760,106,55,660,1277,0.261,0.343,0.441,0.784,2378,111,47,76,60,40,1147,96
189,2007,CHW,AL,72,90,0.444,38,4.28,162,6103,5441,693,1341,249,20,190,667,78,45,532,1149,0.246,0.318,0.404,0.722,2200,138,52,41,35,33,1074,86
190,2006,TBD,AL,61,101,0.377,37,4.25,162,6041,5474,689,1395,267,33,190,650,134,52,441,1106,0.255,0.314,0.42,0.733,2298,101,47,35,43,23,1038,89
191,2003,TOR,AL,86,76,0.531,31,5.52,162,6364,5661,894,1580,357,33,190,853,37,25,546,1081,0.279,0.349,0.455,0.803,2573,146,90,11,56,40,1175,107
192,2017,SDP,NL,71,91,0.438,52,3.73,162,5954,5356,604,1251,227,31,189,576,89,33,460,1499,0.234,0.299,0.393,0.692,2107,99,53,52,33,20,1037,83
193,2016,LAD,NL,91,71,0.562,55,4.48,162,6164,5518,725,1376,272,21,189,680,45,26,525,1321,0.249,0.319,0.409,0.728,2257,120,58,30,32,31,1106,95
194,2005,BAL,AL,74,88,0.457,39,4.5,162,6134,5551,729,1492,296,27,189,700,83,37,447,902,0.269,0.327,0.434,0.761,2409,145,54,40,42,31,1103,102
195,2004,OAK,AL,91,71,0.562,31,4.9,162,6459,5728,793,1545,336,15,189,752,47,22,608,1061,0.27,0.343,0.433,0.776,2478,142,55,25,43,40,1274,102
196,2018,BAL,AL,47,115,0.29,45,3.84,162,6034,5507,622,1317,242,15,188,593,81,22,422,1412,0.239,0.298,0.391,0.689,2153,132,57,13,35,19,1027,89
197,2013,SEA,AL,71,91,0.438,41,3.85,162,6172,5558,624,1318,249,17,188,597,49,23,529,1353,0.237,0.306,0.39,0.695,2165,122,31,26,28,21,1131,98
198,2010,CIN,NL,91,71,0.562,44,4.88,162,6285,5579,790,1515,293,30,188,761,93,43,522,1218,0.272,0.338,0.436,0.774,2432,113,68,66,50,34,1174,106
199,2017,DET,AL,64,98,0.395,37,4.54,162,6150,5556,735,1435,289,35,187,699,65,34,503,1313,0.258,0.324,0.424,0.748,2355,128,52,11,27,21,1104,98
200,2015,LAD,NL,92,70,0.568,55,4.12,162,6090,5385,667,1346,263,26,187,638,59,34,563,1258,0.25,0.326,0.413,0.739,2222,135,60,49,30,31,1121,106
201,2012,LAA,AL,89,73,0.549,35,4.73,162,6121,5536,767,1518,273,22,187,732,134,33,449,1113,0.274,0.332,0.433,0.764,2396,138,47,47,41,29,1079,114
202,2008,CIN,NL,74,88,0.457,48,4.35,162,6188,5465,704,1351,269,24,187,677,85,47,560,1125,0.247,0.321,0.408,0.729,2229,101,50,72,41,50,1138,89
203,2007,TBD,AL,66,96,0.407,36,4.83,162,6280,5593,782,1500,291,36,187,750,131,48,545,1324,0.268,0.336,0.433,0.769,2424,119,53,34,52,31,1166,103
204,2004,HOU,NL,92,70,0.568,42,4.96,162,6269,5468,803,1458,294,36,187,756,89,30,590,999,0.267,0.342,0.436,0.778,2385,128,61,98,52,54,1175,99
205,2002,TOR,AL,78,84,0.481,34,5.02,162,6230,5581,813,1457,305,38,187,771,71,18,522,1142,0.261,0.327,0.43,0.757,2399,130,53,17,57,30,1104,96
206,2018,PHI,NL,80,82,0.494,48,4.18,162,6136,5424,677,1270,241,30,186,653,69,26,582,1520,0.234,0.314,0.393,0.707,2129,102,64,32,32,33,1120,89
207,2017,CHW,AL,67,95,0.414,39,4.36,162,6059,5513,706,1412,256,37,186,670,71,31,401,1397,0.256,0.314,0.417,0.731,2300,124,76,35,33,17,1055,96
208,2017,LAA,AL,80,82,0.494,42,4.38,162,6073,5415,710,1314,251,14,186,678,136,44,523,1198,0.243,0.315,0.397,0.712,2151,141,70,17,46,30,1033,92
209,2015,COL,NL,68,94,0.42,51,4.55,162,6071,5572,737,1479,274,49,186,702,97,43,388,1283,0.265,0.315,0.432,0.748,2409,114,33,44,34,47,1016,89
210,2014,COL,NL,66,96,0.407,49,4.66,162,6164,5612,755,1551,307,41,186,721,85,48,397,1281,0.276,0.327,0.445,0.772,2498,121,48,59,48,39,1072,102
211,2013,OAK,AL,96,66,0.593,41,4.73,162,6209,5521,767,1403,301,25,186,725,74,28,573,1178,0.254,0.327,0.419,0.745,2312,108,45,21,49,29,1126,107
212,2011,TOR,AL,81,81,0.5,38,4.59,162,6210,5559,743,1384,285,34,186,704,131,52,525,1184,0.249,0.317,0.413,0.73,2295,108,48,31,47,41,1090,96
213,2016,CLE,AL,94,67,0.584,39,4.83,161,6155,5484,777,1435,308,29,185,733,134,31,531,1246,0.262,0.329,0.43,0.759,2356,137,49,31,60,16,1084,96
214,2013,TOR,AL,74,88,0.457,41,4.4,162,6152,5537,712,1398,273,24,185,669,112,41,510,1123,0.252,0.318,0.411,0.729,2274,133,38,29,38,19,1065,99
215,2011,MIL,NL,96,66,0.593,48,4.45,162,6113,5447,721,1422,276,31,185,693,94,31,481,1083,0.261,0.325,0.425,0.75,2315,114,56,85,44,53,1110,102
216,2004,NYM,NL,71,91,0.438,52,4.22,162,6209,5532,684,1376,289,20,185,658,107,23,512,1159,0.249,0.317,0.409,0.726,2260,129,61,69,34,54,1142,88
217,2009,CHW,AL,79,83,0.488,34,4.47,162,6132,5463,724,1410,246,20,184,695,113,49,534,1022,0.258,0.329,0.411,0.74,2248,139,62,34,39,25,1086,90
218,2008,CHC,NL,97,64,0.602,42,5.31,161,6384,5588,855,1552,329,21,184,811,87,34,636,1186,0.278,0.354,0.443,0.797,2475,134,50,65,45,48,1237,103
219,2006,STL,NL,83,78,0.516,41,4.85,161,6225,5522,781,1484,292,27,184,745,59,32,531,922,0.269,0.337,0.431,0.769,2382,129,61,71,40,70,1158,97
220,2005,ATL,NL,90,72,0.556,45,4.75,162,6186,5486,769,1453,308,37,184,733,92,32,534,1084,0.265,0.333,0.435,0.768,2387,146,45,75,46,56,1114,99
221,2004,CLE,AL,80,82,0.494,37,5.3,162,6452,5676,858,1565,345,29,184,820,94,55,606,1009,0.276,0.351,0.444,0.795,2520,143,78,47,42,41,1197,111
222,2000,BAL,AL,74,88,0.457,44,4.9,162,6238,5549,794,1508,310,22,184,750,126,65,558,900,0.272,0.341,0.435,0.776,2414,148,49,27,54,34,1129,100
223,2016,NYY,AL,84,78,0.519,42,4.2,162,6059,5458,680,1378,245,20,183,647,72,22,475,1188,0.252,0.315,0.405,0.72,2212,121,42,21,49,19,1098,91
224,2011,CIN,NL,79,83,0.488,42,4.54,162,6329,5612,735,1438,264,19,183,697,97,50,535,1250,0.256,0.326,0.408,0.734,2289,98,63,78,40,52,1189,98
225,2009,DET,AL,86,77,0.528,36,4.56,163,6234,5540,743,1443,245,35,183,718,72,33,540,1114,0.26,0.331,0.416,0.747,2307,131,61,53,39,30,1159,95
226,2006,TEX,AL,80,82,0.494,39,5.15,162,6273,5659,835,1571,357,23,183,799,53,24,505,1061,0.278,0.338,0.446,0.784,2523,148,40,18,50,35,1139,101
227,2004,SFG,NL,91,71,0.562,43,5.25,162,6466,5546,850,1500,314,33,183,805,43,23,705,874,0.27,0.357,0.438,0.795,2429,142,72,92,51,153,1289,104
228,2000,CHC,NL,65,97,0.401,51,4.72,162,6397,5577,764,1426,272,23,183,722,93,37,632,1120,0.256,0.335,0.411,0.746,2293,114,54,89,45,50,1215,90
229,2019,CHW,AL,72,89,0.447,40,4.4,161,6042,5529,708,1443,260,20,182,676,63,28,378,1549,0.261,0.314,0.414,0.728,2289,114,66,36,32,13,1071,92
230,2018,CHW,AL,62,100,0.383,38,4.05,162,6071,5523,656,1332,259,40,182,639,98,41,425,1594,0.241,0.302,0.401,0.703,2217,99,66,24,32,18,1050,93
231,2010,MIL,NL,77,85,0.475,43,4.63,162,6304,5606,750,1471,293,33,182,710,81,26,546,1216,0.262,0.335,0.424,0.759,2376,115,81,35,35,35,1220,103
232,2009,MIL,NL,80,82,0.494,45,4.85,162,6296,5510,785,1447,281,37,182,757,68,37,610,1231,0.263,0.341,0.426,0.767,2348,128,71,58,47,44,1203,103
233,2006,FLA,NL,78,84,0.481,39,4.68,162,6191,5502,758,1454,309,42,182,713,110,58,497,1249,0.264,0.331,0.435,0.766,2393,109,74,76,42,55,1126,99
234,2003,CIN,NL,69,93,0.426,57,4.28,162,6211,5509,694,1349,239,21,182,669,80,34,524,1326,0.245,0.318,0.395,0.713,2176,102,79,66,32,34,1134,89
235,2013,ATL,NL,96,66,0.593,44,4.25,162,6133,5441,688,1354,247,21,181,656,64,31,542,1384,0.249,0.321,0.402,0.723,2186,119,55,58,35,36,1132,99
236,2010,ARI,NL,65,97,0.401,48,4.4,162,6183,5473,713,1366,301,34,180,691,86,41,589,1529,0.25,0.325,0.416,0.74,2275,113,39,41,41,45,1139,94
237,2008,NYY,AL,89,73,0.549,41,4.87,162,6257,5572,789,1512,289,20,180,758,118,39,535,1015,0.271,0.342,0.427,0.769,2381,149,80,31,39,36,1160,101
238,2008,TBR,AL,97,65,0.599,39,4.78,162,6312,5541,774,1443,284,37,180,735,142,50,626,1224,0.26,0.34,0.422,0.762,2341,111,68,23,52,33,1215,101
239,2006,MIL,NL,75,87,0.463,49,4.51,162,6130,5433,730,1400,301,20,180,695,71,37,502,1233,0.258,0.327,0.42,0.747,2281,133,82,58,53,48,1108,89
240,2003,SFG,NL,100,61,0.621,46,4.69,161,6204,5456,755,1440,281,29,180,713,53,37,593,980,0.264,0.338,0.425,0.763,2319,130,40,76,39,79,1188,99
241,2007,TEX,AL,75,87,0.463,41,5.04,162,6214,5555,816,1460,298,36,179,768,88,25,503,1224,0.263,0.328,0.426,0.754,2367,129,56,57,42,27,1092,97
242,2000,ARI,NL,85,77,0.525,41,4.89,162,6241,5527,792,1466,282,44,179,756,97,44,535,975,0.265,0.333,0.429,0.763,2373,114,59,61,58,37,1128,88
243,2000,ATL,NL,95,67,0.586,47,5,162,6275,5489,810,1490,274,26,179,758,148,56,595,1010,0.271,0.346,0.429,0.775,2353,127,59,87,45,38,1192,95
244,2013,BOS,AL,97,65,0.599,38,5.27,162,6382,5651,853,1566,363,29,178,819,123,19,581,1308,0.277,0.349,0.446,0.795,2521,137,72,24,50,51,1212,116
245,2007,CLE,AL,96,66,0.593,35,5.01,162,6367,5604,811,1504,305,27,178,784,72,41,590,1202,0.268,0.343,0.428,0.771,2397,114,80,32,59,56,1215,102
246,2004,ATL,NL,96,66,0.593,39,4.96,162,6339,5570,803,1503,304,37,178,767,86,32,587,1158,0.27,0.343,0.434,0.777,2415,123,59,75,48,51,1230,99
247,2000,MON,NL,67,95,0.414,49,4.56,162,6153,5535,738,1475,310,35,178,705,58,48,476,1048,0.266,0.326,0.432,0.758,2389,111,29,78,34,53,1100,87
248,2016,SDP,NL,68,94,0.42,58,4.23,162,6001,5419,686,1275,257,26,177,654,125,45,449,1500,0.235,0.299,0.39,0.689,2115,93,58,36,36,30,965,86
249,2015,NYM,NL,90,72,0.556,48,4.22,162,6145,5527,683,1351,295,17,177,654,51,25,488,1290,0.244,0.312,0.4,0.712,2211,130,68,29,32,42,1098,96
250,2015,WSN,NL,83,79,0.512,44,4.34,162,6117,5428,703,1363,265,13,177,665,57,23,539,1344,0.251,0.321,0.403,0.724,2185,129,44,55,51,38,1114,96
251,2014,TOR,AL,83,79,0.512,47,4.46,162,6167,5549,723,1435,282,24,177,690,78,21,502,1151,0.259,0.323,0.414,0.736,2296,128,41,35,40,27,1122,108
252,2010,CHW,AL,88,74,0.543,32,4.64,162,6118,5484,752,1467,263,21,177,710,160,74,467,922,0.268,0.332,0.42,0.752,2303,148,79,50,38,23,1046,102
253,2007,DET,AL,88,74,0.543,33,5.48,162,6364,5757,887,1652,352,50,177,857,103,30,474,1054,0.287,0.345,0.458,0.802,2635,128,56,31,45,45,1148,108
254,2007,NYM,NL,88,74,0.543,49,4.96,162,6344,5605,804,1543,294,27,177,761,200,46,549,981,0.275,0.342,0.432,0.775,2422,114,54,77,58,64,1196,101
255,2002,BOS,AL,93,69,0.574,32,5.3,162,6332,5640,859,1560,348,33,177,810,80,28,545,944,0.277,0.345,0.444,0.789,2505,139,72,22,53,39,1175,106
256,2000,DET,AL,79,83,0.488,35,5.08,162,6343,5644,823,1553,307,41,177,785,83,38,562,982,0.275,0.343,0.438,0.781,2473,142,43,42,49,22,1185,102
257,2000,MIL,NL,73,89,0.451,46,4.54,163,6355,5563,740,1366,297,25,177,708,72,44,620,1245,0.246,0.325,0.403,0.729,2244,126,61,61,49,47,1183,85
258,2018,ARI,NL,82,80,0.506,49,4.28,162,6157,5460,693,1283,259,50,176,658,79,25,560,1460,0.235,0.31,0.397,0.707,2170,110,52,38,45,36,1086,86
259,2018,SEA,AL,89,73,0.549,41,4.18,162,6087,5513,677,1402,256,32,176,644,79,37,430,1221,0.254,0.314,0.408,0.722,2250,128,70,29,41,17,1084,102
260,2015,LAA,AL,85,77,0.525,43,4.08,162,5990,5417,661,1331,243,21,176,621,52,34,435,1150,0.246,0.307,0.396,0.702,2144,116,58,37,40,34,1013,97
261,2013,DET,AL,93,69,0.574,37,4.91,162,6388,5735,796,1625,292,23,176,767,35,20,531,1073,0.283,0.346,0.434,0.78,2491,146,43,32,47,40,1250,111
262,2013,TEX,AL,91,72,0.558,37,4.48,163,6196,5585,730,1465,262,23,176,691,149,46,462,1067,0.262,0.323,0.412,0.735,2301,124,61,45,42,26,1110,100
263,2007,ATL,NL,84,78,0.519,50,5,162,6374,5689,810,1562,328,27,176,781,64,30,534,1149,0.275,0.339,0.435,0.774,2472,137,49,55,47,43,1205,101
264,2003,OAK,AL,96,66,0.593,34,4.74,162,6189,5497,768,1398,317,24,176,742,48,14,556,898,0.254,0.327,0.417,0.743,2291,118,59,22,53,52,1130,96
265,2001,CIN,NL,66,96,0.407,50,4.54,162,6222,5583,735,1464,304,22,176,690,103,54,468,1172,0.262,0.324,0.419,0.744,2340,130,65,66,40,47,1115,87
266,2018,ATL,NL,90,72,0.556,58,4.69,162,6251,5582,759,1433,314,29,175,717,90,36,511,1290,0.257,0.324,0.417,0.742,2330,99,66,49,43,53,1143,98
267,2012,TBR,AL,90,72,0.556,38,4.3,162,6105,5398,697,1293,250,30,175,665,134,44,571,1323,0.24,0.317,0.394,0.711,2128,133,58,34,42,26,1058,99
268,2006,OAK,AL,93,69,0.574,31,4.76,162,6281,5500,771,1429,266,22,175,735,61,20,650,976,0.26,0.34,0.412,0.752,2264,170,50,25,56,28,1187,97
269,2005,MIL,NL,81,81,0.5,39,4.48,162,6156,5448,726,1413,327,19,175,689,79,34,531,1162,0.259,0.331,0.423,0.754,2303,137,73,66,38,55,1120,97
270,2005,NYM,NL,83,79,0.512,42,4.46,162,6146,5505,722,1421,279,32,175,683,153,40,486,1075,0.258,0.322,0.416,0.738,2289,103,48,69,38,49,1122,95
271,2002,STL,NL,97,65,0.599,44,4.86,162,6246,5505,787,1475,285,26,175,758,86,42,542,927,0.268,0.338,0.425,0.763,2337,123,67,83,49,77,1160,102
272,2017,PHI,NL,66,96,0.407,51,4.26,162,6133,5535,690,1382,287,36,174,654,59,25,494,1417,0.25,0.315,0.409,0.723,2263,128,47,21,36,25,1079,89
273,2008,STL,NL,86,76,0.531,43,4.81,162,6370,5636,779,1585,283,26,174,744,73,32,577,985,0.281,0.35,0.433,0.783,2442,150,42,71,44,63,1241,107
274,2006,HOU,NL,82,80,0.506,39,4.54,162,6326,5521,735,1407,275,27,174,708,79,36,585,1076,0.255,0.332,0.409,0.741,2258,122,73,100,46,54,1191,89
275,2001,ATL,NL,88,74,0.543,47,4.5,162,6152,5498,729,1432,263,24,174,696,85,46,493,1039,0.26,0.324,0.412,0.736,2265,132,45,64,52,51,1095,87
276,2011,ATL,NL,89,73,0.549,45,3.96,162,6169,5528,641,1345,244,16,173,606,77,44,504,1260,0.243,0.308,0.387,0.695,2140,113,28,75,30,45,1109,90
277,2010,COL,NL,83,79,0.512,43,4.75,162,6265,5530,770,1452,270,54,173,741,99,42,585,1274,0.263,0.336,0.425,0.76,2349,103,47,56,47,53,1175,92
278,2009,ARI,NL,70,92,0.432,45,4.44,162,6269,5565,720,1408,307,45,173,686,102,40,571,1298,0.253,0.324,0.418,0.742,2324,93,37,54,41,47,1173,91
279,2009,LAA,AL,97,65,0.599,32,5.45,162,6305,5622,883,1604,293,33,173,841,148,63,547,1054,0.285,0.35,0.441,0.792,2482,128,41,43,52,32,1134,108
280,2008,BOS,AL,95,67,0.586,37,5.22,162,6402,5596,845,1565,353,33,173,807,120,35,646,1068,0.28,0.358,0.447,0.805,2503,147,70,28,62,49,1262,107
281,2000,TEX,AL,71,91,0.438,36,5.23,162,6364,5648,848,1601,330,35,173,806,69,47,580,922,0.283,0.352,0.446,0.798,2520,161,39,48,48,39,1198,100
282,2018,CIN,NL,67,95,0.414,53,4.3,162,6240,5532,696,1404,251,25,172,665,77,33,559,1376,0.254,0.328,0.401,0.729,2221,128,65,49,35,35,1179,95
283,2015,TEX,AL,88,74,0.543,50,4.64,162,6187,5511,751,1419,279,32,172,707,101,39,503,1233,0.257,0.325,0.413,0.739,2278,99,76,43,54,32,1130,98
284,2013,CHC,NL,66,96,0.407,56,3.72,162,6079,5498,602,1307,297,18,172,576,63,32,439,1230,0.238,0.3,0.392,0.693,2156,120,67,43,30,28,1092,89
285,2012,CIN,NL,97,65,0.599,38,4.13,162,6115,5477,669,1377,296,30,172,636,87,27,481,1266,0.251,0.315,0.411,0.726,2249,100,47,73,37,54,1135,93
286,2011,ARI,NL,94,68,0.58,51,4.51,162,6096,5421,731,1357,293,37,172,702,133,55,531,1249,0.25,0.322,0.413,0.736,2240,82,61,50,33,55,1064,99
287,2011,TBR,AL,91,71,0.562,35,4.36,162,6152,5436,707,1324,273,37,172,674,155,62,571,1193,0.244,0.322,0.402,0.724,2187,101,73,37,35,31,1118,104
288,2009,MIN,AL,87,76,0.534,32,5.01,163,6346,5608,817,1539,271,40,172,770,85,32,585,1021,0.274,0.345,0.429,0.774,2406,147,45,51,57,46,1185,104
289,2008,BAL,AL,68,93,0.422,36,4.86,161,6211,5559,782,1486,322,30,172,750,81,37,533,990,0.267,0.333,0.429,0.762,2384,111,42,27,48,37,1134,100
290,2008,NYM,NL,89,73,0.549,50,4.93,162,6388,5606,799,1491,274,38,172,751,138,36,619,1024,0.266,0.34,0.42,0.761,2357,129,39,73,49,71,1220,101
291,2006,SEA,AL,78,84,0.481,37,4.67,162,6213,5670,756,1540,266,42,172,703,106,37,404,974,0.272,0.325,0.424,0.749,2406,117,63,38,38,49,1110,95
292,2003,CHC,NL,88,74,0.543,42,4.47,162,6187,5519,724,1431,302,24,172,691,73,31,492,1158,0.259,0.323,0.416,0.739,2297,135,50,80,46,40,1114,91
293,2015,CHC,NL,97,65,0.599,50,4.25,162,6200,5491,689,1341,272,30,171,657,95,37,567,1518,0.244,0.321,0.398,0.719,2186,101,74,32,35,47,1165,98
294,2013,CLE,AL,92,70,0.568,39,4.6,162,6165,5465,745,1391,290,23,171,711,117,36,562,1283,0.255,0.327,0.41,0.737,2240,106,51,31,56,19,1126,107
295,2008,CLE,AL,81,81,0.5,35,4.97,162,6299,5543,805,1455,339,22,171,772,77,29,560,1213,0.262,0.339,0.424,0.763,2351,123,103,43,49,44,1184,103
296,2007,ARI,NL,90,72,0.556,47,4.4,162,6101,5398,712,1350,286,40,171,687,109,24,532,1111,0.25,0.321,0.413,0.734,2229,121,57,55,58,38,1090,83
297,2007,COL,NL,90,73,0.552,53,5.28,163,6498,5691,860,1591,313,36,171,823,100,31,622,1152,0.28,0.354,0.437,0.791,2489,140,58,83,44,51,1251,98
298,2007,OAK,AL,76,86,0.469,42,4.57,162,6365,5577,741,1430,295,16,171,711,52,20,664,1119,0.256,0.338,0.407,0.745,2270,142,49,18,56,29,1258,101
299,2007,SDP,NL,89,74,0.546,49,4.55,163,6326,5612,741,1408,322,31,171,704,55,24,557,1229,0.251,0.322,0.411,0.732,2305,113,49,64,44,45,1152,97
300,2018,NYM,NL,77,85,0.475,56,4.17,162,6177,5468,676,1282,265,34,170,649,71,39,566,1404,0.234,0.312,0.389,0.701,2125,116,73,28,42,36,1104,96
301,2012,PIT,NL,79,83,0.488,49,4.02,162,6014,5412,651,1313,241,37,170,620,73,52,444,1354,0.243,0.304,0.395,0.699,2138,98,51,62,45,32,1049,93
302,2005,STL,NL,100,62,0.617,40,4.97,162,6246,5538,805,1494,287,26,170,757,83,36,534,947,0.27,0.339,0.423,0.762,2343,127,62,77,35,60,1152,98
303,2016,OAK,AL,69,93,0.426,43,4.03,162,6022,5500,653,1352,270,21,169,634,50,23,442,1145,0.246,0.304,0.395,0.699,2171,142,33,13,34,19,1036,91
304,2011,DET,AL,95,67,0.586,34,4.86,162,6231,5563,787,1540,297,34,169,750,49,20,521,1143,0.277,0.34,0.434,0.773,2412,142,39,50,58,47,1165,109
305,2004,BAL,AL,78,84,0.481,39,5.2,162,6431,5736,842,1614,319,18,169,803,101,41,528,949,0.281,0.345,0.432,0.776,2476,126,57,46,62,34,1216,103
306,2002,CIN,NL,78,84,0.481,43,4.38,162,6254,5470,709,1386,297,21,169,678,116,52,583,1188,0.253,0.33,0.408,0.738,2232,119,66,95,40,66,1169,91
307,2001,SEA,AL,116,46,0.716,32,5.72,162,6474,5680,927,1637,310,38,169,881,174,42,614,989,0.288,0.36,0.445,0.805,2530,112,62,48,70,54,1257,117
308,2017,BOS,AL,93,69,0.574,43,4.85,162,6338,5669,785,1461,302,19,168,735,106,31,571,1224,0.258,0.329,0.407,0.736,2305,141,53,9,36,48,1134,92
309,2016,CHW,AL,78,84,0.481,43,4.23,162,6131,5550,686,1428,277,33,168,656,77,36,455,1285,0.257,0.317,0.41,0.727,2275,122,53,29,44,16,1105,99
310,2005,DET,AL,71,91,0.438,35,4.46,162,6136,5602,723,1521,283,45,168,678,66,28,384,1038,0.272,0.321,0.428,0.75,2398,137,53,44,52,24,1077,100
311,2000,PIT,NL,69,93,0.426,46,4.9,162,6369,5643,793,1506,320,31,168,749,86,40,564,1032,0.267,0.339,0.424,0.762,2392,133,66,59,37,41,1202,92
312,2019,SFG,NL,77,85,0.475,64,4.19,162,6170,5579,678,1332,300,26,167,655,47,28,475,1435,0.239,0.302,0.392,0.694,2185,111,50,24,42,26,1069,83
313,2018,CHC,NL,95,68,0.583,50,4.67,163,6369,5624,761,1453,286,34,167,722,66,38,576,1388,0.258,0.333,0.41,0.744,2308,107,78,40,46,67,1224,97
314,2015,CIN,NL,64,98,0.395,50,3.95,162,6196,5571,640,1382,257,27,167,613,134,38,496,1255,0.248,0.312,0.394,0.706,2194,112,42,47,40,38,1148,92
315,2015,TBR,AL,80,82,0.494,45,3.98,162,6071,5485,644,1383,278,32,167,612,87,45,436,1310,0.252,0.314,0.406,0.72,2226,121,84,19,47,22,1075,100
316,2008,HOU,NL,86,75,0.534,41,4.42,161,6051,5451,712,1432,284,22,167,684,114,52,449,1051,0.263,0.323,0.415,0.737,2261,116,52,57,41,42,1073,95
317,2007,HOU,NL,73,89,0.451,41,4.46,162,6324,5605,723,1457,293,30,167,700,65,33,547,1043,0.26,0.33,0.412,0.742,2311,142,55,77,40,40,1181,91
318,2005,PHI,NL,88,74,0.543,40,4.98,162,6345,5542,807,1494,282,35,167,760,116,27,639,1083,0.27,0.348,0.423,0.772,2347,107,56,62,46,76,1251,98
319,2002,HOU,NL,84,78,0.519,41,4.62,162,6252,5503,749,1441,291,32,167,719,71,27,589,1120,0.262,0.338,0.417,0.755,2297,144,59,64,37,57,1177,93
320,2002,MIN,AL,94,67,0.584,34,4.77,161,6196,5582,768,1518,348,36,167,731,79,62,472,1089,0.272,0.332,0.437,0.769,2439,121,56,34,52,30,1124,103
321,2000,BOS,AL,85,77,0.525,41,4.89,162,6371,5630,792,1503,316,32,167,755,43,30,611,1019,0.267,0.341,0.423,0.764,2384,115,42,40,48,40,1226,90
322,2018,MIN,AL,78,84,0.481,41,4.56,162,6154,5526,738,1379,317,22,166,704,47,27,534,1328,0.25,0.318,0.405,0.723,2238,89,37,19,38,25,1087,96
323,2012,COL,NL,64,98,0.395,49,4.68,162,6183,5577,758,1526,306,52,166,716,100,40,450,1213,0.274,0.33,0.436,0.766,2434,132,36,74,39,34,1111,93
324,2010,PHI,NL,97,65,0.599,42,4.77,162,6291,5581,772,1451,290,34,166,736,108,21,560,1064,0.26,0.332,0.413,0.745,2307,120,63,44,43,69,1194,98
325,2007,BOS,AL,96,66,0.593,33,5.35,162,6426,5589,867,1561,352,35,166,829,96,24,689,1042,0.279,0.362,0.444,0.806,2481,146,64,30,54,54,1291,107
326,2006,CHC,NL,66,96,0.407,46,4.42,162,6147,5587,716,1496,271,46,166,677,121,49,395,928,0.268,0.319,0.422,0.741,2357,135,43,84,37,24,1082,86
327,2003,PHI,NL,86,76,0.531,38,4.88,162,6333,5543,791,1448,325,27,166,757,72,29,651,1155,0.261,0.343,0.419,0.762,2325,120,55,46,38,56,1220,104
328,2001,FLA,NL,76,86,0.469,42,4.58,162,6184,5542,742,1461,325,30,166,713,89,40,470,1145,0.264,0.326,0.423,0.749,2344,118,67,60,45,43,1117,95
329,2017,ATL,NL,72,90,0.444,49,4.52,162,6216,5584,732,1467,289,26,165,706,77,31,474,1184,0.263,0.326,0.412,0.738,2303,137,66,59,32,57,1127,92
330,2013,TBR,AL,92,71,0.564,38,4.29,163,6242,5538,700,1421,296,23,165,670,73,38,589,1171,0.257,0.329,0.408,0.737,2258,140,36,24,55,31,1172,106
331,2012,ARI,NL,81,81,0.5,48,4.53,162,6150,5462,734,1416,307,33,165,710,93,51,539,1266,0.259,0.328,0.418,0.746,2284,108,41,61,45,47,1122,99
332,2012,BOS,AL,69,93,0.426,46,4.53,162,6166,5604,734,1459,339,16,165,695,97,31,428,1197,0.26,0.315,0.415,0.73,2325,105,45,34,55,27,1076,96
333,2007,TOR,AL,83,79,0.512,35,4.65,162,6197,5536,753,1434,344,24,165,719,57,22,533,1044,0.259,0.327,0.419,0.746,2321,127,47,33,48,32,1112,95
334,2002,ARI,NL,98,64,0.605,42,5.06,162,6318,5508,819,1471,283,41,165,783,92,46,643,1016,0.267,0.346,0.423,0.769,2331,130,50,62,53,58,1211,93
335,2002,BAL,AL,67,95,0.414,38,4.12,162,6096,5491,667,1353,311,27,165,636,110,48,452,993,0.246,0.309,0.403,0.712,2213,128,64,40,49,25,1037,92
336,2002,PHI,NL,80,81,0.497,39,4.41,161,6323,5523,710,1428,325,41,165,676,104,43,640,1095,0.259,0.339,0.422,0.761,2330,129,53,67,39,70,1260,105
337,2016,CIN,NL,68,94,0.42,52,4.42,162,6094,5487,716,1403,277,33,164,678,139,51,452,1284,0.256,0.316,0.408,0.724,2238,129,52,58,44,37,1014,91
338,2013,LAA,AL,78,84,0.481,40,4.52,162,6260,5588,733,1476,270,39,164,696,82,34,523,1221,0.264,0.329,0.414,0.743,2316,150,48,37,64,40,1144,110
339,2006,BAL,AL,70,92,0.432,36,4.74,162,6240,5610,768,1556,288,20,164,727,121,32,474,878,0.277,0.339,0.424,0.763,2376,145,73,40,41,35,1177,97
340,2006,WSN,NL,71,91,0.438,57,4.6,162,6283,5495,746,1437,322,22,164,695,123,62,594,1156,0.262,0.338,0.418,0.756,2295,118,69,76,49,66,1194,98
341,2002,ATL,NL,101,59,0.631,38,4.4,161,6224,5495,708,1428,280,25,164,669,76,39,558,1028,0.26,0.331,0.409,0.741,2250,147,54,67,49,68,1185,93
342,2001,MIN,AL,85,77,0.525,36,4.76,162,6185,5560,771,1514,328,38,164,717,146,67,495,1083,0.272,0.337,0.433,0.77,2410,124,64,25,38,42,1101,101
343,2001,PHI,NL,86,76,0.531,46,4.6,162,6219,5497,746,1431,295,29,164,708,153,47,551,1125,0.26,0.329,0.414,0.743,2276,104,43,67,61,52,1157,93
344,2019,PIT,NL,69,93,0.426,54,4.68,162,6228,5657,758,1497,315,38,163,722,64,29,425,1213,0.265,0.321,0.42,0.741,2377,119,63,47,34,41,1103,93
345,2014,HOU,AL,70,92,0.432,39,3.88,162,6055,5447,629,1317,240,19,163,596,122,37,495,1442,0.242,0.309,0.383,0.692,2084,122,55,22,36,27,1086,96
346,2012,DET,AL,88,74,0.543,37,4.48,162,6119,5476,726,1467,279,39,163,698,59,23,511,1103,0.268,0.335,0.422,0.757,2313,156,57,36,39,46,1121,103
347,2011,COL,NL,73,89,0.451,55,4.54,162,6275,5544,735,1429,274,40,163,697,118,42,555,1201,0.258,0.329,0.41,0.739,2272,112,57,75,44,54,1172,88
348,2006,SFG,NL,76,85,0.472,44,4.63,161,6136,5472,746,1418,297,52,163,711,58,25,494,891,0.259,0.324,0.422,0.746,2308,136,53,80,37,76,1092,90
349,2003,PIT,NL,75,87,0.463,46,4.65,162,6315,5581,753,1492,275,45,163,711,86,37,529,1049,0.267,0.338,0.42,0.758,2346,112,87,79,38,42,1214,95
350,2019,KCR,AL,59,103,0.364,47,4.27,162,6080,5496,691,1356,281,40,162,655,117,39,456,1405,0.247,0.309,0.401,0.71,2203,113,59,24,42,17,1056,85
351,2018,SDP,NL,66,96,0.407,49,3.81,162,6059,5486,617,1289,250,30,162,583,95,36,471,1523,0.235,0.297,0.38,0.677,2085,122,31,35,36,28,1028,88
352,2011,STL,NL,90,72,0.556,46,4.7,162,6242,5532,762,1513,308,22,162,726,57,39,542,978,0.273,0.341,0.425,0.766,2351,169,44,84,40,64,1127,112
353,2010,SFG,NL,92,70,0.568,42,4.3,162,6143,5488,697,1411,284,30,162,660,55,32,487,1099,0.257,0.321,0.408,0.729,2241,158,50,76,41,53,1092,98
354,2010,TEX,AL,90,72,0.556,39,4.86,162,6302,5635,787,1556,268,25,162,740,123,48,511,986,0.276,0.338,0.419,0.757,2360,129,45,53,54,37,1174,98
355,2004,ANA,AL,92,70,0.568,35,5.16,162,6296,5675,836,1603,272,37,162,783,143,46,450,942,0.282,0.341,0.429,0.77,2435,123,73,56,41,43,1133,102
356,2003,KCR,AL,83,79,0.512,38,5.16,162,6239,5568,836,1526,288,39,162,781,120,42,476,926,0.274,0.336,0.427,0.763,2378,128,75,63,57,32,1096,95
357,2002,MON,NL,83,79,0.512,43,4.54,162,6250,5479,735,1432,300,36,162,695,118,64,575,1104,0.261,0.334,0.418,0.752,2290,123,46,108,42,85,1158,95
358,2000,TBD,AL,69,92,0.429,39,4.55,161,6206,5505,733,1414,253,22,162,692,90,46,558,1022,0.257,0.329,0.399,0.728,2197,126,51,52,40,25,1140,85
359,2016,PHI,NL,71,91,0.438,49,3.77,162,5992,5434,610,1305,231,35,161,574,96,45,424,1376,0.24,0.301,0.384,0.685,2089,112,58,46,30,33,1043,82
360,2015,BOS,AL,78,84,0.481,44,4.62,162,6237,5640,748,1495,294,33,161,706,71,27,478,1148,0.265,0.325,0.415,0.74,2338,127,46,30,42,28,1142,97
361,2013,PIT,NL,94,68,0.58,48,3.91,162,6135,5486,634,1346,273,35,161,603,94,42,469,1330,0.245,0.313,0.396,0.709,2172,120,88,62,29,41,1126,100
362,2013,WSN,NL,86,76,0.531,44,4.05,162,6047,5436,656,1365,259,27,161,621,88,28,464,1192,0.251,0.313,0.398,0.71,2161,115,40,68,39,35,1071,94
363,2009,CHC,NL,83,78,0.516,45,4.39,161,6244,5486,707,1398,293,29,161,678,56,34,592,1185,0.255,0.332,0.407,0.738,2232,134,59,65,42,44,1209,89
364,2009,CLE,AL,65,97,0.401,40,4.77,162,6320,5568,773,1468,314,28,161,730,84,31,582,1211,0.264,0.339,0.417,0.756,2321,140,81,39,50,20,1198,102
365,2006,SDP,NL,88,74,0.543,46,4.51,162,6287,5576,731,1465,298,38,161,698,123,31,564,1104,0.263,0.332,0.416,0.749,2322,127,40,59,47,37,1188,99
366,2005,HOU,NL,89,73,0.549,36,4.25,163,6139,5462,693,1400,281,32,161,654,115,44,481,1037,0.256,0.322,0.408,0.73,2228,116,72,82,42,43,1136,90
367,2001,PIT,NL,62,100,0.383,49,4.06,162,6027,5398,657,1333,256,25,161,618,93,73,467,1106,0.247,0.313,0.393,0.706,2122,114,67,60,35,51,1058,79
368,2001,SDP,NL,79,83,0.488,48,4.87,162,6278,5482,789,1379,273,26,161,753,129,44,678,1273,0.252,0.336,0.399,0.735,2187,121,41,29,48,37,1160,97
369,2000,COL,NL,82,80,0.506,49,5.98,162,6453,5660,968,1664,320,53,161,905,131,61,601,907,0.294,0.362,0.455,0.816,2573,126,42,75,75,64,1198,87
370,2010,TBR,AL,96,66,0.593,34,4.95,162,6270,5439,802,1343,295,37,160,769,172,47,672,1292,0.247,0.333,0.403,0.736,2192,92,57,39,57,30,1152,105
371,2009,BAL,AL,64,98,0.395,35,4.57,162,6233,5618,741,1508,307,19,160,708,76,37,517,1013,0.268,0.332,0.415,0.747,2333,131,39,13,46,25,1160,95
372,2009,SEA,AL,85,77,0.525,37,3.95,162,6113,5543,640,1430,280,19,160,613,89,33,421,1093,0.258,0.314,0.402,0.716,2228,124,49,56,44,39,1121,92
373,2009,STL,NL,91,71,0.562,42,4.51,162,6168,5465,730,1436,294,29,160,694,75,31,528,1041,0.263,0.332,0.415,0.747,2268,127,61,68,43,73,1152,98
374,2008,COL,NL,74,88,0.457,49,4.61,162,6312,5557,747,1462,310,28,160,714,141,37,570,1209,0.263,0.336,0.415,0.751,2308,119,57,90,38,36,1207,89
375,2006,ARI,NL,76,86,0.469,45,4.77,162,6330,5645,773,1506,331,38,160,743,76,30,504,965,0.267,0.331,0.424,0.755,2393,136,67,61,53,47,1166,89
376,2002,NYM,NL,75,86,0.466,48,4.29,161,6150,5496,690,1409,238,22,160,650,87,42,486,1044,0.256,0.322,0.395,0.717,2171,142,63,75,30,46,1111,92
377,2000,FLA,NL,79,82,0.491,40,4.54,161,6203,5509,731,1441,274,29,160,691,168,55,540,1184,0.262,0.331,0.409,0.74,2253,100,60,42,51,39,1168,91
378,2013,COL,NL,74,88,0.457,42,4.36,162,6152,5599,706,1511,283,36,159,673,112,32,427,1204,0.27,0.323,0.418,0.741,2343,111,26,65,35,26,1118,91
379,2012,STL,NL,88,74,0.543,45,4.72,162,6326,5622,765,1526,290,37,159,732,91,37,533,1192,0.271,0.338,0.421,0.759,2367,135,53,69,49,45,1198,107
380,2009,FLA,NL,87,75,0.537,44,4.77,162,6312,5572,772,1493,296,25,159,727,75,35,568,1226,0.268,0.34,0.416,0.756,2316,110,63,70,39,46,1214,97
381,2008,ARI,NL,82,80,0.506,41,4.44,162,6156,5409,720,1355,318,47,159,683,58,23,587,1287,0.251,0.327,0.415,0.742,2244,105,49,68,43,49,1142,88
382,2008,LAA,AL,100,62,0.617,33,4.72,162,6155,5540,765,1486,274,25,159,721,129,48,481,987,0.268,0.33,0.413,0.743,2287,140,52,32,50,52,1087,95
383,2006,LAA,AL,89,73,0.549,35,4.73,162,6221,5609,766,1539,309,29,159,737,148,57,486,914,0.274,0.334,0.425,0.759,2383,126,42,31,53,49,1121,95
384,2012,PHI,NL,81,81,0.5,49,4.22,162,6172,5544,684,1414,271,28,158,659,116,23,454,1094,0.255,0.317,0.4,0.716,2215,114,63,72,39,41,1135,92
385,2009,CIN,NL,78,84,0.481,46,4.15,162,6187,5462,673,1349,280,25,158,637,96,40,531,1129,0.247,0.318,0.394,0.712,2153,103,53,100,41,37,1131,87
386,2003,CLE,AL,68,94,0.42,39,4.31,162,6188,5572,699,1413,296,26,158,660,86,61,466,1062,0.254,0.316,0.401,0.717,2235,128,62,46,41,25,1068,92
387,2001,ANA,AL,75,87,0.463,33,4.27,162,6226,5551,691,1447,275,26,158,662,116,52,494,1001,0.261,0.327,0.405,0.732,2248,109,77,46,53,34,1203,91
388,2018,PIT,NL,82,79,0.509,48,4.3,161,6066,5447,692,1381,290,38,157,665,70,38,474,1229,0.254,0.317,0.407,0.725,2218,121,59,31,52,38,1071,98
389,2014,CHC,NL,73,89,0.451,48,3.79,162,6102,5508,614,1315,270,31,157,590,65,40,442,1477,0.239,0.3,0.385,0.684,2118,94,54,57,41,29,1069,89
390,2013,MIL,NL,74,88,0.457,40,3.95,162,6064,5474,640,1381,238,43,157,610,142,50,407,1183,0.252,0.311,0.398,0.708,2176,116,71,77,35,22,1071,93
391,2006,COL,NL,76,86,0.469,50,5.02,162,6348,5562,813,1504,325,54,157,761,85,50,561,1108,0.27,0.341,0.433,0.774,2408,119,60,119,45,64,1174,90
392,2005,TBD,AL,67,95,0.414,36,4.63,162,6120,5552,750,1519,289,40,157,717,151,49,412,990,0.274,0.329,0.425,0.754,2359,133,69,34,51,25,1065,101
393,2003,FLA,NL,91,71,0.562,40,4.64,162,6186,5490,751,1459,292,44,157,709,150,74,515,978,0.266,0.333,0.421,0.754,2310,114,57,82,41,44,1114,97
394,2000,SDP,NL,76,86,0.469,55,4.64,162,6291,5560,752,1413,279,37,157,714,131,53,602,1177,0.254,0.33,0.402,0.732,2237,123,46,39,43,50,1155,91
395,2016,LAA,AL,74,88,0.457,41,4.43,162,6041,5431,717,1410,279,20,156,686,73,34,471,991,0.26,0.322,0.405,0.726,2197,147,51,36,49,21,1037,100
396,2015,MIN,AL,83,79,0.512,38,4.3,162,6017,5467,696,1349,277,44,156,661,70,38,439,1264,0.247,0.305,0.399,0.704,2182,133,40,30,41,31,993,92
397,2014,PIT,NL,88,74,0.543,45,4.21,162,6224,5536,682,1436,275,30,156,659,104,47,520,1244,0.259,0.33,0.404,0.734,2239,127,78,54,35,46,1192,106
398,2009,WSN,NL,59,103,0.364,55,4.38,162,6273,5493,710,1416,271,38,156,685,73,40,617,1208,0.258,0.337,0.406,0.743,2231,133,56,64,42,39,1223,96
399,2018,KCR,AL,58,104,0.358,41,3.94,162,6063,5505,638,1350,283,29,155,606,117,38,427,1310,0.245,0.305,0.392,0.697,2156,123,67,24,40,13,1063,90
400,2014,CHW,AL,73,89,0.451,36,4.07,162,6077,5543,660,1400,279,32,155,625,85,36,417,1362,0.253,0.31,0.398,0.708,2208,127,60,19,38,33,1071,102
401,2014,DET,AL,90,72,0.556,37,4.67,162,6202,5630,757,1557,325,26,155,731,106,41,443,1144,0.277,0.331,0.426,0.757,2399,137,44,24,61,51,1111,113
402,2014,LAA,AL,98,64,0.605,41,4.77,162,6285,5652,773,1464,304,31,155,729,81,39,492,1266,0.259,0.322,0.406,0.728,2295,112,60,26,54,42,1113,110
403,2013,CIN,NL,90,72,0.556,39,4.31,162,6293,5499,698,1370,274,20,155,664,67,35,585,1245,0.249,0.327,0.391,0.718,2149,129,76,85,46,65,1191,98
404,2011,LAA,AL,86,76,0.531,34,4.12,162,6088,5513,667,1394,289,34,155,629,135,52,442,1086,0.253,0.313,0.402,0.714,2216,126,51,50,32,33,1051,102
405,2010,LAA,AL,80,82,0.494,38,4.2,162,6089,5488,681,1363,276,19,155,656,104,52,466,1070,0.248,0.311,0.39,0.702,2142,125,52,42,37,28,1049,94
406,2005,OAK,AL,88,74,0.543,33,4.77,162,6275,5627,772,1476,310,20,155,739,31,22,537,819,0.262,0.33,0.407,0.737,2291,148,52,19,40,22,1170,96
407,2003,MIN,AL,90,72,0.556,33,4.94,162,6324,5655,801,1567,318,45,155,755,94,44,512,1027,0.277,0.341,0.431,0.772,2440,139,63,42,52,36,1166,102
408,2002,LAD,NL,92,70,0.568,41,4.4,162,6146,5554,713,1464,286,29,155,693,96,37,428,940,0.264,0.32,0.409,0.729,2273,140,53,67,44,50,1087,98
409,2015,ARI,NL,79,83,0.488,50,4.44,162,6276,5649,720,1494,289,48,154,680,132,44,490,1312,0.264,0.324,0.414,0.738,2341,134,33,46,57,40,1153,97
410,2011,CHW,AL,79,83,0.488,34,4.04,162,6159,5502,654,1387,252,16,154,625,81,53,475,989,0.252,0.319,0.388,0.706,2133,125,84,52,46,31,1126,89
411,2011,CLE,AL,80,82,0.494,37,4.35,162,6142,5509,704,1380,290,26,154,671,89,42,494,1269,0.25,0.317,0.396,0.714,2184,111,65,31,43,30,1075,100
412,2011,WSN,NL,80,81,0.497,44,3.88,161,6090,5441,624,1319,257,22,154,594,106,38,470,1323,0.242,0.309,0.383,0.691,2082,103,65,82,32,40,1114,89
413,2008,SDP,NL,63,99,0.389,59,3.93,162,6244,5568,637,1390,264,27,154,615,36,17,518,1259,0.25,0.317,0.39,0.707,2170,129,53,59,46,35,1181,96
414,2016,PIT,NL,78,83,0.484,55,4.5,162,6261,5542,729,1426,277,32,153,696,110,45,561,1334,0.257,0.332,0.402,0.734,2226,133,81,41,36,39,1173,96
415,2011,PHI,NL,102,60,0.63,42,4.4,162,6279,5579,713,1409,258,38,153,693,96,24,539,1024,0.253,0.323,0.395,0.717,2202,108,56,65,38,52,1197,96
416,2008,PIT,NL,67,95,0.414,47,4.54,162,6278,5628,735,1454,314,21,153,705,57,19,474,1039,0.258,0.32,0.403,0.723,2269,111,59,66,51,40,1135,92
417,2007,SEA,AL,88,74,0.543,35,4.9,162,6209,5684,794,1629,284,22,153,754,81,30,389,861,0.287,0.337,0.425,0.762,2416,154,62,33,40,32,1128,103
418,2006,LAD,NL,88,74,0.543,50,5.06,162,6394,5628,820,1552,307,58,153,787,128,49,601,959,0.276,0.348,0.432,0.781,2434,140,51,66,48,61,1223,99
419,2003,DET,AL,43,119,0.265,35,3.65,162,6071,5466,591,1312,201,39,153,553,98,63,443,1099,0.24,0.3,0.375,0.675,2050,114,47,65,49,24,1047,83
420,2014,WSN,NL,96,66,0.593,40,4.23,162,6216,5542,686,1403,265,27,152,635,101,23,517,1304,0.253,0.321,0.393,0.714,2178,115,56,60,41,29,1160,96
421,2010,DET,AL,81,81,0.5,37,4.64,162,6312,5643,751,1515,308,32,152,717,69,30,546,1147,0.268,0.335,0.415,0.75,2343,118,41,41,41,50,1229,102
422,2010,FLA,NL,80,82,0.494,56,4.44,162,6194,5531,719,1403,294,37,152,686,92,26,514,1375,0.254,0.321,0.403,0.724,2227,107,55,51,43,42,1154,92
423,2003,ARI,NL,84,78,0.519,43,4.43,162,6261,5570,717,1467,303,47,152,696,76,38,531,1006,0.263,0.33,0.417,0.746,2320,126,45,63,52,63,1185,87
424,2003,BAL,AL,71,91,0.438,35,4.56,163,6241,5665,743,1516,277,24,152,695,89,36,431,902,0.268,0.323,0.405,0.729,2297,123,54,51,40,32,1121,92
425,2002,ANA,AL,99,63,0.611,34,5.25,162,6327,5678,851,1603,333,32,152,811,117,51,462,805,0.282,0.341,0.433,0.773,2456,105,74,49,64,42,1165,105
426,2002,COL,NL,73,89,0.451,43,4.8,162,6165,5512,778,1508,283,41,152,726,103,53,497,1043,0.274,0.337,0.423,0.76,2329,133,56,49,50,40,1094,88
427,2002,SEA,AL,93,69,0.574,32,5.02,162,6362,5569,814,1531,285,31,152,771,137,58,629,1003,0.275,0.35,0.419,0.769,2334,123,51,41,72,62,1239,107
428,2001,KCR,AL,65,97,0.401,38,4.5,162,6176,5643,729,1503,277,37,152,691,100,42,406,898,0.266,0.318,0.409,0.727,2310,134,44,36,47,31,1086,86
429,2017,PIT,NL,75,87,0.463,47,4.12,162,6136,5458,668,1331,249,36,151,635,67,36,519,1213,0.244,0.318,0.386,0.704,2105,120,88,42,28,39,1129,86
430,2015,DET,AL,74,87,0.46,40,4.28,161,6159,5605,689,1515,289,49,151,660,83,51,455,1259,0.27,0.328,0.42,0.748,2355,152,41,23,35,36,1111,105
431,2013,MIN,AL,66,96,0.407,35,3.79,162,6212,5564,614,1346,285,15,151,590,52,33,533,1430,0.242,0.312,0.38,0.692,2114,103,52,29,32,20,1206,90
432,2007,CHC,NL,85,77,0.525,47,4.64,162,6268,5643,752,1530,340,28,151,711,86,33,500,1054,0.271,0.333,0.422,0.754,2379,127,40,48,37,48,1190,90
433,2004,MON,NL,67,95,0.414,46,3.92,162,6138,5474,635,1361,276,27,151,605,109,38,496,925,0.249,0.313,0.392,0.705,2144,115,35,100,33,51,1123,79
434,2018,TBR,AL,90,72,0.556,46,4.42,162,6195,5475,716,1415,274,43,150,664,128,51,540,1388,0.258,0.333,0.406,0.74,2225,122,101,28,50,17,1156,105
435,2014,MIL,NL,82,80,0.506,40,4.01,162,6065,5462,650,1366,297,28,150,617,102,43,423,1197,0.25,0.311,0.397,0.708,2169,135,73,70,37,32,1049,95
436,2010,STL,NL,86,76,0.531,42,4.54,162,6241,5542,736,1456,285,18,150,689,79,41,541,1027,0.263,0.332,0.402,0.733,2227,124,50,66,40,78,1164,100
437,2005,COL,NL,67,95,0.414,54,4.57,162,6238,5542,740,1477,280,34,150,704,65,32,509,1103,0.267,0.333,0.411,0.744,2275,125,64,88,34,36,1197,85
438,2004,KCR,AL,58,104,0.358,48,4.44,162,6153,5538,720,1432,261,29,150,675,67,48,461,1057,0.259,0.322,0.397,0.72,2201,130,76,40,38,28,1099,86
439,2003,ANA,AL,77,85,0.475,36,4.54,162,6119,5487,736,1473,276,33,150,687,129,61,476,838,0.268,0.33,0.413,0.743,2265,125,56,50,50,42,1086,97
440,2000,KCR,AL,77,85,0.475,33,5.43,162,6394,5709,879,1644,281,27,150,831,121,35,511,840,0.288,0.348,0.425,0.773,2429,139,48,56,70,28,1184,93
441,2019,DET,AL,47,114,0.292,38,3.61,161,6039,5549,582,1333,292,41,149,556,57,20,391,1595,0.24,0.294,0.388,0.682,2154,108,48,9,42,14,1069,79
442,2012,ATL,NL,94,68,0.58,41,4.32,162,6126,5425,700,1341,263,30,149,660,101,32,567,1289,0.247,0.32,0.389,0.709,2111,108,34,53,46,37,1127,90
443,2012,SEA,AL,75,87,0.463,34,3.82,162,6057,5494,619,1285,241,27,149,584,104,35,466,1259,0.234,0.296,0.369,0.665,2027,95,30,32,35,21,1052,88
444,2011,FLA,NL,72,90,0.444,44,3.86,162,6232,5508,625,1358,274,30,149,596,95,41,542,1244,0.247,0.318,0.388,0.706,2139,111,51,89,42,38,1198,93
445,2010,CHC,NL,75,87,0.463,44,4.23,162,6140,5512,685,1414,298,27,149,658,55,31,479,1236,0.257,0.32,0.401,0.721,2213,124,50,60,38,32,1129,90
446,2010,WSN,NL,69,93,0.426,46,4.04,162,6100,5418,655,1355,250,31,149,634,110,41,503,1220,0.25,0.318,0.39,0.708,2114,125,60,71,47,36,1113,91
447,2009,ATL,NL,86,76,0.531,45,4.54,162,6335,5539,735,1459,300,20,149,700,58,26,602,1064,0.263,0.339,0.405,0.744,2246,142,52,95,47,54,1223,97
448,2005,LAD,NL,71,91,0.438,44,4.23,162,6134,5433,685,1374,284,21,149,653,58,35,541,1094,0.253,0.326,0.395,0.721,2147,139,67,57,33,30,1135,90
449,2015,SDP,NL,74,88,0.457,46,4.01,162,6019,5457,650,1324,260,36,148,623,82,29,426,1327,0.243,0.3,0.385,0.685,2100,108,40,52,42,22,1028,91
450,2013,CHW,AL,63,99,0.389,40,3.69,162,6077,5563,598,1385,237,19,148,574,105,42,411,1207,0.249,0.302,0.378,0.68,2104,124,34,19,48,23,1068,84
451,2013,HOU,AL,51,111,0.315,41,3.77,162,6020,5457,610,1307,266,16,148,566,110,61,426,1535,0.24,0.299,0.375,0.674,2049,110,52,46,38,17,1007,86
452,2011,CHC,NL,71,91,0.438,42,4.04,162,6130,5549,654,1423,285,36,148,610,69,23,425,1202,0.256,0.314,0.401,0.715,2224,123,59,60,35,35,1141,95
453,2007,PIT,NL,68,94,0.42,46,4.47,162,6214,5569,724,1463,322,31,148,694,68,30,463,1135,0.263,0.325,0.411,0.736,2291,130,71,60,51,31,1119,92
454,2004,FLA,NL,83,79,0.512,44,4.43,162,6160,5486,718,1447,275,32,148,677,96,43,499,968,0.264,0.329,0.406,0.736,2230,142,58,77,40,37,1127,94
455,2016,KCR,AL,81,81,0.5,36,4.17,162,6052,5552,675,1450,264,33,147,640,121,35,382,1224,0.261,0.312,0.4,0.712,2221,134,45,38,34,23,1049,90
456,2014,NYY,AL,84,78,0.519,41,3.91,162,6082,5497,633,1349,247,26,147,591,112,26,452,1133,0.245,0.307,0.38,0.687,2089,111,56,29,47,16,1098,94
457,2005,LAA,AL,95,67,0.586,35,4.7,162,6186,5624,761,1520,278,30,147,726,161,57,447,848,0.27,0.325,0.409,0.734,2299,125,29,43,39,51,1086,96
458,2001,NYM,NL,82,80,0.506,44,3.96,162,6156,5459,642,1361,273,18,147,608,66,48,545,1062,0.249,0.323,0.387,0.71,2111,124,65,52,35,59,1181,87
459,2019,MIA,NL,57,105,0.352,50,3.8,162,6045,5512,615,1326,265,18,146,593,55,30,395,1469,0.241,0.298,0.375,0.673,2065,139,73,31,33,16,1034,78
460,2015,OAK,AL,68,94,0.42,41,4.28,162,6171,5600,694,1405,277,46,146,661,78,29,475,1119,0.251,0.312,0.395,0.707,2212,124,40,14,38,21,1102,96
461,2014,OAK,AL,88,74,0.543,39,4.5,162,6245,5545,729,1354,253,33,146,686,83,20,586,1104,0.244,0.32,0.381,0.7,2111,118,49,19,43,34,1147,100
462,2013,SDP,NL,76,86,0.469,47,3.81,162,6122,5517,618,1349,246,26,146,578,118,34,467,1309,0.245,0.308,0.378,0.686,2085,99,52,52,34,36,1126,97
463,2012,HOU,NL,55,107,0.34,50,3.6,162,6014,5407,583,1276,238,28,146,545,105,46,463,1365,0.236,0.302,0.371,0.673,2008,114,58,54,30,19,1090,82
464,2002,FLA,NL,79,83,0.488,41,4.31,162,6263,5496,699,1433,280,32,146,653,177,73,595,1130,0.261,0.337,0.403,0.74,2215,129,61,59,49,69,1190,97
465,2015,MIL,NL,68,94,0.42,49,4.04,162,6024,5480,655,1378,274,34,145,624,84,29,412,1299,0.251,0.307,0.393,0.7,2155,130,41,55,34,35,1026,91
466,2009,LAD,NL,95,67,0.586,47,4.81,162,6385,5592,780,1511,278,39,145,739,116,48,607,1068,0.27,0.346,0.412,0.758,2302,141,63,78,44,76,1224,104
467,2004,TBD,AL,70,91,0.435,37,4.43,161,6098,5483,714,1416,278,46,145,685,132,42,469,944,0.258,0.32,0.405,0.725,2221,97,55,35,56,33,1096,91
468,2004,TOR,AL,67,94,0.416,36,4.47,161,6178,5531,719,1438,290,34,145,680,58,31,513,1083,0.26,0.328,0.403,0.732,2231,139,71,20,42,25,1164,87
469,2013,NYY,AL,85,77,0.525,46,4.01,162,6045,5449,650,1321,247,24,144,614,115,31,466,1214,0.242,0.307,0.376,0.683,2048,121,57,36,36,33,1064,88
470,2009,KCR,AL,65,97,0.401,34,4.23,162,6103,5532,686,1432,276,51,144,657,88,29,457,1091,0.259,0.318,0.405,0.724,2242,135,42,38,32,20,1090,92
471,2003,MON,NL,83,79,0.512,43,4.39,162,6116,5437,711,1404,294,25,144,682,100,39,522,990,0.258,0.326,0.401,0.727,2180,143,45,72,40,58,1102,85
472,2000,PHI,NL,65,97,0.401,51,4.37,162,6273,5511,708,1386,304,40,144,668,102,30,611,1117,0.251,0.329,0.4,0.729,2202,115,44,70,37,40,1209,83
473,2006,MIN,AL,96,66,0.593,35,4.94,162,6228,5602,801,1608,275,34,143,754,101,42,490,872,0.287,0.347,0.425,0.771,2380,163,50,31,55,46,1143,101
474,2014,CLE,AL,85,77,0.525,43,4.13,162,6222,5575,669,1411,284,23,142,644,104,27,504,1189,0.253,0.317,0.389,0.706,2167,126,42,51,49,24,1154,97
475,2010,MIN,AL,94,68,0.58,36,4.82,162,6257,5568,781,1521,318,41,142,749,68,28,559,967,0.273,0.341,0.422,0.762,2347,159,39,38,53,45,1156,109
476,2009,HOU,NL,74,88,0.457,42,3.97,162,6040,5436,643,1415,270,32,142,616,113,44,448,990,0.26,0.319,0.4,0.719,2175,153,43,66,45,37,1080,91
477,2007,BAL,AL,69,93,0.426,35,4.67,162,6264,5631,756,1529,306,30,142,718,144,42,500,939,0.272,0.333,0.412,0.746,2321,139,47,38,47,31,1152,95
478,2004,PIT,NL,72,89,0.447,43,4.22,161,6115,5483,680,1428,267,39,142,648,63,40,415,1066,0.26,0.321,0.401,0.722,2199,117,95,79,42,33,1123,87
479,2002,PIT,NL,72,89,0.447,38,3.98,161,6049,5330,641,1300,263,20,142,610,86,49,537,1109,0.244,0.319,0.381,0.7,2029,97,73,68,41,44,1149,82
480,2015,CLE,AL,81,80,0.503,38,4.16,161,6109,5439,669,1395,303,29,141,640,86,28,533,1157,0.256,0.325,0.401,0.725,2179,134,39,47,50,34,1147,93
481,2009,SDP,NL,75,87,0.463,56,3.94,162,6179,5425,638,1315,265,31,141,605,82,29,586,1182,0.242,0.321,0.381,0.701,2065,131,57,74,36,52,1168,93
482,2007,STL,NL,78,84,0.481,45,4.48,162,6211,5529,725,1513,279,13,141,690,56,33,506,909,0.274,0.337,0.405,0.743,2241,154,54,68,54,47,1167,92
483,2006,PIT,NL,67,95,0.414,42,4.27,162,6218,5558,691,1462,286,17,141,656,68,23,459,1200,0.263,0.327,0.397,0.723,2205,153,89,62,49,49,1175,86
484,2015,PIT,NL,98,64,0.605,46,4.3,162,6285,5631,697,1462,292,27,140,661,98,45,461,1322,0.26,0.323,0.396,0.719,2228,115,89,63,41,46,1166,97
485,2013,PHI,NL,73,89,0.451,51,3.77,162,6014,5456,610,1355,255,32,140,578,73,29,417,1205,0.248,0.306,0.384,0.69,2094,131,53,57,31,41,1061,91
486,2002,KCR,AL,62,100,0.383,41,4.55,162,6206,5535,737,1415,285,42,140,695,140,65,524,921,0.256,0.323,0.398,0.721,2204,106,52,44,51,27,1092,84
487,2015,KCR,AL,95,67,0.586,35,4.47,162,6116,5575,724,1497,300,42,139,689,104,34,383,973,0.269,0.322,0.412,0.734,2298,133,77,34,47,28,1079,98
488,2012,NYM,NL,74,88,0.457,49,4.01,162,6091,5450,650,1357,286,21,139,625,79,38,503,1250,0.249,0.316,0.386,0.701,2102,118,42,64,30,43,1118,94
489,2010,ATL,NL,91,71,0.562,43,4.56,162,6252,5463,738,1411,312,25,139,699,63,29,634,1140,0.258,0.339,0.401,0.74,2190,136,51,69,35,50,1222,101
490,2005,PIT,NL,67,95,0.414,44,4.2,162,6221,5573,680,1445,292,38,139,656,73,30,471,1092,0.259,0.322,0.4,0.723,2230,130,72,56,49,38,1193,90
491,2004,SDP,NL,87,75,0.537,47,4.74,162,6313,5573,768,1521,304,32,139,722,52,25,566,910,0.273,0.342,0.414,0.756,2306,128,56,52,66,45,1235,104
492,2003,SEA,AL,93,69,0.574,32,4.91,162,6281,5561,795,1509,290,33,139,759,108,37,586,989,0.271,0.344,0.41,0.754,2282,130,53,35,46,34,1202,103
493,2002,MIL,NL,56,106,0.346,49,3.87,162,6083,5415,627,1369,269,29,139,597,94,50,500,1125,0.253,0.32,0.39,0.711,2113,144,55,79,34,37,1086,88
494,2001,DET,AL,66,96,0.407,36,4.47,162,6145,5537,724,1439,291,60,139,691,133,61,466,972,0.26,0.32,0.409,0.73,2267,120,51,41,49,26,1093,97
495,2013,LAD,NL,92,70,0.568,49,4.01,162,6145,5491,649,1447,281,17,138,618,78,28,476,1146,0.264,0.326,0.396,0.722,2176,130,57,71,48,45,1175,103
496,2015,STL,NL,100,62,0.617,46,3.99,162,6139,5484,647,1386,288,39,137,619,69,38,506,1267,0.253,0.321,0.394,0.716,2163,128,66,39,42,47,1152,95
497,2012,CHC,NL,61,101,0.377,53,3.78,162,5967,5411,613,1297,265,36,137,570,94,45,447,1235,0.24,0.302,0.378,0.68,2045,125,43,42,24,29,1044,83
498,2012,MIA,NL,69,93,0.426,45,3.76,162,6057,5437,609,1327,261,39,137,576,149,41,484,1228,0.244,0.308,0.382,0.69,2077,114,35,60,40,46,1092,85
499,2008,LAD,NL,84,78,0.519,46,4.32,162,6194,5506,700,1455,271,29,137,659,126,43,543,1032,0.264,0.333,0.399,0.732,2195,153,43,64,38,62,1161,93
500,2003,TBD,AL,63,99,0.389,41,4.41,162,6212,5654,715,1501,298,38,137,678,142,42,420,1030,0.265,0.32,0.404,0.724,2286,108,56,32,50,46,1129,94
501,2015,CHW,AL,76,86,0.469,31,3.84,162,6070,5533,622,1381,260,27,136,595,68,42,404,1231,0.25,0.306,0.38,0.686,2103,125,65,30,37,22,1065,92
502,2015,SFG,NL,84,78,0.519,48,4.3,162,6153,5565,696,1486,288,39,136,663,93,36,457,1159,0.267,0.326,0.406,0.732,2260,142,49,45,37,30,1130,101
503,2014,SEA,AL,87,75,0.537,38,3.91,162,5977,5450,634,1328,247,32,136,600,96,42,396,1232,0.244,0.3,0.376,0.676,2047,112,60,35,34,33,1008,95
504,2012,CLE,AL,68,94,0.42,38,4.12,162,6195,5525,667,1385,266,24,136,635,110,44,555,1087,0.251,0.324,0.381,0.705,2107,141,59,17,39,28,1162,99
505,2005,TOR,AL,80,82,0.494,30,4.78,162,6233,5581,775,1480,307,39,136,735,72,35,486,955,0.265,0.331,0.407,0.738,2273,126,89,21,56,18,1118,94
506,2004,SEA,AL,63,99,0.389,38,4.31,162,6362,5722,698,1544,276,20,136,658,110,42,492,1058,0.27,0.331,0.396,0.727,2268,131,54,46,48,49,1241,91
507,2002,SDP,NL,66,96,0.407,59,4.09,162,6178,5515,662,1393,243,29,136,627,71,44,547,1062,0.253,0.321,0.381,0.702,2102,132,30,45,41,42,1158,93
508,2001,BAL,AL,63,98,0.391,40,4.24,162,6151,5472,687,1359,262,24,136,663,133,53,514,989,0.248,0.319,0.38,0.699,2077,121,77,38,49,26,1106,88
509,2018,DET,AL,64,98,0.395,43,3.89,162,6029,5494,630,1326,284,35,135,597,70,30,428,1341,0.241,0.3,0.38,0.68,2085,110,52,15,40,18,1071,83
510,2009,OAK,AL,75,87,0.463,37,4.69,162,6247,5584,759,1464,307,21,135,723,133,48,527,1046,0.262,0.328,0.397,0.726,2218,130,50,31,54,16,1130,92
511,2004,ARI,NL,51,111,0.315,52,3.8,162,6114,5544,615,1401,295,38,135,582,53,32,441,1022,0.253,0.31,0.393,0.703,2177,137,35,56,37,38,1108,77
512,2004,MIL,NL,67,94,0.416,41,3.94,161,6195,5483,634,1358,295,32,135,601,138,40,540,1312,0.248,0.321,0.387,0.708,2122,120,68,56,40,49,1199,83
513,2014,LAD,NL,94,68,0.58,48,4.43,162,6231,5560,718,1476,302,38,134,686,138,50,519,1246,0.265,0.333,0.406,0.738,2256,119,61,47,43,30,1159,110
514,2005,MIN,AL,83,79,0.512,33,4.25,162,6192,5564,688,1441,269,32,134,644,102,44,485,978,0.259,0.323,0.391,0.714,2176,155,59,42,42,49,1109,88
515,2018,SFG,NL,73,89,0.451,48,3.72,162,6113,5541,603,1324,255,30,133,573,77,34,448,1467,0.239,0.3,0.368,0.667,2038,113,49,33,42,40,1101,85
516,2010,BAL,AL,66,96,0.407,36,3.78,162,6109,5554,613,1440,264,21,133,577,76,34,424,1056,0.259,0.316,0.386,0.702,2145,154,54,31,45,32,1139,92
517,2002,TBD,AL,55,106,0.342,32,4.18,161,6198,5604,673,1418,297,35,133,640,102,45,456,1115,0.253,0.314,0.39,0.704,2184,116,58,44,36,29,1132,89
518,2014,SFG,NL,88,74,0.543,46,4.1,162,6087,5523,665,1407,257,42,132,636,56,27,427,1245,0.255,0.311,0.388,0.699,2144,113,43,45,49,37,1095,100
519,2010,SDP,NL,90,72,0.556,40,4.1,162,6148,5434,665,1338,236,24,132,630,124,50,538,1183,0.246,0.317,0.371,0.689,2018,106,50,79,46,67,1125,93
520,2014,CIN,NL,76,86,0.469,45,3.67,162,5978,5395,595,1282,254,20,131,562,122,52,415,1252,0.238,0.296,0.365,0.661,1969,88,52,76,37,22,1037,85
521,2012,KCR,AL,72,90,0.444,36,4.17,162,6149,5636,676,1492,295,37,131,643,132,38,404,1032,0.265,0.317,0.4,0.716,2254,130,42,26,41,35,1087,94
522,2012,MIN,AL,66,96,0.407,37,4.33,162,6209,5562,701,1448,270,30,131,666,135,37,505,1069,0.26,0.325,0.39,0.715,2171,149,53,33,56,28,1144,98
523,2007,SFG,NL,71,91,0.438,44,4.22,162,6213,5538,683,1407,267,37,131,641,119,33,532,907,0.254,0.322,0.387,0.708,2141,142,39,67,36,74,1141,82
524,2001,MON,NL,68,94,0.42,47,4.14,162,6026,5379,670,1361,320,28,131,622,101,51,478,1071,0.253,0.319,0.396,0.715,2130,151,60,64,45,59,1024,83
525,2016,SFG,NL,87,75,0.537,45,4.41,162,6271,5565,715,1437,280,54,130,675,79,36,572,1107,0.258,0.329,0.398,0.728,2215,120,42,42,46,43,1188,97
526,2015,PHI,NL,63,99,0.389,50,3.86,162,6053,5529,626,1374,272,37,130,586,88,32,387,1274,0.249,0.303,0.382,0.684,2110,119,54,53,29,20,1066,89
527,2013,ARI,NL,81,81,0.5,44,4.23,162,6334,5676,685,1468,302,31,130,647,62,41,519,1142,0.259,0.323,0.391,0.715,2222,160,43,50,43,51,1160,96
528,2013,NYM,NL,74,88,0.457,53,3.82,162,6207,5559,619,1318,263,32,130,593,114,35,512,1384,0.237,0.306,0.366,0.672,2035,106,51,53,32,40,1137,91
529,2008,ATL,NL,72,90,0.444,49,4.65,162,6368,5604,753,1514,316,33,130,721,58,27,618,1023,0.27,0.345,0.408,0.753,2286,143,42,69,34,56,1274,99
530,2005,SDP,NL,82,80,0.506,46,4.22,162,6271,5502,684,1416,269,39,130,655,99,44,600,977,0.257,0.333,0.391,0.724,2153,122,49,72,48,41,1220,97
531,2005,SEA,AL,69,93,0.426,39,4.31,162,6095,5507,699,1408,289,34,130,657,102,47,466,986,0.256,0.317,0.391,0.709,2155,115,48,37,37,50,1076,92
532,2011,KCR,AL,71,91,0.438,34,4.51,162,6267,5672,730,1560,325,41,129,705,153,58,442,1006,0.275,0.329,0.415,0.744,2354,121,39,55,57,37,1156,104
533,2007,LAD,NL,82,80,0.506,45,4.54,162,6282,5614,735,1544,276,35,129,706,137,50,511,864,0.275,0.337,0.406,0.743,2277,116,41,58,55,41,1200,91
534,2018,MIA,NL,63,98,0.391,51,3.66,161,6083,5488,589,1303,222,24,128,554,45,31,455,1384,0.237,0.303,0.357,0.659,1957,119,73,32,31,26,1123,83
535,2017,SFG,NL,64,98,0.395,49,3.94,162,6137,5551,639,1382,290,28,128,612,76,34,467,1204,0.249,0.309,0.38,0.689,2112,136,36,31,52,37,1093,81
536,2016,MIA,NL,79,82,0.491,52,4.07,161,6134,5547,655,1460,259,42,128,626,71,28,447,1213,0.263,0.322,0.394,0.716,2187,140,54,46,38,40,1171,96
537,2014,MIN,AL,70,92,0.432,38,4.41,162,6233,5567,715,1412,316,27,128,675,99,36,544,1329,0.254,0.324,0.389,0.713,2166,97,53,25,44,29,1176,100
538,2010,CLE,AL,69,93,0.426,38,3.99,162,6165,5487,646,1362,290,20,128,601,91,33,545,1184,0.248,0.322,0.378,0.7,2076,118,64,36,33,34,1186,96
539,2010,NYM,NL,79,83,0.488,47,4.05,162,6144,5465,656,1361,266,40,128,625,130,44,502,1095,0.249,0.314,0.383,0.697,2091,101,46,74,57,53,1124,90
540,2005,FLA,NL,83,79,0.512,47,4.43,162,6214,5502,717,1499,306,32,128,678,96,38,512,918,0.272,0.339,0.409,0.748,2253,144,67,82,50,61,1181,101
541,2005,SFG,NL,75,87,0.463,49,4.01,162,6077,5462,649,1427,299,26,128,617,71,35,431,901,0.261,0.319,0.396,0.714,2162,147,49,91,44,26,1093,86
542,2003,SDP,NL,64,98,0.395,51,4.19,162,6246,5531,678,1442,257,32,128,641,76,39,565,1073,0.261,0.333,0.388,0.721,2147,142,57,50,42,34,1219,96
543,2010,PIT,NL,57,105,0.352,52,3.62,162,5974,5386,587,1303,276,27,126,570,87,36,463,1207,0.242,0.304,0.373,0.678,2011,119,33,58,33,28,1078,84
544,2008,TOR,AL,86,76,0.531,38,4.41,162,6191,5503,714,1453,303,32,126,681,80,27,521,938,0.264,0.331,0.399,0.731,2198,150,59,48,56,34,1155,96
545,2005,KCR,AL,56,106,0.346,39,4.33,162,6086,5503,701,1445,289,34,126,653,53,33,424,1008,0.263,0.32,0.396,0.716,2180,139,63,46,50,23,1062,91
546,2014,NYM,NL,79,83,0.488,45,3.88,162,6145,5472,629,1306,275,19,125,602,101,34,516,1264,0.239,0.308,0.364,0.673,1994,112,54,59,44,42,1123,93
547,2014,PHI,NL,73,89,0.451,49,3.82,162,6198,5603,619,1356,251,27,125,584,109,26,443,1306,0.242,0.302,0.363,0.665,2036,94,55,59,37,42,1147,85
548,2013,STL,NL,97,65,0.599,44,4.83,162,6202,5557,783,1494,322,20,125,745,45,22,481,1110,0.269,0.332,0.401,0.733,2231,154,64,56,44,38,1087,102
549,2009,PIT,NL,62,99,0.385,49,3.95,161,6058,5417,636,1364,289,34,125,612,90,32,499,1142,0.252,0.318,0.387,0.705,2096,124,46,60,36,44,1124,87
550,2008,OAK,AL,75,86,0.466,40,4.01,161,6138,5451,646,1318,270,23,125,610,88,21,574,1226,0.242,0.318,0.369,0.686,2009,126,48,30,35,23,1166,87
551,2008,SEA,AL,61,101,0.377,36,4.14,162,6176,5643,671,1498,285,20,124,631,90,32,417,890,0.265,0.318,0.389,0.707,2195,137,38,36,42,44,1151,90
552,2006,KCR,AL,62,100,0.383,38,4.67,162,6229,5589,757,1515,335,37,124,718,65,34,474,1040,0.271,0.332,0.411,0.743,2296,130,64,52,48,32,1144,91
553,2003,LAD,NL,85,77,0.525,44,3.54,162,6036,5458,574,1328,260,25,124,544,80,36,407,985,0.243,0.303,0.368,0.671,2010,121,72,71,28,43,1108,79
554,2003,NYM,NL,66,95,0.41,50,3.99,161,6007,5341,642,1317,262,24,124,607,70,31,489,1035,0.247,0.314,0.374,0.688,1999,136,54,78,45,42,1086,81
555,2002,DET,AL,55,106,0.342,37,3.57,161,5920,5406,575,1340,265,37,124,546,65,44,363,1035,0.248,0.3,0.379,0.679,2051,125,64,30,57,22,1029,86
556,2014,ATL,NL,79,83,0.488,39,3.54,162,6064,5468,573,1316,240,22,123,545,95,33,472,1369,0.241,0.305,0.36,0.665,1969,121,43,53,27,31,1128,88
557,2014,BOS,AL,71,91,0.438,50,3.91,162,6226,5551,634,1355,282,20,123,601,63,25,535,1337,0.244,0.316,0.369,0.684,2046,138,68,20,52,36,1168,91
558,2007,LAA,AL,94,68,0.58,35,5.07,162,6198,5554,822,1578,324,23,123,776,139,55,507,883,0.284,0.345,0.417,0.762,2317,146,40,32,65,55,1100,99
559,2007,WSN,NL,73,89,0.451,47,4.15,162,6201,5520,673,1415,309,31,123,646,69,23,524,1128,0.256,0.325,0.39,0.715,2155,143,53,63,41,38,1163,89
560,2016,ATL,NL,68,93,0.422,60,4.03,161,6192,5514,649,1404,295,27,122,615,75,34,502,1240,0.255,0.321,0.384,0.705,2119,145,59,64,52,60,1160,89
561,2014,MIA,NL,77,85,0.475,45,3.98,162,6185,5538,645,1399,254,36,122,614,58,21,501,1419,0.253,0.317,0.378,0.694,2091,143,35,71,39,49,1145,94
562,2009,SFG,NL,88,74,0.543,44,4.06,162,6057,5493,657,1411,275,43,122,612,78,28,392,1158,0.257,0.309,0.389,0.699,2138,115,50,67,55,41,1080,82
563,2012,SDP,NL,76,86,0.469,53,4.02,162,6112,5422,651,1339,272,43,121,610,155,46,539,1238,0.247,0.319,0.38,0.699,2060,100,54,63,34,36,1146,97
564,2011,SFG,NL,86,76,0.531,44,3.52,162,6091,5486,570,1327,282,24,121,534,85,51,448,1122,0.242,0.303,0.368,0.671,2020,117,52,62,43,47,1127,91
565,2010,KCR,AL,67,95,0.414,34,4.17,162,6209,5604,676,1534,279,31,121,640,115,50,471,905,0.274,0.331,0.399,0.73,2238,152,35,45,53,25,1173,100
566,2001,TBD,AL,62,100,0.383,34,4.15,162,6104,5524,672,1426,311,21,121,645,115,52,456,1116,0.258,0.32,0.388,0.707,2142,130,54,45,25,24,1104,88
567,2015,MIA,NL,71,91,0.438,51,3.78,162,5988,5463,613,1420,236,40,120,575,112,45,375,1150,0.26,0.31,0.384,0.694,2096,133,39,71,40,30,1059,93
568,2010,LAD,NL,80,82,0.494,49,4.12,162,6140,5426,667,1368,270,29,120,621,92,50,533,1184,0.252,0.322,0.379,0.7,2056,123,46,85,50,57,1142,92
569,2008,KCR,AL,75,87,0.463,33,4.27,162,6118,5608,691,1507,303,28,120,650,79,38,392,1005,0.269,0.32,0.397,0.717,2226,144,50,32,36,31,1073,91
570,2020,LAD,NL,43,17,0.717,19,5.82,60,2316,2042,349,523,97,6,118,327,29,8,228,471,0.256,0.338,0.483,0.821,986,46,30,3,12,7,391,121
571,2014,ARI,NL,64,98,0.395,52,3.8,162,6089,5552,615,1379,259,47,118,573,86,33,398,1165,0.248,0.302,0.376,0.678,2086,115,43,56,36,31,1092,88
572,2007,MIN,AL,79,83,0.488,34,4.43,162,6161,5522,718,1460,273,36,118,671,112,30,512,839,0.264,0.33,0.391,0.721,2159,149,48,34,45,41,1121,94
573,2014,TBR,AL,77,85,0.475,36,3.78,162,6205,5516,612,1361,263,24,117,586,63,27,527,1124,0.247,0.317,0.367,0.684,2023,135,66,43,53,31,1193,96
574,2011,LAD,NL,82,79,0.509,48,4,161,6094,5436,644,1395,237,28,117,613,126,40,498,1087,0.257,0.322,0.375,0.697,2039,101,45,71,43,61,1165,95
575,2008,WSN,NL,59,102,0.366,50,3.98,161,6192,5491,641,1376,269,26,117,608,81,43,534,1095,0.251,0.323,0.373,0.696,2048,153,67,64,36,21,1178,84
576,2005,WSN,NL,81,81,0.5,55,3.94,162,6142,5426,639,1367,311,32,117,615,45,45,491,1090,0.252,0.322,0.386,0.708,2093,130,89,91,45,55,1137,89
577,2012,LAD,NL,86,76,0.531,50,3.93,162,6091,5438,637,1369,269,23,116,607,104,44,481,1156,0.252,0.317,0.374,0.69,2032,139,52,82,38,49,1112,91
578,2000,MIN,AL,69,93,0.426,35,4.62,162,6283,5615,748,1516,325,49,116,711,90,45,556,1021,0.27,0.337,0.407,0.744,2287,143,35,24,51,31,1198,85
579,2011,OAK,AL,74,88,0.457,36,3.98,162,6104,5452,645,1330,280,29,114,612,117,43,509,1094,0.244,0.311,0.369,0.68,2010,119,50,34,57,20,1106,88
580,2013,KCR,AL,86,76,0.531,36,4,162,6093,5549,648,1443,254,34,112,620,153,32,422,1048,0.26,0.315,0.379,0.694,2101,131,42,37,42,38,1110,89
581,2014,TEX,AL,67,95,0.414,45,3.93,162,6026,5460,637,1400,260,28,111,597,105,59,417,1162,0.256,0.314,0.375,0.689,2049,148,61,41,45,37,1066,92
582,2008,MIN,AL,88,75,0.54,35,5.09,163,6331,5641,829,1572,298,49,111,791,102,42,529,979,0.279,0.34,0.408,0.748,2301,142,36,52,72,48,1140,102
583,2014,SDP,NL,77,85,0.475,51,3.3,162,5905,5294,535,1199,224,30,109,500,91,34,468,1294,0.226,0.292,0.342,0.634,1810,118,41,56,45,27,1033,84
584,2011,SEA,AL,67,95,0.414,36,3.43,162,5972,5421,556,1263,253,22,109,534,125,40,435,1280,0.233,0.292,0.348,0.64,1887,82,37,38,41,33,1083,84
585,2010,OAK,AL,81,81,0.5,38,4.09,162,6117,5448,663,1396,276,30,109,619,156,38,527,1061,0.256,0.324,0.378,0.702,2059,129,47,43,51,16,1159,92
586,2011,NYM,NL,77,85,0.475,46,4.43,162,6335,5600,718,1477,309,39,108,676,130,35,571,1085,0.264,0.335,0.391,0.725,2188,112,51,65,48,56,1257,103
587,2010,HOU,NL,76,86,0.469,47,3.77,162,6005,5452,611,1348,252,25,108,577,100,36,415,1025,0.247,0.303,0.362,0.665,1974,130,33,75,29,27,1060,81
588,2013,SFG,NL,76,86,0.469,44,3.88,162,6168,5552,629,1446,280,35,107,596,67,26,469,1078,0.26,0.32,0.381,0.702,2117,131,39,66,42,40,1187,100
589,2011,PIT,NL,72,90,0.444,52,3.77,162,6064,5421,610,1325,277,35,107,580,108,52,489,1308,0.244,0.309,0.368,0.676,1993,123,34,75,44,31,1079,90
590,2014,STL,NL,90,72,0.556,46,3.82,162,6086,5426,619,1371,275,21,105,585,57,32,471,1133,0.253,0.32,0.369,0.689,2003,140,86,64,39,28,1145,93
591,2020,ATL,NL,35,25,0.583,21,5.8,60,2344,2074,348,556,130,3,103,338,23,4,239,573,0.268,0.349,0.483,0.832,1001,39,23,1,7,13,437,114
592,2012,SFG,NL,94,68,0.58,45,4.43,162,6200,5558,718,1495,287,57,103,675,118,39,483,1097,0.269,0.327,0.397,0.724,2205,114,29,69,61,44,1171,106
593,2011,MIN,AL,63,99,0.389,37,3.82,162,6020,5487,619,1357,259,25,103,572,92,39,440,1048,0.247,0.306,0.36,0.666,1975,115,37,31,25,24,1080,84
594,2007,KCR,AL,69,93,0.426,36,4.36,162,6140,5534,706,1447,300,46,102,660,78,44,428,1069,0.261,0.322,0.388,0.71,2145,151,89,41,47,34,1089,87
595,2010,SEA,AL,61,101,0.377,40,3.17,162,5989,5409,513,1274,227,16,101,485,142,39,459,1184,0.236,0.298,0.339,0.637,1836,110,39,42,40,33,1116,79
596,2015,ATL,NL,67,95,0.414,60,3.54,162,6034,5420,573,1361,251,18,100,548,69,33,471,1107,0.251,0.314,0.359,0.674,1948,148,44,67,31,39,1145,87
597,2020,CHW,AL,35,25,0.583,23,5.1,60,2267,2047,306,534,94,6,96,294,20,8,179,571,0.261,0.326,0.453,0.779,928,44,24,1,13,1,397,112
598,2020,SDP,NL,37,23,0.617,28,5.42,60,2231,1972,325,506,103,12,95,312,55,13,204,479,0.257,0.333,0.466,0.798,918,37,28,12,14,6,363,121
599,2014,KCR,AL,89,73,0.549,38,4.02,162,6058,5545,651,1456,286,29,95,604,153,36,380,985,0.263,0.314,0.376,0.69,2085,131,53,33,47,22,1080,92
600,2013,MIA,NL,62,100,0.383,53,3.17,162,6021,5449,513,1257,219,31,95,485,78,29,432,1232,0.231,0.293,0.335,0.627,1823,131,56,57,26,31,1080,73
601,2011,HOU,NL,56,106,0.346,47,3.8,162,6150,5598,615,1442,309,28,95,579,118,33,401,1164,0.258,0.311,0.374,0.684,2092,111,46,66,37,34,1154,89
602,2009,NYM,NL,70,92,0.432,53,4.14,162,6159,5453,671,1472,295,49,95,631,122,44,526,928,0.27,0.335,0.394,0.729,2150,144,36,88,55,49,1183,95
603,2020,NYY,AL,33,27,0.55,21,5.25,60,2210,1915,315,473,87,7,94,301,27,7,251,480,0.247,0.342,0.447,0.789,856,51,30,1,11,5,399,117
604,2008,SFG,NL,72,90,0.444,49,3.95,162,6145,5543,640,1452,311,37,94,606,108,46,452,1044,0.262,0.321,0.382,0.703,2119,139,48,57,44,45,1148,83
605,2020,MIN,AL,36,24,0.6,20,4.48,60,2168,1937,269,468,81,3,91,258,14,7,186,528,0.242,0.315,0.427,0.743,828,38,29,2,14,9,372,106
606,2011,SDP,NL,71,91,0.438,48,3.66,162,6074,5417,593,1284,247,42,91,563,170,44,501,1320,0.237,0.305,0.349,0.653,1888,105,48,55,47,42,1103,85
607,2020,CIN,NL,31,29,0.517,23,4.05,60,2123,1842,243,390,76,3,90,237,29,9,239,534,0.212,0.312,0.403,0.715,742,44,33,0,7,4,369,83
608,2020,TOR,AL,32,28,0.533,21,5.03,60,2263,2023,302,516,104,4,88,288,33,6,203,508,0.255,0.325,0.441,0.766,892,39,12,8,14,4,392,109
609,2020,NYM,NL,26,34,0.433,24,4.77,60,2279,2023,286,551,106,7,86,278,20,10,197,498,0.272,0.348,0.459,0.807,929,53,45,1,13,8,445,120
610,2020,LAA,AL,26,34,0.433,23,4.9,60,2308,2020,294,501,97,8,85,285,21,8,239,490,0.248,0.332,0.43,0.763,869,49,25,6,18,8,425,104
611,2020,PHI,NL,28,32,0.467,23,5.1,60,2223,1948,306,500,90,10,82,289,35,8,229,480,0.257,0.342,0.439,0.781,856,40,28,8,10,16,419,111
612,2020,BOS,AL,24,36,0.4,22,4.87,60,2304,2083,292,552,118,7,81,278,31,9,187,545,0.265,0.33,0.445,0.775,927,51,21,4,9,8,422,107
613,2020,SFG,NL,29,31,0.483,23,4.98,60,2259,2019,299,532,107,14,81,290,19,8,195,499,0.263,0.335,0.451,0.785,910,51,27,4,13,8,404,115
614,2020,TBR,AL,40,20,0.667,19,4.82,60,2261,1975,289,470,105,12,80,274,48,9,243,608,0.238,0.328,0.425,0.753,839,38,28,0,14,9,416,112
615,2020,BAL,AL,25,35,0.417,21,4.57,60,2242,2026,274,523,102,7,77,264,19,14,164,514,0.258,0.321,0.429,0.75,870,32,27,15,10,5,399,102
616,2020,MIL,NL,29,31,0.483,23,4.12,60,2188,1920,247,429,83,5,75,238,15,11,221,582,0.223,0.313,0.389,0.702,747,53,35,0,10,8,384,87
617,2020,CHC,NL,34,26,0.567,27,4.42,60,2214,1918,265,422,82,8,74,248,24,10,229,568,0.22,0.318,0.387,0.705,742,42,52,1,13,9,406,92
618,2020,OAK,AL,36,24,0.6,19,4.57,60,2201,1908,274,430,91,11,71,264,26,3,238,524,0.225,0.322,0.396,0.718,756,44,39,2,14,5,391,101
619,2020,HOU,AL,29,31,0.483,17,4.65,60,2229,1992,279,478,103,12,69,268,22,11,192,440,0.24,0.312,0.408,0.72,812,39,23,6,13,5,382,95
620,2020,KCR,AL,26,34,0.433,22,4.13,60,2200,1988,248,485,97,7,68,237,49,20,172,527,0.244,0.309,0.402,0.711,800,28,18,8,10,3,392,90
621,2020,WSN,NL,26,34,0.433,20,4.88,60,2218,1968,293,519,112,12,66,279,33,12,192,451,0.264,0.336,0.433,0.769,853,42,32,5,21,16,404,109
622,2020,COL,NL,26,34,0.433,17,4.58,60,2257,2057,275,528,84,16,63,264,42,9,161,543,0.257,0.311,0.405,0.716,833,41,10,7,19,12,389,81
623,2020,DET,AL,23,35,0.397,23,4.29,58,2076,1893,249,463,78,12,62,242,19,6,147,567,0.245,0.303,0.397,0.7,751,42,19,1,14,1,333,91
624,2020,TEX,AL,22,38,0.367,24,3.73,60,2147,1936,224,420,80,9,62,204,49,14,167,548,0.217,0.285,0.364,0.648,704,33,24,2,18,3,350,76
625,2020,MIA,NL,31,29,0.517,25,4.38,60,2167,1935,263,472,82,5,60,247,51,14,191,537,0.244,0.319,0.384,0.703,744,37,25,6,9,6,396,90
626,2020,SEA,AL,27,33,0.45,23,4.23,60,2181,1929,254,435,88,5,60,244,50,16,207,545,0.226,0.309,0.37,0.678,713,35,30,3,12,5,373,91
627,2020,CLE,AL,35,25,0.583,22,4.13,60,2247,1959,248,446,96,5,59,234,25,10,239,517,0.228,0.317,0.372,0.689,729,40,24,7,16,4,404,85
628,2020,PIT,NL,19,41,0.317,21,3.65,60,2134,1932,219,425,76,6,59,210,16,11,167,521,0.22,0.284,0.357,0.641,690,34,11,7,15,6,345,73
629,2020,ARI,NL,25,35,0.417,20,4.48,60,2238,1997,269,482,101,12,58,255,23,7,181,461,0.241,0.312,0.391,0.704,781,37,36,1,23,5,399,87
630,2020,STL,NL,30,28,0.517,21,4.14,58,2011,1752,240,410,73,7,51,231,18,10,205,477,0.234,0.323,0.371,0.694,650,38,33,4,16,3,358,92
