Year-Tm,Year,Tm,Lg,G,W,L,W-L%,#Bat,R/G-hit,HR-hit,RBI-hit,SB-hit,BB-hit,SO-hit,BA-hit,OBP-hit,SLG-hit,OPS-hit,LOB-hit,OPS+-hit,ERA-pitch,ER-pitch,WHIP-pitch,H9-pitch,HR9-pitch,BB9-pitch,SO9-pitch,SO/W-pitch,ERA+-pitch,Winner
2019MIN,2019,MIN,AL,162,101,61,0.623,39,5.8,307,906,28,525,1334,0.27,0.338,0.494,0.832,1115,119,4.18,680,1.304,9,1.2,2.8,9,3.24,108,FALSE
2019NYY,2019,NYY,AL,162,103,59,0.636,39,5.82,306,904,55,569,1437,0.267,0.339,0.49,0.829,1039,117,4.31,691,1.304,8.6,1.5,3.2,9.6,3.03,106,FALSE
2019HOU,2019,HOU,AL,162,107,55,0.66,36,5.68,288,891,67,645,1166,0.274,0.352,0.495,0.848,1168,120,3.66,595,1.13,7.4,1.4,2.8,10.3,3.73,127,FALSE
2019LAD,2019,LAD,NL,162,106,56,0.654,46,5.47,279,861,57,607,1356,0.257,0.338,0.472,0.81,1124,112,3.39,545,1.102,7.5,1.2,2.4,9.5,3.88,123,FALSE
2018NYY,2018,NYY,AL,162,100,62,0.617,43,5.25,267,821,63,625,1421,0.249,0.329,0.451,0.781,1100,112,3.78,611,1.239,8.1,1.1,3.1,10.1,3.31,112,FALSE
2005TEX,2005,TEX,AL,162,79,83,0.488,38,5.34,260,834,67,495,1112,0.267,0.329,0.468,0.798,1104,105,4.97,795,1.466,9.9,1,3.3,5.8,1.79,93,FALSE
2019OAK,2019,OAK,AL,162,97,65,0.599,39,5.22,257,800,49,578,1338,0.249,0.327,0.448,0.776,1081,109,3.97,646,1.242,8.2,1.2,2.9,8,2.72,107,FALSE
2010TOR,2010,TOR,AL,162,85,77,0.525,35,4.66,257,732,58,471,1164,0.248,0.312,0.454,0.766,1017,105,4.23,677,1.351,8.8,0.9,3.4,7.4,2.2,100,FALSE
2019CHC,2019,CHC,NL,162,84,78,0.519,52,5.02,256,783,45,581,1460,0.252,0.331,0.452,0.783,1071,103,4.1,657,1.324,8.6,1.2,3.3,9,2.7,106,FALSE
2016BAL,2016,BAL,AL,162,89,73,0.549,40,4.59,253,710,19,468,1324,0.256,0.317,0.443,0.76,1065,101,4.22,671,1.364,8.8,1.2,3.4,7.8,2.29,102,FALSE
2019MIL,2019,MIL,NL,162,89,73,0.549,50,4.75,250,744,101,629,1563,0.246,0.329,0.438,0.767,1180,97,4.4,714,1.325,8.4,1.4,3.5,9.2,2.63,102,FALSE
2019ATL,2019,ATL,NL,162,97,65,0.599,50,5.28,249,824,89,619,1467,0.258,0.336,0.452,0.789,1138,97,4.2,677,1.357,8.8,1.3,3.4,8.6,2.54,113,FALSE
2000HOU,2000,HOU,NL,162,72,90,0.444,46,5.79,249,900,114,673,1129,0.278,0.361,0.477,0.837,1171,104,5.42,865,1.526,10,1.5,3.7,6.7,1.78,92,FALSE
2019TOR,2019,TOR,AL,162,67,95,0.414,47,4.48,247,697,51,509,1514,0.236,0.305,0.428,0.733,1003,94,4.79,767,1.426,9.1,1.4,3.8,8.3,2.21,95,FALSE
2001TEX,2001,TEX,AL,162,73,89,0.451,40,5.49,246,844,97,548,1093,0.275,0.344,0.471,0.815,1161,109,5.71,913,1.575,10.4,1.4,3.7,6,1.6,82,FALSE
2019BOS,2019,BOS,AL,162,84,78,0.519,38,5.56,245,857,68,590,1382,0.269,0.34,0.466,0.806,1170,107,4.7,768,1.379,8.7,1.3,3.7,10,2.7,104,FALSE
2012NYY,2012,NYY,AL,162,95,67,0.586,39,4.96,245,774,93,565,1176,0.265,0.337,0.453,0.79,1135,112,3.85,619,1.268,8.7,1.2,2.7,8.2,3.06,110,FALSE
2009NYY,2009,NYY,AL,162,103,59,0.636,37,5.65,244,881,111,663,1014,0.283,0.362,0.478,0.839,1238,114,4.28,689,1.352,8.6,1.1,3.6,7.8,2.2,108,TRUE
2000TOR,2000,TOR,AL,162,83,79,0.512,36,5.31,244,826,89,526,1026,0.275,0.341,0.469,0.81,1152,101,5.17,826,1.513,10.1,1.2,3.5,6.1,1.75,98,FALSE
2019NYM,2019,NYM,NL,162,86,76,0.531,53,4.88,242,767,56,516,1384,0.257,0.328,0.442,0.77,1128,104,4.25,690,1.304,8.7,1.3,3.1,9.4,3.04,98,FALSE
2004CHW,2004,CHW,AL,162,83,79,0.512,32,5.34,242,823,78,499,1030,0.268,0.333,0.457,0.79,1031,102,4.91,782,1.419,9.5,1.4,3.3,6.4,1.92,96,FALSE
2004NYY,2004,NYY,AL,162,101,61,0.623,33,5.54,242,863,84,670,982,0.268,0.353,0.458,0.811,1190,111,4.69,752,1.369,9.6,1.1,2.8,6.6,2.38,96,FALSE
2017NYY,2017,NYY,AL,162,91,71,0.562,44,5.3,241,821,90,616,1386,0.262,0.339,0.447,0.785,1184,105,3.75,603,1.21,7.8,1.2,3.1,9.7,3.1,121,FALSE
2019SEA,2019,SEA,AL,162,68,94,0.42,51,4.68,239,730,115,588,1581,0.237,0.316,0.424,0.74,1080,99,5,799,1.382,9.3,1.6,3.2,7.7,2.45,88,FALSE
2003TEX,2003,TEX,AL,162,71,91,0.438,43,5.1,239,799,65,488,1052,0.266,0.33,0.454,0.784,1141,96,5.69,906,1.554,10.2,1.3,3.8,6.3,1.67,89,FALSE
2000OAK,2000,OAK,AL,161,91,70,0.565,39,5.88,239,908,40,750,1159,0.27,0.36,0.458,0.817,1210,109,4.58,730,1.498,9.6,1,3.9,6,1.57,103,FALSE
2017HOU,2017,HOU,AL,162,101,61,0.623,40,5.53,238,854,98,509,1087,0.282,0.346,0.478,0.823,1094,123,4.12,662,1.27,8.2,1.2,3.2,9.9,3.05,99,TRUE
2003BOS,2003,BOS,AL,162,95,67,0.586,38,5.93,238,932,88,620,943,0.289,0.36,0.491,0.851,1224,118,4.49,731,1.359,9.2,0.9,3,7,2.34,104,FALSE
2017TEX,2017,TEX,AL,162,78,84,0.481,38,4.93,237,756,113,544,1493,0.244,0.32,0.43,0.75,1015,91,4.7,749,1.396,9.1,1.3,3.5,6.9,1.98,103,FALSE
2006CHW,2006,CHW,AL,162,90,72,0.556,31,5.36,236,839,93,502,1056,0.28,0.342,0.464,0.806,1125,103,4.61,743,1.357,9.5,1.2,2.7,6.3,2.34,103,FALSE
2000ANA,2000,ANA,AL,162,82,80,0.506,34,5.33,236,837,93,608,1024,0.28,0.352,0.472,0.825,1173,105,5.02,807,1.517,9.5,1.4,4.1,5.3,1.28,101,FALSE
2018LAD,2018,LAD,NL,163,92,71,0.564,52,4.93,235,756,75,647,1436,0.25,0.333,0.442,0.774,1163,109,3.4,557,1.152,7.8,1.1,2.6,9.5,3.71,115,FALSE
2008CHW,2008,CHW,AL,163,89,74,0.546,33,4.98,235,785,67,540,1016,0.263,0.332,0.448,0.78,1067,102,4.11,665,1.325,9.1,1,2.8,7.1,2.49,112,FALSE
2004CHC,2004,CHC,NL,162,89,73,0.549,43,4.87,235,755,66,489,1080,0.268,0.328,0.458,0.786,1121,99,3.83,623,1.302,8.4,1,3.3,8.3,2.47,116,FALSE
2003ATL,2003,ATL,NL,162,101,61,0.623,34,5.6,235,872,68,545,933,0.284,0.349,0.475,0.824,1170,112,4.1,663,1.36,8.8,0.9,3.4,6.1,1.79,105,FALSE
2001SFG,2001,SFG,NL,162,90,72,0.556,41,4.93,235,775,57,625,1090,0.266,0.342,0.46,0.802,1242,112,4.19,682,1.378,8.8,0.9,3.6,6.6,1.87,95,FALSE
2000STL,2000,STL,NL,162,95,67,0.586,46,5.48,235,841,87,675,1253,0.27,0.356,0.455,0.812,1214,103,4.4,701,1.401,8.8,1.2,3.8,6.9,1.82,107,FALSE
2017OAK,2017,OAK,AL,162,75,87,0.463,44,4.56,234,708,57,565,1491,0.246,0.319,0.436,0.755,1075,104,4.67,743,1.36,9.1,1.3,3.2,7.6,2.39,90,FALSE
2017BAL,2017,BAL,AL,162,75,87,0.463,41,4.59,232,713,32,392,1412,0.26,0.312,0.435,0.747,1041,100,4.97,796,1.446,9.4,1.5,3.6,7.7,2.13,88,FALSE
2015TOR,2015,TOR,AL,162,93,69,0.574,40,5.5,232,852,88,570,1151,0.269,0.34,0.457,0.797,1057,115,3.81,610,1.214,8.5,1.1,2.5,7,2.81,108,FALSE
2019WSN,2019,WSN,NL,162,93,69,0.574,50,5.39,231,824,116,584,1308,0.265,0.342,0.454,0.796,1114,105,4.28,684,1.29,8.4,1.3,3.2,9.4,2.92,104,TRUE
2007MIL,2007,MIL,NL,162,83,79,0.512,40,4.94,231,774,96,501,1137,0.262,0.329,0.456,0.785,1117,101,4.44,713,1.399,9.4,1,3.2,7.3,2.32,100,FALSE
2015HOU,2015,HOU,AL,162,86,76,0.531,39,4.5,230,691,121,486,1392,0.25,0.315,0.437,0.752,1036,107,3.57,572,1.201,8.2,0.9,2.6,8,3.03,110,FALSE
2003NYY,2003,NYY,AL,163,101,61,0.623,40,5.38,230,845,98,684,1042,0.271,0.356,0.453,0.81,1239,114,4.03,655,1.291,9.3,0.9,2.3,6.9,2.98,110,FALSE
2002TEX,2002,TEX,AL,162,72,90,0.444,37,5.2,230,806,62,554,1055,0.269,0.338,0.455,0.794,1155,104,5.16,826,1.526,9.6,1.2,4.2,6.4,1.54,92,FALSE
2005NYY,2005,NYY,AL,162,95,67,0.586,36,5.47,229,847,84,637,989,0.276,0.355,0.45,0.805,1264,115,4.54,721,1.369,9.4,1,2.9,6.2,2.13,94,FALSE
2017TBR,2017,TBR,AL,162,80,82,0.494,40,4.28,228,671,88,545,1538,0.245,0.317,0.422,0.739,1114,99,3.99,640,1.264,8.2,1.2,3.1,8.4,2.69,106,FALSE
2019CIN,2019,CIN,NL,162,75,87,0.463,47,4.33,227,679,80,492,1436,0.244,0.315,0.422,0.736,1073,84,4.18,668,1.256,7.9,1.3,3.4,9.7,2.9,114,FALSE
2018OAK,2018,OAK,AL,162,97,65,0.599,39,5.02,227,778,35,550,1381,0.252,0.325,0.439,0.764,1085,110,3.82,622,1.212,8,1.1,2.9,7.6,2.61,109,FALSE
2004TEX,2004,TEX,AL,162,89,73,0.549,36,5.31,227,825,69,500,1099,0.266,0.329,0.457,0.786,1098,96,4.54,727,1.447,9.6,1.1,3.4,6.1,1.79,111,FALSE
2000SFG,2000,SFG,NL,162,97,65,0.599,36,5.71,226,889,79,709,1032,0.278,0.362,0.472,0.834,1213,115,4.21,676,1.437,9,0.9,3.9,6.7,1.73,102,FALSE
2016STL,2016,STL,NL,162,86,76,0.531,41,4.81,225,745,35,526,1318,0.255,0.325,0.442,0.767,1113,104,4.08,656,1.317,8.9,1,3,8,2.72,100,FALSE
2019COL,2019,COL,NL,162,71,91,0.438,50,5.15,224,803,71,489,1503,0.265,0.326,0.456,0.782,1075,90,5.58,898,1.494,9.8,1.7,3.7,7.9,2.15,92,FALSE
2017MIL,2017,MIL,NL,162,86,76,0.531,50,4.52,224,695,128,547,1571,0.249,0.322,0.429,0.751,1088,94,4,642,1.338,8.6,1.2,3.4,8.4,2.43,110,FALSE
2017NYM,2017,NYM,NL,162,70,92,0.432,52,4.54,224,713,58,529,1291,0.25,0.32,0.434,0.755,1099,101,5.01,799,1.485,9.6,1.4,3.7,8.6,2.32,83,FALSE
2009PHI,2009,PHI,NL,162,93,69,0.574,41,5.06,224,788,119,589,1155,0.258,0.334,0.447,0.781,1192,104,4.16,673,1.352,9.1,1.2,3,7.1,2.36,101,FALSE
2009TEX,2009,TEX,AL,162,87,75,0.537,34,4.84,224,748,149,472,1253,0.26,0.32,0.445,0.764,1059,95,4.38,699,1.368,9,1.1,3.3,6.4,1.91,106,FALSE
2019CLE,2019,CLE,AL,162,93,69,0.574,48,4.75,223,731,103,563,1332,0.25,0.323,0.432,0.756,1072,94,3.79,606,1.223,8.2,1.3,2.8,9.4,3.35,127,FALSE
2019TEX,2019,TEX,AL,162,78,84,0.481,39,5,223,765,131,534,1578,0.248,0.319,0.431,0.75,1066,88,5.09,813,1.459,9.5,1.5,3.6,8.6,2.37,102,FALSE
2017CHC,2017,CHC,NL,162,92,70,0.568,47,5.07,223,785,62,622,1401,0.255,0.338,0.437,0.775,1147,99,3.95,636,1.277,8,1.2,3.4,8.9,2.6,112,FALSE
2016SEA,2016,SEA,AL,162,86,76,0.531,40,4.74,223,735,56,506,1288,0.259,0.326,0.43,0.756,1099,106,4,647,1.283,8.7,1.3,2.8,8.1,2.87,102,FALSE
2002NYY,2002,NYY,AL,161,103,58,0.64,33,5.57,223,857,100,640,1171,0.275,0.354,0.455,0.809,1191,114,3.89,627,1.27,8.9,0.9,2.5,7,2.82,114,FALSE
2017TOR,2017,TOR,AL,162,76,86,0.469,44,4.28,222,661,53,542,1327,0.24,0.312,0.412,0.724,1064,91,4.42,720,1.371,9,1.2,3.4,8.4,2.5,102,FALSE
2011NYY,2011,NYY,AL,162,97,65,0.599,35,5.35,222,836,147,627,1138,0.263,0.343,0.444,0.788,1114,110,3.73,605,1.323,8.8,0.9,3.1,7.5,2.41,116,FALSE
2006ATL,2006,ATL,NL,162,79,83,0.488,45,5.24,222,818,52,526,1169,0.27,0.337,0.455,0.791,1105,101,4.6,736,1.458,9.5,1.1,3.6,6.6,1.83,97,FALSE
2005CIN,2005,CIN,NL,163,73,89,0.451,46,5.03,222,784,72,611,1303,0.261,0.339,0.446,0.785,1176,104,5.18,824,1.5,10.4,1.4,3.1,6,1.94,83,FALSE
2004BOS,2004,BOS,AL,162,98,64,0.605,39,5.86,222,912,68,659,1189,0.282,0.36,0.472,0.832,1257,110,4.19,676,1.293,8.9,1,2.8,7,2.53,116,TRUE
2017LAD,2017,LAD,NL,162,104,58,0.642,52,4.75,221,730,77,649,1380,0.249,0.334,0.437,0.771,1146,104,3.38,543,1.155,7.6,1.1,2.8,9.6,3.5,123,FALSE
2016TOR,2016,TOR,AL,162,89,73,0.549,38,4.69,221,728,54,632,1362,0.248,0.33,0.426,0.755,1120,101,3.79,615,1.234,8.3,1.1,2.8,8.1,2.85,113,FALSE
2000CLE,2000,CLE,AL,162,90,72,0.556,39,5.86,221,889,113,685,1057,0.288,0.367,0.47,0.837,1260,110,4.84,775,1.509,9.4,1.1,4.2,7.6,1.82,102,FALSE
2019ARI,2019,ARI,NL,162,85,77,0.525,45,5.02,220,778,88,540,1360,0.252,0.323,0.434,0.757,1119,94,4.25,691,1.308,8.6,1.4,3.2,8.8,2.77,106,FALSE
2019LAA,2019,LAA,AL,162,72,90,0.444,46,4.75,220,734,65,586,1276,0.247,0.324,0.422,0.746,1125,94,5.12,820,1.381,8.8,1.7,3.6,8.8,2.44,93,FALSE
2017ARI,2017,ARI,NL,162,93,69,0.574,45,5.01,220,776,103,578,1456,0.254,0.329,0.445,0.774,1118,94,3.67,588,1.266,8.2,1.1,3.2,9.3,2.87,128,FALSE
2003CHW,2003,CHW,AL,162,86,76,0.531,31,4.88,220,766,77,519,916,0.263,0.331,0.446,0.777,1074,102,4.17,663,1.315,8.6,1,3.3,6.6,2.04,111,FALSE
2019SDP,2019,SDP,NL,162,70,92,0.432,54,4.21,219,652,70,504,1581,0.238,0.308,0.41,0.718,1008,90,4.63,737,1.296,8.8,1.4,2.9,9.3,3.19,90,FALSE
2017CIN,2017,CIN,NL,162,68,94,0.42,47,4.65,219,715,120,565,1329,0.253,0.329,0.433,0.761,1135,97,5.17,821,1.45,9.1,1.6,4,8.2,2.06,87,FALSE
2018MIL,2018,MIL,NL,163,96,67,0.589,53,4.63,218,711,124,537,1458,0.252,0.323,0.424,0.747,1106,99,3.73,606,1.24,7.8,1.1,3.4,8.8,2.58,110,FALSE
2016NYM,2016,NYM,NL,162,87,75,0.537,46,4.14,218,649,42,517,1302,0.246,0.316,0.417,0.733,1120,97,3.58,575,1.269,8.7,0.9,2.7,8.7,3.18,113,FALSE
2019TBR,2019,TBR,AL,162,96,66,0.593,48,4.75,217,730,94,542,1493,0.254,0.325,0.431,0.757,1130,103,3.67,602,1.171,7.8,1.1,2.8,9.9,3.58,119,FALSE
2018TOR,2018,TOR,AL,162,73,89,0.451,51,4.38,217,680,47,499,1387,0.244,0.312,0.427,0.739,1036,102,4.85,773,1.414,9.3,1.3,3.5,8.1,2.36,88,FALSE
2015BAL,2015,BAL,AL,162,81,81,0.5,43,4.4,217,686,44,418,1331,0.25,0.307,0.421,0.728,990,97,4.05,646,1.317,8.8,1.1,3,7.7,2.55,102,FALSE
2006CIN,2006,CIN,NL,162,80,82,0.494,54,4.62,217,718,124,614,1192,0.257,0.336,0.432,0.768,1196,93,4.53,728,1.411,9.8,1.3,2.9,6.6,2.27,104,FALSE
2002CHW,2002,CHW,AL,162,81,81,0.5,30,5.28,217,819,75,555,952,0.268,0.338,0.449,0.787,1085,107,4.57,723,1.37,9,1.2,3.3,6,1.79,99,FALSE
2018CLE,2018,CLE,AL,162,91,71,0.562,41,5.05,216,786,135,554,1189,0.259,0.332,0.434,0.766,1147,106,3.77,611,1.205,8.3,1.2,2.5,9.5,3.79,115,FALSE
2016TBR,2016,TBR,AL,162,68,94,0.42,39,4.15,216,647,60,449,1482,0.243,0.307,0.426,0.733,1060,100,4.2,665,1.322,8.8,1.3,3.1,8.6,2.76,96,FALSE
2006PHI,2006,PHI,NL,162,85,77,0.525,44,5.34,216,823,92,626,1203,0.267,0.347,0.447,0.794,1275,98,4.61,748,1.42,9.6,1.3,3.2,7,2.22,102,FALSE
2000CHW,2000,CHW,AL,162,95,67,0.586,33,6.04,216,926,119,591,960,0.286,0.356,0.47,0.826,1127,106,4.67,752,1.463,9.4,1.2,3.8,6.4,1.69,108,FALSE
2019PHI,2019,PHI,NL,162,81,81,0.5,56,4.78,215,742,78,562,1453,0.246,0.319,0.427,0.746,1129,92,4.53,732,1.374,9,1.6,3.4,8.6,2.55,98,FALSE
2017WSN,2017,WSN,NL,162,97,65,0.599,49,5.06,215,796,108,542,1327,0.266,0.332,0.449,0.782,1101,99,3.88,624,1.241,8.1,1.2,3.1,9.1,2.94,116,FALSE
2016TEX,2016,TEX,AL,162,95,67,0.586,40,4.72,215,746,99,436,1220,0.262,0.322,0.433,0.755,1038,96,4.38,703,1.369,9,1.3,3.3,7.2,2.16,104,FALSE
2004PHI,2004,PHI,NL,162,86,76,0.531,39,5.19,215,802,100,645,1133,0.267,0.345,0.443,0.788,1236,98,4.47,726,1.361,9.2,1.3,3.1,6.6,2.13,101,FALSE
2018LAA,2018,LAA,AL,162,80,82,0.494,44,4.45,214,690,89,514,1300,0.242,0.313,0.413,0.726,1071,99,4.15,663,1.321,8.5,1.3,3.4,8.7,2.54,102,FALSE
2012BAL,2012,BAL,AL,162,93,69,0.574,39,4.4,214,677,58,480,1315,0.247,0.311,0.417,0.728,1027,97,3.9,642,1.291,8.7,1.1,2.9,7.1,2.45,109,FALSE
2008PHI,2008,PHI,NL,162,92,70,0.568,40,4.93,214,762,136,586,1117,0.255,0.332,0.438,0.77,1154,99,3.89,627,1.364,9,1,3.3,6.7,2.03,112,TRUE
2004STL,2004,STL,NL,162,105,57,0.648,37,5.28,214,817,111,548,1085,0.278,0.344,0.46,0.804,1156,107,3.75,605,1.251,8.5,1,2.7,6.4,2.37,113,FALSE
2001CHW,2001,CHW,AL,162,83,79,0.512,34,4.93,214,770,123,520,998,0.268,0.334,0.451,0.785,1054,102,4.55,725,1.371,9.2,1.1,3.1,5.8,1.84,102,FALSE
2019BAL,2019,BAL,AL,162,54,108,0.333,45,4.5,213,698,84,462,1435,0.246,0.31,0.415,0.725,1063,92,5.67,909,1.459,9.6,1.9,3.5,7.8,2.22,83,FALSE
2007PHI,2007,PHI,NL,162,89,73,0.549,46,5.51,213,850,138,641,1205,0.274,0.354,0.458,0.812,1295,105,4.76,772,1.449,9.6,1.2,3.4,6.5,1.88,97,FALSE
2001COL,2001,COL,NL,162,73,89,0.451,53,5.7,213,874,132,511,1027,0.292,0.354,0.483,0.837,1158,97,5.29,841,1.483,9.6,1.5,3.8,6.7,1.77,101,FALSE
2017CLE,2017,CLE,AL,162,102,60,0.63,36,5.05,212,780,88,604,1153,0.263,0.339,0.449,0.788,1158,104,3.3,529,1.161,7.9,1,2.5,10.1,3.98,138,FALSE
2015NYY,2015,NYY,AL,162,87,75,0.537,49,4.72,212,737,63,554,1227,0.251,0.323,0.421,0.744,1151,102,4.03,653,1.297,8.7,1.1,2.9,8.5,2.89,101,FALSE
2013BAL,2013,BAL,AL,162,85,77,0.525,41,4.6,212,719,79,416,1125,0.26,0.313,0.431,0.744,1053,101,4.2,678,1.315,8.9,1.3,2.9,7.2,2.47,98,FALSE
2009BOS,2009,BOS,AL,162,95,67,0.586,43,5.38,212,822,126,659,1120,0.27,0.352,0.454,0.806,1210,106,4.35,695,1.409,9.4,1,3.3,7.7,2.32,107,FALSE
2001CLE,2001,CLE,AL,162,91,71,0.562,36,5.54,212,868,79,577,1076,0.278,0.35,0.458,0.807,1136,111,4.65,747,1.441,9.4,0.9,3.6,7.6,2.13,97,FALSE
2016DET,2016,DET,AL,161,86,75,0.534,36,4.66,211,719,58,493,1303,0.267,0.331,0.438,0.769,1105,106,4.24,673,1.316,8.9,1.1,2.9,7.8,2.67,101,FALSE
2014BAL,2014,BAL,AL,162,96,66,0.593,39,4.35,211,681,44,401,1285,0.256,0.311,0.422,0.734,1088,104,3.44,558,1.241,8.3,0.9,2.9,7.2,2.49,115,FALSE
2012CHW,2012,CHW,AL,162,85,77,0.525,35,4.62,211,726,109,461,1203,0.255,0.318,0.422,0.74,1038,98,4.02,646,1.292,8.5,1.2,3.1,7.8,2.48,106,FALSE
2010BOS,2010,BOS,AL,162,89,73,0.549,43,5.05,211,782,68,587,1140,0.268,0.339,0.451,0.79,1200,109,4.2,679,1.361,8.7,0.9,3.6,7.5,2.08,104,FALSE
2000LAD,2000,LAD,NL,162,86,76,0.531,46,4.93,211,756,95,668,1083,0.257,0.341,0.431,0.771,1188,99,4.1,659,1.37,8.6,1.1,3.7,7.2,1.92,106,FALSE
2019STL,2019,STL,NL,162,91,71,0.562,43,4.72,210,714,116,561,1420,0.245,0.322,0.415,0.737,1107,95,3.82,613,1.266,8,1.2,3.4,8.7,2.57,110,FALSE
2018COL,2018,COL,NL,163,91,72,0.558,41,4.79,210,748,95,507,1397,0.256,0.322,0.435,0.757,1067,90,4.33,699,1.31,8.5,1.1,3.3,8.7,2.68,109,FALSE
2011TEX,2011,TEX,AL,162,96,66,0.593,33,5.28,210,807,143,475,930,0.283,0.34,0.46,0.8,1126,110,3.79,607,1.241,8.3,1.1,2.9,7.4,2.56,117,FALSE
2006NYY,2006,NYY,AL,162,97,65,0.599,39,5.74,210,902,139,649,1053,0.285,0.363,0.461,0.824,1253,111,4.43,710,1.357,9.1,1.1,3.1,6.4,2.05,103,FALSE
2009TOR,2009,TOR,AL,162,75,87,0.463,36,4.93,209,766,73,548,1028,0.266,0.333,0.44,0.773,1195,102,4.46,720,1.419,9.4,1.1,3.4,7.3,2.14,100,FALSE
2001MIL,2001,MIL,NL,162,68,94,0.42,46,4.57,209,712,66,488,1399,0.251,0.319,0.426,0.745,1067,93,4.65,742,1.475,9.1,1.2,4.2,6.6,1.58,92,FALSE
2018BOS,2018,BOS,AL,162,108,54,0.667,40,5.41,208,829,125,569,1253,0.268,0.339,0.453,0.792,1124,112,3.75,608,1.246,8.1,1.1,3.2,9.6,3.04,118,TRUE
2016BOS,2016,BOS,AL,162,93,69,0.574,43,5.42,208,836,83,558,1160,0.282,0.348,0.461,0.81,1162,112,4,640,1.272,8.4,1.1,3.1,8.5,2.78,112,FALSE
2008FLA,2008,FLA,NL,161,84,77,0.522,45,4.78,208,741,76,543,1371,0.254,0.326,0.433,0.759,1140,97,4.44,708,1.398,8.9,1,3.7,7.1,1.92,98,FALSE
2001ARI,2001,ARI,NL,162,92,70,0.568,47,5.05,208,776,71,587,1052,0.267,0.341,0.442,0.783,1183,94,3.88,629,1.242,8.3,1.2,2.8,8,2.81,121,TRUE
2001HOU,2001,HOU,NL,162,93,69,0.574,45,5.23,208,805,64,581,1119,0.271,0.347,0.451,0.798,1151,100,4.39,709,1.333,9,1.4,3,7.6,2.53,106,FALSE
2005CLE,2005,CLE,AL,162,93,69,0.574,34,4.88,207,760,62,503,1093,0.271,0.334,0.453,0.787,1148,111,3.6,582,1.222,8.4,1,2.6,6.5,2.54,117,FALSE
2017MIN,2017,MIN,AL,162,85,77,0.525,34,5.03,206,781,95,593,1342,0.26,0.334,0.434,0.768,1147,104,4.6,734,1.372,9.3,1.4,3,7.3,2.41,97,FALSE
2001LAD,2001,LAD,NL,162,86,76,0.531,41,4.68,206,714,89,519,1062,0.255,0.323,0.425,0.748,1075,99,4.25,685,1.317,8.6,1.1,3.3,7.5,2.31,94,FALSE
2018HOU,2018,HOU,AL,162,103,59,0.636,36,4.92,205,763,71,565,1197,0.255,0.329,0.425,0.754,1052,106,3.11,503,1.099,7.2,0.9,2.7,10.4,3.88,134,FALSE
2018STL,2018,STL,NL,162,88,74,0.543,49,4.69,205,725,63,525,1380,0.249,0.321,0.409,0.73,1101,99,3.85,623,1.338,8.4,0.9,3.7,8.3,2.25,101,FALSE
2002OAK,2002,OAK,AL,162,103,59,0.636,35,4.94,205,772,46,609,1008,0.261,0.339,0.432,0.771,1197,106,3.69,595,1.284,8.6,0.8,2.9,6.3,2.15,118,FALSE
2000NYY,2000,NYY,AL,161,87,74,0.54,36,5.41,205,833,99,631,1007,0.277,0.354,0.45,0.804,1189,103,4.76,753,1.428,9.2,1.1,3.6,6.6,1.8,102,TRUE
2016COL,2016,COL,NL,162,75,87,0.463,47,5.22,204,805,66,494,1330,0.275,0.336,0.457,0.794,1089,97,4.92,781,1.454,9.6,1.1,3.4,7.7,2.24,99,FALSE
2007CIN,2007,CIN,NL,162,72,90,0.444,51,4.83,204,747,97,536,1113,0.267,0.335,0.436,0.772,1170,95,4.95,798,1.44,10,1.2,3,6.6,2.22,94,FALSE
2016WSN,2016,WSN,NL,162,95,67,0.586,43,4.71,203,735,121,536,1252,0.256,0.326,0.426,0.751,1105,96,3.52,571,1.192,7.8,1,2.9,9.1,3.15,122,FALSE
2011BOS,2011,BOS,AL,162,90,72,0.556,36,5.4,203,842,102,578,1108,0.28,0.349,0.461,0.81,1190,116,4.2,680,1.308,8.4,1,3.3,7.5,2.25,103,FALSE
2006DET,2006,DET,AL,162,95,67,0.586,33,5.07,203,785,60,430,1133,0.274,0.329,0.449,0.777,1068,99,3.85,620,1.318,8.8,1,3,6.2,2.05,118,FALSE
2004LAD,2004,LAD,NL,162,93,69,0.574,43,4.7,203,731,102,536,1092,0.262,0.332,0.423,0.755,1152,98,4.01,647,1.312,8.6,1.1,3.2,6.6,2.05,103,FALSE
2001NYY,2001,NYY,AL,161,95,65,0.594,40,4.99,203,774,161,519,1035,0.267,0.334,0.435,0.769,1123,100,4.04,651,1.305,8.9,1,2.9,7.8,2.72,112,FALSE
2012MIL,2012,MIL,NL,162,83,79,0.512,46,4.79,202,741,158,466,1240,0.259,0.325,0.437,0.762,1104,101,4.22,682,1.364,9,1,3.3,8.7,2.67,98,FALSE
2004COL,2004,COL,NL,162,68,94,0.42,47,5.14,202,795,44,568,1181,0.275,0.345,0.455,0.8,1167,95,5.54,883,1.624,10.2,1.2,4.4,5.9,1.36,89,FALSE
2010NYY,2010,NYY,AL,162,95,67,0.586,37,5.3,201,823,103,662,1136,0.267,0.35,0.436,0.786,1228,108,4.06,651,1.31,8.4,1.1,3.4,7.2,2.14,107,FALSE
2007FLA,2007,FLA,NL,162,71,91,0.438,50,4.88,201,749,105,521,1332,0.267,0.336,0.448,0.784,1192,104,4.96,795,1.578,10.1,1.1,4.1,7.1,1.73,88,FALSE
2007NYY,2007,NYY,AL,162,94,68,0.58,37,5.98,201,929,123,637,991,0.29,0.366,0.463,0.829,1249,116,4.5,725,1.431,9.3,0.9,3.6,6.3,1.75,101,FALSE
2004DET,2004,DET,AL,162,72,90,0.444,34,5.1,201,800,86,518,1144,0.272,0.337,0.449,0.786,1116,108,4.93,788,1.439,9.6,1.2,3.3,6.2,1.88,91,FALSE
2017SEA,2017,SEA,AL,162,78,84,0.481,41,4.63,200,714,89,487,1267,0.259,0.325,0.424,0.749,1084,103,4.45,713,1.311,8.7,1.5,3.1,7.8,2.54,94,FALSE
2016MIN,2016,MIN,AL,162,59,103,0.364,42,4.46,200,690,91,513,1426,0.251,0.316,0.421,0.738,1124,98,5.09,816,1.453,10.1,1.4,3,7.4,2.49,83,FALSE
2012TEX,2012,TEX,AL,162,93,69,0.574,32,4.99,200,780,91,478,1103,0.273,0.334,0.446,0.78,1113,105,4.02,644,1.265,8.6,1.1,2.8,8,2.88,109,FALSE
2008DET,2008,DET,AL,162,74,88,0.457,37,5.07,200,780,63,572,1076,0.271,0.34,0.444,0.784,1159,105,4.91,788,1.512,9.6,1.1,4,6.2,1.54,91,FALSE
2006NYM,2006,NYM,NL,162,97,65,0.599,49,5.15,200,800,146,547,1071,0.264,0.334,0.445,0.78,1115,100,4.16,675,1.32,8.6,1.1,3.2,7.2,2.2,106,FALSE
2005CHW,2005,CHW,AL,162,99,63,0.611,33,4.57,200,713,137,435,1002,0.262,0.322,0.425,0.747,1032,95,3.61,592,1.254,8.5,1,2.8,6.3,2.27,125,TRUE
2002CHC,2002,CHC,NL,162,67,95,0.414,44,4.36,200,676,63,585,1269,0.246,0.321,0.413,0.734,1173,94,4.31,690,1.373,8.6,1,3.8,8.3,2.2,94,FALSE
2000CIN,2000,CIN,NL,163,85,77,0.525,45,5.06,200,794,100,559,995,0.274,0.343,0.447,0.79,1189,96,4.33,700,1.445,8.9,1.2,4.1,6.3,1.54,110,FALSE
2016CHC,2016,CHC,NL,162,103,58,0.64,45,4.99,199,767,66,656,1339,0.256,0.343,0.429,0.772,1217,104,3.15,511,1.11,6.9,1,3.1,8.9,2.91,133,TRUE
2009TBR,2009,TBR,AL,162,84,78,0.519,38,4.96,199,765,194,642,1229,0.263,0.343,0.439,0.782,1151,106,4.36,691,1.356,9,1.2,3.2,7.1,2.18,100,FALSE
2006TOR,2006,TOR,AL,162,87,75,0.537,37,4.99,199,778,65,514,906,0.284,0.348,0.463,0.811,1162,108,4.37,694,1.366,9.1,1.2,3.2,6.8,2.13,105,FALSE
2005BOS,2005,BOS,AL,162,95,67,0.586,37,5.62,199,863,45,653,1044,0.281,0.357,0.454,0.811,1249,111,4.74,753,1.393,9.8,1,2.8,6,2.18,96,FALSE
2001OAK,2001,OAK,AL,162,102,60,0.63,37,5.46,199,835,68,640,1021,0.264,0.345,0.439,0.784,1171,107,3.59,583,1.246,8.5,0.9,2.7,6.9,2.54,122,FALSE
2001STL,2001,STL,NL,162,93,69,0.574,40,5.02,199,768,91,529,1089,0.27,0.339,0.441,0.78,1095,100,3.96,631,1.334,8.7,1.2,3.3,6.8,2.06,110,FALSE
2016HOU,2016,HOU,AL,162,84,78,0.519,38,4.47,198,689,102,554,1452,0.247,0.319,0.417,0.735,1086,103,4.06,663,1.29,8.8,1.1,2.8,8.6,3.08,97,FALSE
2015SEA,2015,SEA,AL,162,76,86,0.469,43,4.05,198,624,69,478,1336,0.249,0.311,0.411,0.722,1080,101,4.16,677,1.313,8.8,1.1,3,7.9,2.61,92,FALSE
2012TOR,2012,TOR,AL,162,73,89,0.451,40,4.42,198,677,123,473,1251,0.245,0.309,0.407,0.716,1026,94,4.64,745,1.394,9,1.3,3.6,7.1,1.99,91,FALSE
2008MIL,2008,MIL,NL,162,90,72,0.556,44,4.63,198,722,108,550,1203,0.253,0.325,0.431,0.757,1153,99,3.87,626,1.335,8.8,1.1,3.3,6.9,2.1,109,FALSE
2003COL,2003,COL,NL,162,74,88,0.457,50,5.27,198,814,63,619,1134,0.267,0.344,0.445,0.79,1156,93,5.24,826,1.536,10.3,1.3,3.5,5.5,1.57,95,FALSE
2002SFG,2002,SFG,NL,162,95,66,0.59,38,4.83,198,751,74,616,961,0.267,0.344,0.442,0.786,1241,110,3.55,567,1.302,8.4,0.7,3.3,6.2,1.9,109,FALSE
2001BOS,2001,BOS,AL,161,82,79,0.509,39,4.8,198,739,46,520,1131,0.266,0.334,0.439,0.773,1161,101,4.18,672,1.351,8.8,0.9,3.4,7.8,2.31,108,FALSE
2000NYM,2000,NYM,NL,162,94,68,0.58,47,4.98,198,761,66,675,1037,0.263,0.346,0.43,0.776,1214,98,4.16,671,1.36,8.7,1,3.6,7.2,2.03,107,FALSE
2000SEA,2000,SEA,AL,162,91,71,0.562,34,5.6,198,869,122,775,1073,0.269,0.361,0.442,0.803,1247,108,4.53,726,1.44,9,1,4,6.2,1.57,101,FALSE
2017STL,2017,STL,NL,162,83,79,0.512,48,4.7,196,728,81,593,1348,0.256,0.334,0.426,0.76,1118,99,4.02,647,1.301,8.6,1.1,3.1,8.4,2.74,106,FALSE
2006CLE,2006,CLE,AL,162,78,84,0.481,33,5.37,196,839,55,556,1204,0.28,0.349,0.457,0.806,1162,108,4.43,701,1.414,10,1,2.7,6,2.21,101,FALSE
2003MIL,2003,MIL,NL,162,68,94,0.42,42,4.41,196,685,99,547,1221,0.256,0.329,0.419,0.748,1155,96,5.03,811,1.491,9.9,1.4,3.6,6.4,1.8,86,FALSE
2003STL,2003,STL,NL,162,85,77,0.525,42,5.41,196,827,82,580,952,0.279,0.35,0.454,0.804,1217,111,4.62,751,1.402,9.5,1.3,3.1,6,1.91,90,FALSE
2012OAK,2012,OAK,AL,162,94,68,0.58,39,4.4,195,676,122,550,1387,0.238,0.31,0.404,0.714,1095,99,3.5,571,1.239,8.3,0.9,2.8,7,2.46,112,FALSE
2001TOR,2001,TOR,AL,162,80,82,0.494,33,4.73,195,728,156,470,1094,0.263,0.325,0.43,0.755,1124,96,4.28,696,1.397,9.6,1,3,6.4,2.12,107,FALSE
2018TEX,2018,TEX,AL,162,67,95,0.414,41,4.55,194,696,74,555,1484,0.24,0.318,0.404,0.722,1093,89,4.92,783,1.403,9.5,1.4,3.1,7.1,2.28,97,FALSE
2017MIA,2017,MIA,NL,162,77,85,0.475,43,4.8,194,743,91,486,1282,0.267,0.331,0.431,0.761,1130,107,4.82,772,1.44,9,1.2,3.9,7.5,1.92,83,FALSE
2016MIL,2016,MIL,NL,162,73,89,0.451,50,4.14,194,641,181,599,1543,0.244,0.322,0.407,0.729,1071,92,4.1,653,1.382,9.1,1.1,3.3,7.4,2.21,105,FALSE
2012WSN,2012,WSN,NL,162,98,64,0.605,43,4.51,194,688,105,479,1325,0.261,0.322,0.428,0.75,1127,101,3.34,545,1.221,7.9,0.8,3,8.1,2.67,120,FALSE
2008TEX,2008,TEX,AL,162,79,83,0.488,39,5.56,194,867,81,595,1207,0.283,0.354,0.462,0.816,1238,114,5.37,860,1.576,10.3,1.1,3.9,6,1.54,83,FALSE
2005CHC,2005,CHC,NL,162,79,83,0.488,46,4.34,194,674,65,419,920,0.27,0.324,0.44,0.764,1133,95,4.19,671,1.342,8.5,1.2,3.6,7.9,2.18,105,FALSE
2004CIN,2004,CIN,NL,162,76,86,0.469,44,4.63,194,713,77,599,1335,0.25,0.331,0.418,0.749,1176,95,5.21,836,1.501,9.9,1.5,3.6,6.2,1.73,82,FALSE
2001CHC,2001,CHC,NL,162,88,74,0.543,43,4.8,194,748,67,577,1077,0.261,0.336,0.43,0.766,1156,101,4.03,643,1.327,8.5,1,3.4,8.4,2.44,103,FALSE
2017KCR,2017,KCR,AL,162,80,82,0.494,40,4.33,193,660,91,390,1166,0.259,0.311,0.42,0.731,1005,93,4.63,740,1.39,9.3,1.2,3.2,7.6,2.34,97,FALSE
2017COL,2017,COL,NL,162,87,75,0.537,41,5.09,192,793,59,519,1408,0.273,0.338,0.444,0.781,1088,90,4.51,721,1.381,9.1,1.2,3.3,8,2.39,112,FALSE
2006BOS,2006,BOS,AL,162,86,76,0.531,41,5.06,192,777,51,672,1056,0.269,0.351,0.435,0.786,1301,98,4.83,773,1.442,9.8,1.1,3.2,6.7,2.1,99,FALSE
2002CLE,2002,CLE,AL,162,74,88,0.457,41,4.56,192,706,52,542,1000,0.249,0.321,0.412,0.733,1066,96,4.91,777,1.482,9.5,0.9,3.8,6.7,1.75,90,FALSE
2018WSN,2018,WSN,NL,162,82,80,0.506,53,4.76,191,737,119,631,1289,0.254,0.335,0.419,0.753,1180,98,4.04,649,1.25,8.2,1.2,3,8.8,2.91,106,FALSE
2011BAL,2011,BAL,AL,162,69,93,0.426,37,4.37,191,684,81,452,1120,0.257,0.316,0.413,0.729,1069,97,4.92,791,1.454,9.8,1.3,3.3,6.5,1.95,86,FALSE
2005ARI,2005,ARI,NL,162,77,85,0.475,43,4.3,191,670,67,606,1094,0.256,0.332,0.421,0.754,1247,94,4.87,788,1.454,9.8,1.2,3.3,6.4,1.93,91,FALSE
2004MIN,2004,MIN,AL,162,92,70,0.568,36,4.81,191,735,116,513,982,0.266,0.332,0.431,0.763,1110,96,4.04,663,1.324,9.3,1,2.6,6.8,2.61,117,FALSE
2003HOU,2003,HOU,NL,162,87,75,0.537,44,4.97,191,763,66,557,1021,0.263,0.336,0.431,0.767,1185,96,3.87,623,1.321,8.4,1,3.5,7.1,2.02,114,FALSE
2016ARI,2016,ARI,NL,162,69,93,0.426,50,4.64,190,709,137,463,1427,0.261,0.32,0.432,0.752,1113,93,5.09,821,1.492,9.7,1.3,3.7,8.2,2.19,88,FALSE
2009COL,2009,COL,NL,162,92,70,0.568,45,4.96,190,760,106,660,1277,0.261,0.343,0.441,0.784,1147,96,4.24,677,1.359,8.9,0.9,3.3,7.2,2.19,112,FALSE
2007CHW,2007,CHW,AL,162,72,90,0.444,38,4.28,190,667,78,532,1149,0.246,0.318,0.404,0.722,1074,86,4.77,764,1.426,9.7,1.1,3.1,6.3,2.03,99,FALSE
2006TBD,2006,TBD,AL,162,61,101,0.377,37,4.25,190,650,134,441,1106,0.255,0.314,0.42,0.733,1038,89,4.97,784,1.553,10.1,1.1,3.8,6.2,1.62,92,FALSE
2003TOR,2003,TOR,AL,162,86,76,0.531,31,5.52,190,853,37,546,1081,0.279,0.349,0.455,0.803,1175,107,4.69,748,1.425,9.8,1.2,3,6.2,2.03,101,FALSE
2017SDP,2017,SDP,NL,162,71,91,0.438,52,3.73,189,576,89,460,1499,0.234,0.299,0.393,0.692,1037,83,4.7,747,1.378,8.9,1.4,3.5,8.3,2.39,90,FALSE
2016LAD,2016,LAD,NL,162,91,71,0.562,55,4.48,189,680,45,525,1321,0.249,0.319,0.409,0.728,1106,95,3.7,598,1.19,7.8,1,2.9,9.4,3.25,109,FALSE
2005BAL,2005,BAL,AL,162,74,88,0.457,39,4.5,189,700,83,447,902,0.269,0.327,0.434,0.761,1103,102,4.56,724,1.428,9.2,1.1,3.7,6.6,1.81,95,FALSE
2004OAK,2004,OAK,AL,162,91,71,0.562,31,4.9,189,752,47,608,1061,0.27,0.343,0.433,0.776,1274,102,4.17,682,1.366,9,1,3.3,6.3,1.9,109,FALSE
2018BAL,2018,BAL,AL,162,47,115,0.29,45,3.84,188,593,81,422,1412,0.239,0.298,0.391,0.689,1027,89,5.19,825,1.496,9.8,1.5,3.7,7.6,2.04,83,FALSE
2013SEA,2013,SEA,AL,162,71,91,0.438,41,3.85,188,597,49,529,1353,0.237,0.306,0.39,0.695,1131,98,4.32,703,1.328,9,1.1,2.9,8,2.71,86,FALSE
2010CIN,2010,CIN,NL,162,91,71,0.562,44,4.88,188,761,93,522,1218,0.272,0.338,0.436,0.774,1174,106,4.02,649,1.327,8.7,1,3.2,7,2.16,102,FALSE
2017DET,2017,DET,AL,162,64,98,0.395,37,4.54,187,699,65,503,1313,0.258,0.324,0.424,0.748,1104,98,5.36,846,1.496,10.1,1.4,3.4,7.6,2.23,84,FALSE
2015LAD,2015,LAD,NL,162,92,70,0.568,55,4.12,187,638,59,563,1258,0.25,0.326,0.413,0.739,1121,106,3.46,555,1.184,8.2,0.9,2.5,8.7,3.53,107,FALSE
2012LAA,2012,LAA,AL,162,89,73,0.549,35,4.73,187,732,134,449,1113,0.274,0.332,0.433,0.764,1079,114,4.02,640,1.271,8.4,1.2,3,7.3,2.4,95,FALSE
2008CIN,2008,CIN,NL,162,74,88,0.457,48,4.35,187,677,85,560,1125,0.247,0.321,0.408,0.729,1138,89,4.55,729,1.456,9.6,1.3,3.5,7.7,2.2,97,FALSE
2007TBD,2007,TBD,AL,162,66,96,0.407,36,4.83,187,750,131,545,1324,0.268,0.336,0.433,0.769,1166,103,5.53,879,1.551,10.4,1.3,3.6,7.5,2.1,82,FALSE
2004HOU,2004,HOU,NL,162,92,70,0.568,42,4.96,187,756,89,590,999,0.267,0.342,0.436,0.778,1175,99,4.05,650,1.345,8.8,1.1,3.3,8,2.44,107,FALSE
2002TOR,2002,TOR,AL,162,78,84,0.481,34,5.02,187,771,71,522,1142,0.261,0.327,0.43,0.757,1104,96,4.81,768,1.456,9.4,1.1,3.7,6.2,1.68,96,FALSE
2018PHI,2018,PHI,NL,162,80,82,0.494,48,4.18,186,653,69,582,1520,0.234,0.314,0.393,0.707,1120,89,4.15,666,1.291,8.5,1.1,3.1,9.1,2.93,100,FALSE
2017CHW,2017,CHW,AL,162,67,95,0.414,39,4.36,186,670,71,401,1397,0.256,0.314,0.417,0.731,1055,96,4.78,755,1.418,8.8,1.5,4,7.6,1.89,90,FALSE
2017LAA,2017,LAA,AL,162,80,82,0.494,42,4.38,186,678,136,523,1198,0.243,0.315,0.397,0.712,1033,92,4.2,672,1.279,8.6,1.4,2.9,8.2,2.79,102,FALSE
2015COL,2015,COL,NL,162,68,94,0.42,51,4.55,186,702,97,388,1283,0.265,0.315,0.432,0.748,1016,89,5.04,799,1.513,10,1.2,3.7,7,1.92,92,FALSE
2014COL,2014,COL,NL,162,66,96,0.407,49,4.66,186,721,85,397,1281,0.276,0.327,0.445,0.772,1072,102,4.86,772,1.439,9.6,1.1,3.3,6.8,2.02,88,FALSE
2013OAK,2013,OAK,AL,162,96,66,0.593,41,4.73,186,725,74,573,1178,0.254,0.327,0.419,0.745,1126,107,3.56,574,1.217,8.3,1,2.7,7.3,2.76,109,FALSE
2011TOR,2011,TOR,AL,162,81,81,0.5,38,4.59,186,704,131,525,1184,0.249,0.317,0.413,0.73,1090,96,4.33,701,1.353,8.8,1.1,3.3,7.2,2.16,99,FALSE
2016CLE,2016,CLE,AL,161,94,67,0.584,39,4.83,185,733,134,531,1246,0.262,0.329,0.43,0.759,1084,96,3.86,619,1.239,8.3,1.2,2.9,8.7,3.03,118,FALSE
2013TOR,2013,TOR,AL,162,74,88,0.457,41,4.4,185,669,112,510,1123,0.252,0.318,0.411,0.729,1065,99,4.26,688,1.344,9,1.2,3.1,7.5,2.42,97,FALSE
2011MIL,2011,MIL,NL,162,96,66,0.593,48,4.45,185,693,94,481,1083,0.261,0.325,0.425,0.75,1110,102,3.64,583,1.24,8.4,0.9,2.7,7.8,2.86,109,FALSE
2004NYM,2004,NYM,NL,162,71,91,0.438,52,4.22,185,658,107,512,1159,0.249,0.317,0.409,0.726,1142,88,4.1,660,1.411,9,1,3.7,6.1,1.65,105,FALSE
2009CHW,2009,CHW,AL,162,79,83,0.488,34,4.47,184,695,113,534,1022,0.258,0.329,0.411,0.74,1086,90,4.16,665,1.351,9,1.1,3.2,7,2.21,113,FALSE
2008CHC,2008,CHC,NL,161,97,64,0.602,42,5.31,184,811,87,636,1186,0.278,0.354,0.443,0.797,1237,103,3.87,624,1.294,8.2,1,3.4,7.8,2.31,118,FALSE
2006STL,2006,STL,NL,161,83,78,0.516,41,4.85,184,745,59,531,922,0.269,0.337,0.431,0.769,1158,97,4.54,721,1.384,9.3,1.2,3.2,6.1,1.92,98,TRUE
2005ATL,2005,ATL,NL,162,90,72,0.556,45,4.75,184,733,92,534,1084,0.265,0.333,0.435,0.768,1114,99,3.98,639,1.39,9.3,0.9,3.2,5.8,1.79,107,FALSE
2004CLE,2004,CLE,AL,162,80,82,0.494,37,5.3,184,820,94,606,1009,0.276,0.351,0.444,0.795,1197,111,4.82,785,1.454,9.5,1.2,3.6,6.8,1.93,91,FALSE
2000BAL,2000,BAL,AL,162,74,88,0.457,44,4.9,184,750,126,558,900,0.272,0.341,0.435,0.776,1129,100,5.37,855,1.543,9.7,1.3,4.2,6.4,1.53,88,FALSE
2016NYY,2016,NYY,AL,162,84,78,0.519,42,4.2,183,647,72,475,1188,0.252,0.315,0.405,0.72,1098,91,4.16,661,1.262,8.6,1.3,2.8,8.8,3.14,104,FALSE
2011CIN,2011,CIN,NL,162,79,83,0.488,42,4.54,183,697,97,535,1250,0.256,0.326,0.408,0.734,1189,98,4.16,678,1.331,8.7,1.1,3.3,6.8,2.06,95,FALSE
2009DET,2009,DET,AL,163,86,77,0.528,36,4.56,183,718,72,540,1114,0.26,0.331,0.416,0.747,1159,95,4.34,698,1.412,9,1.1,3.7,6.9,1.86,104,FALSE
2006TEX,2006,TEX,AL,162,80,82,0.494,39,5.15,183,799,53,505,1061,0.278,0.338,0.446,0.784,1139,101,4.61,733,1.435,9.8,1,3.1,6.1,1.96,101,FALSE
2004SFG,2004,SFG,NL,162,91,71,0.562,43,5.25,183,805,43,705,874,0.27,0.357,0.438,0.795,1289,104,4.34,703,1.393,9.1,1,3.4,6.3,1.86,101,FALSE
2000CHC,2000,CHC,NL,162,65,97,0.401,51,4.72,183,722,93,632,1120,0.256,0.335,0.411,0.746,1215,90,5.26,850,1.487,9.3,1.4,4.1,7.1,1.74,87,FALSE
2019CHW,2019,CHW,AL,161,72,89,0.447,40,4.4,182,676,63,378,1549,0.261,0.314,0.414,0.728,1071,92,4.9,770,1.43,9.2,1.5,3.7,8.4,2.25,94,FALSE
2018CHW,2018,CHW,AL,162,62,100,0.383,38,4.05,182,639,98,425,1594,0.241,0.302,0.401,0.703,1050,93,4.85,774,1.431,8.8,1.2,4.1,7.9,1.93,88,FALSE
2010MIL,2010,MIL,NL,162,77,85,0.475,43,4.63,182,710,81,546,1216,0.262,0.335,0.424,0.759,1220,103,4.59,734,1.438,9.3,1.1,3.6,7.9,2.16,88,FALSE
2009MIL,2009,MIL,NL,162,80,82,0.494,45,4.85,182,757,68,610,1231,0.263,0.341,0.426,0.767,1203,103,4.84,772,1.467,9.4,1.3,3.8,6.9,1.82,85,FALSE
2006FLA,2006,FLA,NL,162,78,84,0.481,39,4.68,182,713,110,497,1249,0.264,0.331,0.435,0.766,1126,99,4.37,696,1.456,9.2,1,3.9,6.8,1.75,99,FALSE
2003CIN,2003,CIN,NL,162,69,93,0.426,57,4.28,182,669,80,524,1326,0.245,0.318,0.395,0.713,1134,89,5.09,818,1.499,9.8,1.3,3.7,5.8,1.58,81,FALSE
2013ATL,2013,ATL,NL,162,96,66,0.593,44,4.25,181,656,64,542,1384,0.249,0.321,0.402,0.723,1132,99,3.18,512,1.196,8.2,0.8,2.5,7.6,3.01,118,FALSE
2010ARI,2010,ARI,NL,162,65,97,0.401,48,4.4,180,691,86,589,1529,0.25,0.325,0.416,0.74,1139,94,4.81,765,1.432,9.4,1.3,3.4,6.7,1.95,89,FALSE
2008NYY,2008,NYY,AL,162,89,73,0.549,41,4.87,180,758,118,535,1015,0.271,0.342,0.427,0.769,1160,101,4.28,686,1.364,9.2,0.9,3.1,7.1,2.33,103,FALSE
2008TBR,2008,TBR,AL,162,97,65,0.599,39,4.78,180,735,142,626,1224,0.26,0.34,0.422,0.762,1215,101,3.82,618,1.286,8.3,1,3.2,7.1,2.17,116,FALSE
2006MIL,2006,MIL,NL,162,75,87,0.463,49,4.51,180,695,71,502,1233,0.258,0.327,0.42,0.747,1108,89,4.83,765,1.38,9.2,1.1,3.2,7.2,2.23,95,FALSE
2003SFG,2003,SFG,NL,161,100,61,0.621,46,4.69,180,713,53,593,980,0.264,0.338,0.425,0.763,1188,99,3.73,595,1.318,8.4,0.9,3.4,6.3,1.84,113,FALSE
2007TEX,2007,TEX,AL,162,75,87,0.463,41,5.04,179,768,88,503,1224,0.263,0.328,0.426,0.754,1092,97,4.76,756,1.534,9.6,1,4.2,6.1,1.46,96,FALSE
2000ARI,2000,ARI,NL,162,85,77,0.525,41,4.89,179,756,97,535,975,0.265,0.333,0.429,0.763,1128,88,4.36,700,1.344,9,1.2,3.1,7.6,2.44,110,FALSE
2000ATL,2000,ATL,NL,162,95,67,0.586,47,5,179,758,148,595,1010,0.271,0.346,0.429,0.775,1192,95,4.06,649,1.327,8.9,1,3,6.8,2.26,114,FALSE
2013BOS,2013,BOS,AL,162,97,65,0.599,38,5.27,178,819,123,581,1308,0.277,0.349,0.446,0.795,1212,116,3.8,613,1.3,8.5,1,3.2,8,2.47,109,TRUE
2007CLE,2007,CLE,AL,162,96,66,0.593,35,5.01,178,784,72,590,1202,0.268,0.343,0.428,0.771,1215,102,4.05,659,1.319,9.3,0.9,2.5,6.4,2.55,112,FALSE
2004ATL,2004,ATL,NL,162,96,66,0.593,39,4.96,178,767,86,587,1158,0.27,0.343,0.434,0.777,1230,99,3.75,604,1.378,9.2,1,3.2,6.4,1.96,115,FALSE
2000MON,2000,MON,NL,162,67,95,0.414,49,4.56,178,705,58,476,1048,0.266,0.326,0.432,0.758,1100,87,5.14,814,1.512,9.9,1.1,3.7,6.4,1.75,94,FALSE
2016SDP,2016,SDP,NL,162,68,94,0.42,58,4.23,177,654,125,449,1500,0.235,0.299,0.39,0.689,965,86,4.44,711,1.385,8.9,1.1,3.6,7.6,2.15,90,FALSE
2015NYM,2015,NYM,NL,162,90,72,0.556,48,4.22,177,654,51,488,1290,0.244,0.312,0.4,0.712,1098,96,3.45,561,1.179,8.3,0.9,2.4,8.2,3.49,111,FALSE
2015WSN,2015,WSN,NL,162,83,79,0.512,44,4.34,177,665,57,539,1344,0.251,0.321,0.403,0.724,1114,96,3.62,577,1.206,8.6,0.9,2.3,8.4,3.69,110,FALSE
2014TOR,2014,TOR,AL,162,83,79,0.512,47,4.46,177,690,78,502,1151,0.259,0.323,0.414,0.736,1122,108,4,642,1.31,8.7,0.9,3.1,7.5,2.45,95,FALSE
2010CHW,2010,CHW,AL,162,88,74,0.543,32,4.64,177,710,160,467,922,0.268,0.332,0.42,0.752,1046,102,4.09,658,1.356,9.2,0.8,3,7.1,2.34,105,FALSE
2007DET,2007,DET,AL,162,88,74,0.543,33,5.48,177,857,103,474,1054,0.287,0.345,0.458,0.802,1148,108,4.58,737,1.426,9.3,1.1,3.5,6.5,1.85,100,FALSE
2007NYM,2007,NYM,NL,162,88,74,0.543,49,4.96,177,761,200,549,981,0.275,0.342,0.432,0.775,1196,101,4.27,689,1.367,8.8,1,3.5,7,1.99,101,FALSE
2002BOS,2002,BOS,AL,162,93,69,0.574,32,5.3,177,810,80,545,944,0.277,0.345,0.444,0.789,1175,106,3.75,603,1.224,8.3,0.9,2.7,7.2,2.69,122,FALSE
2000DET,2000,DET,AL,162,79,83,0.488,35,5.08,177,785,83,562,982,0.275,0.343,0.438,0.781,1185,102,4.73,759,1.44,9.9,1.1,3.1,6.1,1.97,99,FALSE
2000MIL,2000,MIL,NL,163,73,89,0.451,46,4.54,177,708,72,620,1245,0.246,0.325,0.403,0.729,1183,85,4.63,755,1.52,9.2,1.1,4.5,5.9,1.33,99,FALSE
2018ARI,2018,ARI,NL,162,82,80,0.506,49,4.28,176,658,79,560,1460,0.235,0.31,0.397,0.707,1086,86,3.73,606,1.254,8.1,1.1,3.2,8.9,2.77,113,FALSE
2018SEA,2018,SEA,AL,162,89,73,0.549,41,4.18,176,644,79,430,1221,0.254,0.314,0.408,0.722,1084,102,4.13,664,1.24,8.7,1.2,2.5,8.3,3.32,99,FALSE
2015LAA,2015,LAA,AL,162,85,77,0.525,43,4.08,176,621,52,435,1150,0.246,0.307,0.396,0.702,1013,97,3.94,631,1.264,8.5,1,2.9,7.6,2.62,96,FALSE
2013DET,2013,DET,AL,162,93,69,0.574,37,4.91,176,767,35,531,1073,0.283,0.346,0.434,0.78,1250,111,3.61,587,1.252,8.4,0.8,2.8,8.8,3.09,116,FALSE
2013TEX,2013,TEX,AL,163,91,72,0.558,37,4.48,176,691,149,462,1067,0.262,0.323,0.412,0.735,1110,100,3.63,590,1.277,8.4,1,3.1,8.1,2.63,114,FALSE
2007ATL,2007,ATL,NL,162,84,78,0.519,50,5,176,781,64,534,1149,0.275,0.339,0.435,0.774,1205,101,4.11,665,1.359,8.9,1.1,3.3,6.8,2.06,107,FALSE
2003OAK,2003,OAK,AL,162,96,66,0.593,34,4.74,176,742,48,556,898,0.254,0.327,0.417,0.743,1130,96,3.63,582,1.273,8.3,0.9,3.1,6.4,2.04,123,FALSE
2001CIN,2001,CIN,NL,162,66,96,0.407,50,4.54,176,690,103,468,1172,0.262,0.324,0.419,0.744,1115,87,4.78,766,1.447,9.8,1.2,3.2,5.9,1.83,96,FALSE
2018ATL,2018,ATL,NL,162,90,72,0.556,58,4.69,175,717,90,511,1290,0.257,0.324,0.417,0.742,1143,98,3.75,607,1.284,7.6,0.9,3.9,8.8,2.24,110,FALSE
2012TBR,2012,TBR,AL,162,90,72,0.556,38,4.3,175,665,134,571,1323,0.24,0.317,0.394,0.711,1058,99,3.19,518,1.166,7.6,0.9,2.9,8.5,2.95,121,FALSE
2006OAK,2006,OAK,AL,162,93,69,0.574,31,4.76,175,735,61,650,976,0.26,0.34,0.412,0.752,1187,97,4.22,680,1.415,9.5,1,3.3,6.2,1.9,106,FALSE
2005MIL,2005,MIL,NL,162,81,81,0.5,39,4.48,175,689,79,531,1162,0.259,0.331,0.423,0.754,1120,97,3.98,636,1.357,8.6,1.1,3.6,7.3,2.06,108,FALSE
2005NYM,2005,NYM,NL,162,83,79,0.512,42,4.46,175,683,153,486,1075,0.258,0.322,0.416,0.738,1122,95,3.77,602,1.31,8.7,0.8,3.1,6.3,2.06,109,FALSE
2002STL,2002,STL,NL,162,97,65,0.599,44,4.86,175,758,86,542,927,0.268,0.338,0.425,0.763,1160,102,3.7,595,1.315,8.4,0.9,3.4,6.3,1.84,109,FALSE
2017PHI,2017,PHI,NL,162,66,96,0.407,51,4.26,174,654,59,494,1417,0.25,0.315,0.409,0.723,1079,89,4.57,731,1.387,9.2,1.4,3.3,8.2,2.48,95,FALSE
2008STL,2008,STL,NL,162,86,76,0.531,43,4.81,174,744,73,577,985,0.281,0.35,0.433,0.783,1241,107,4.2,679,1.384,9.4,1,3.1,5.9,1.93,101,FALSE
2006HOU,2006,HOU,NL,162,82,80,0.506,39,4.54,174,708,79,585,1076,0.255,0.332,0.409,0.741,1191,89,4.09,668,1.297,8.7,1.1,2.9,7.1,2.42,109,FALSE
2001ATL,2001,ATL,NL,162,88,74,0.543,47,4.5,174,696,85,493,1039,0.26,0.324,0.412,0.736,1095,87,3.59,578,1.287,8.5,1,3.1,7,2.27,124,FALSE
2011ATL,2011,ATL,NL,162,89,73,0.549,45,3.96,173,606,77,504,1260,0.243,0.308,0.387,0.695,1109,90,3.49,573,1.252,8.1,0.8,3.2,8.1,2.56,110,FALSE
2010COL,2010,COL,NL,162,83,79,0.512,43,4.75,173,741,99,585,1274,0.263,0.336,0.425,0.76,1175,92,4.14,663,1.338,8.8,0.9,3.3,7.7,2.35,112,FALSE
2009ARI,2009,ARI,NL,162,70,92,0.432,45,4.44,173,686,102,571,1298,0.253,0.324,0.418,0.742,1173,91,4.44,714,1.378,9.1,1,3.3,7.2,2.21,101,FALSE
2009LAA,2009,LAA,AL,162,97,65,0.599,32,5.45,173,841,148,547,1054,0.285,0.35,0.441,0.792,1134,108,4.45,715,1.409,9.4,1.1,3.3,6.6,2.03,99,FALSE
2008BOS,2008,BOS,AL,162,95,67,0.586,37,5.22,173,807,120,646,1068,0.28,0.358,0.447,0.805,1262,107,4.01,645,1.325,8.5,0.9,3.4,7.4,2.16,116,FALSE
2000TEX,2000,TEX,AL,162,71,91,0.438,36,5.23,173,806,69,580,922,0.283,0.352,0.446,0.798,1198,100,5.52,876,1.64,10.6,1.3,4.2,5.8,1.39,91,FALSE
2018CIN,2018,CIN,NL,162,67,95,0.414,53,4.3,172,665,77,559,1376,0.254,0.328,0.401,0.729,1179,95,4.65,745,1.404,9.3,1.4,3.3,7.9,2.36,90,FALSE
2015TEX,2015,TEX,AL,162,88,74,0.543,50,4.64,172,707,101,503,1233,0.257,0.325,0.413,0.739,1130,98,4.25,682,1.363,9.1,1.1,3.2,6.8,2.16,100,FALSE
2013CHC,2013,CHC,NL,162,66,96,0.407,56,3.72,172,576,63,439,1230,0.238,0.3,0.392,0.693,1092,89,4,643,1.293,8.3,1,3.4,7.4,2.19,97,FALSE
2012CIN,2012,CIN,NL,162,97,65,0.599,38,4.13,172,636,87,481,1266,0.251,0.315,0.411,0.726,1135,93,3.34,540,1.227,8.4,0.9,2.6,7.7,2.92,123,FALSE
2011ARI,2011,ARI,NL,162,94,68,0.58,51,4.51,172,702,133,531,1249,0.25,0.322,0.413,0.736,1064,99,3.8,609,1.286,8.8,1,2.8,6.6,2.39,104,FALSE
2011TBR,2011,TBR,AL,162,91,71,0.562,35,4.36,172,674,155,571,1193,0.244,0.322,0.402,0.724,1118,104,3.58,577,1.219,7.8,1,3.1,7.1,2.27,105,FALSE
2009MIN,2009,MIN,AL,163,87,76,0.534,32,5.01,172,770,85,585,1021,0.274,0.345,0.429,0.774,1185,104,4.5,726,1.382,9.6,1.1,2.9,6.5,2.26,98,FALSE
2008BAL,2008,BAL,AL,161,68,93,0.422,36,4.86,172,750,81,533,990,0.267,0.333,0.429,0.762,1134,100,5.15,814,1.565,9.7,1.2,4.3,5.8,1.34,87,FALSE
2008NYM,2008,NYM,NL,162,89,73,0.549,50,4.93,172,751,138,619,1024,0.266,0.34,0.42,0.761,1220,101,4.07,663,1.369,8.7,1,3.6,7.3,2,104,FALSE
2006SEA,2006,SEA,AL,162,78,84,0.481,37,4.67,172,703,106,404,974,0.272,0.325,0.424,0.749,1110,95,4.6,739,1.424,9.3,1.1,3.5,6.6,1.91,97,FALSE
2003CHC,2003,CHC,NL,162,88,74,0.543,42,4.47,172,691,73,492,1158,0.259,0.323,0.416,0.739,1114,91,3.83,619,1.319,8.1,0.9,3.8,8.7,2.28,114,FALSE
2015CHC,2015,CHC,NL,162,97,65,0.599,50,4.25,171,657,95,567,1518,0.244,0.321,0.398,0.719,1165,98,3.36,546,1.152,7.9,0.8,2.5,8.8,3.52,114,FALSE
2013CLE,2013,CLE,AL,162,92,70,0.568,39,4.6,171,711,117,562,1283,0.255,0.327,0.41,0.737,1126,107,3.82,611,1.328,8.5,0.9,3.5,8.6,2.49,100,FALSE
2008CLE,2008,CLE,AL,162,81,81,0.5,35,4.97,171,772,77,560,1213,0.262,0.339,0.424,0.763,1184,103,4.46,712,1.374,9.6,1.1,2.8,6.2,2.22,95,FALSE
2007ARI,2007,ARI,NL,162,90,72,0.556,47,4.4,171,687,109,532,1111,0.25,0.321,0.413,0.734,1090,83,4.13,662,1.382,9,1.1,3.4,6.8,1.99,115,FALSE
2007COL,2007,COL,NL,163,90,73,0.552,53,5.28,171,823,100,622,1152,0.28,0.354,0.437,0.791,1251,98,4.32,706,1.359,9.2,1,3.1,5.9,1.92,112,FALSE
2007OAK,2007,OAK,AL,162,76,86,0.469,42,4.57,171,711,52,664,1119,0.256,0.338,0.407,0.745,1258,101,4.3,692,1.38,9.1,0.9,3.3,6.4,1.95,99,FALSE
2007SDP,2007,SDP,NL,163,89,74,0.546,49,4.55,171,704,55,557,1229,0.251,0.322,0.411,0.732,1152,97,3.72,614,1.266,8.5,0.7,2.9,6.9,2.4,108,FALSE
2018NYM,2018,NYM,NL,162,77,85,0.475,56,4.17,170,649,71,566,1404,0.234,0.312,0.389,0.701,1104,96,4.07,661,1.265,8.4,1.1,3,8.9,2.99,92,FALSE
2012PIT,2012,PIT,NL,162,79,83,0.488,49,4.02,170,620,73,444,1354,0.243,0.304,0.395,0.699,1049,93,3.91,623,1.289,8.5,1,3.1,7.5,2.43,97,FALSE
2005STL,2005,STL,NL,162,100,62,0.617,40,4.97,170,757,83,534,947,0.27,0.339,0.423,0.762,1152,98,3.49,560,1.274,8.7,1,2.8,6.1,2.2,122,FALSE
2016OAK,2016,OAK,AL,162,69,93,0.426,43,4.03,169,634,50,442,1145,0.246,0.304,0.395,0.699,1036,91,4.51,719,1.341,9.2,1.2,2.9,7.5,2.56,91,FALSE
2011DET,2011,DET,AL,162,95,67,0.586,34,4.86,169,750,49,521,1143,0.277,0.34,0.434,0.773,1165,109,4.04,647,1.318,8.8,0.9,3.1,7,2.27,103,FALSE
2004BAL,2004,BAL,AL,162,78,84,0.481,39,5.2,169,803,101,528,949,0.281,0.345,0.432,0.776,1216,103,4.71,761,1.494,9.2,1,4.2,6.7,1.59,97,FALSE
2002CIN,2002,CIN,NL,162,78,84,0.481,43,4.38,169,678,116,583,1188,0.253,0.33,0.408,0.738,1169,91,4.29,693,1.412,9.3,1.1,3.4,6.1,1.78,100,FALSE
2001SEA,2001,SEA,AL,162,116,46,0.716,32,5.72,169,881,174,614,989,0.288,0.36,0.445,0.805,1257,117,3.54,576,1.2,7.9,1,2.9,6.5,2.26,117,FALSE
2017BOS,2017,BOS,AL,162,93,69,0.574,43,4.85,168,735,106,571,1224,0.258,0.329,0.407,0.736,1134,92,3.73,615,1.247,8.4,1.2,2.8,9.6,3.4,123,FALSE
2016CHW,2016,CHW,AL,162,78,84,0.481,43,4.23,168,656,77,455,1285,0.257,0.317,0.41,0.727,1105,99,4.12,662,1.343,8.8,1.2,3.2,7.9,2.44,99,FALSE
2005DET,2005,DET,AL,162,71,91,0.438,35,4.46,168,678,66,384,1038,0.272,0.321,0.428,0.75,1077,100,4.52,721,1.369,9.4,1.2,2.9,5.7,1.97,94,FALSE
2000PIT,2000,PIT,NL,162,69,93,0.426,46,4.9,168,749,86,564,1032,0.267,0.339,0.424,0.762,1202,92,4.94,796,1.563,9.7,1,4.4,6.6,1.5,94,FALSE
2019SFG,2019,SFG,NL,162,77,85,0.475,64,4.19,167,655,47,475,1435,0.239,0.302,0.392,0.694,1069,83,4.38,715,1.303,8.5,1.4,3.2,8.4,2.64,97,FALSE
2018CHC,2018,CHC,NL,163,95,68,0.583,50,4.67,167,722,66,576,1388,0.258,0.333,0.41,0.744,1224,97,3.65,598,1.315,8,1,3.8,8.1,2.14,115,FALSE
2015CIN,2015,CIN,NL,162,64,98,0.395,50,3.95,167,613,134,496,1255,0.248,0.312,0.394,0.706,1148,92,4.35,702,1.362,8.9,1.1,3.4,7.8,2.3,92,FALSE
2015TBR,2015,TBR,AL,162,80,82,0.494,45,3.98,167,612,87,436,1310,0.252,0.314,0.406,0.72,1075,100,3.74,604,1.232,8.1,1.1,3,8.4,2.84,105,FALSE
2008HOU,2008,HOU,NL,161,86,75,0.534,41,4.42,167,684,114,449,1051,0.263,0.323,0.415,0.737,1073,95,4.39,695,1.365,9.2,1.2,3.1,6.9,2.23,96,FALSE
2007HOU,2007,HOU,NL,162,73,89,0.451,41,4.46,167,700,65,547,1043,0.26,0.33,0.412,0.742,1181,91,4.7,765,1.417,9.6,1.3,3.1,6.8,2.17,95,FALSE
2005PHI,2005,PHI,NL,162,88,74,0.543,40,4.98,167,760,116,639,1083,0.27,0.348,0.423,0.772,1251,98,4.21,672,1.3,8.6,1.2,3.1,7.3,2.38,105,FALSE
2002HOU,2002,HOU,NL,162,84,78,0.519,41,4.62,167,719,71,589,1120,0.262,0.338,0.417,0.755,1177,93,4,643,1.363,8.9,0.9,3.4,7.6,2.23,108,FALSE
2002MIN,2002,MIN,AL,161,94,67,0.584,34,4.77,167,731,79,472,1089,0.272,0.332,0.437,0.769,1124,103,4.12,662,1.31,9.1,1.1,2.7,6.4,2.34,109,FALSE
2000BOS,2000,BOS,AL,162,85,77,0.525,41,4.89,167,755,43,611,1019,0.267,0.341,0.423,0.764,1226,90,4.24,684,1.329,8.9,1.1,3.1,6.9,2.25,120,FALSE
2018MIN,2018,MIN,AL,162,78,84,0.481,41,4.56,166,704,47,534,1328,0.25,0.318,0.405,0.723,1087,96,4.5,722,1.384,8.9,1.2,3.6,8.6,2.4,96,FALSE
2012COL,2012,COL,NL,162,64,98,0.395,49,4.68,166,716,100,450,1213,0.274,0.33,0.436,0.766,1111,93,5.21,824,1.549,10.4,1.3,3.6,7.2,2.02,89,FALSE
2010PHI,2010,PHI,NL,162,97,65,0.599,42,4.77,166,736,108,560,1064,0.26,0.332,0.413,0.745,1194,98,3.68,596,1.248,8.7,1,2.6,7.3,2.84,111,FALSE
2007BOS,2007,BOS,AL,162,96,66,0.593,33,5.35,166,829,96,689,1042,0.279,0.362,0.444,0.806,1291,107,3.87,618,1.273,8.4,0.9,3,7.2,2.38,123,TRUE
2006CHC,2006,CHC,NL,162,66,96,0.407,46,4.42,166,677,121,395,928,0.268,0.319,0.422,0.741,1082,86,4.74,758,1.448,8.7,1.3,4.3,7.8,1.82,98,FALSE
2003PHI,2003,PHI,NL,162,86,76,0.531,38,4.88,166,757,72,651,1155,0.261,0.343,0.419,0.762,1220,104,4.06,651,1.331,8.6,0.9,3.3,6.6,1.98,99,FALSE
2001FLA,2001,FLA,NL,162,76,86,0.469,42,4.58,166,713,89,470,1145,0.264,0.326,0.423,0.749,1117,95,4.32,691,1.401,8.7,0.9,3.9,7,1.81,98,FALSE
2017ATL,2017,ATL,NL,162,72,90,0.444,49,4.52,165,706,77,474,1184,0.263,0.326,0.412,0.738,1127,92,4.72,756,1.42,9.1,1.2,3.6,7.9,2.15,93,FALSE
2013TBR,2013,TBR,AL,163,92,71,0.564,38,4.29,165,670,73,589,1171,0.257,0.329,0.408,0.737,1172,106,3.74,608,1.227,8.1,0.9,3,8.1,2.72,103,FALSE
2012ARI,2012,ARI,NL,162,81,81,0.5,48,4.53,165,710,93,539,1266,0.259,0.328,0.418,0.746,1122,99,3.94,628,1.29,9,1,2.6,7.5,2.88,104,FALSE
2012BOS,2012,BOS,AL,162,69,93,0.426,46,4.53,165,695,97,428,1197,0.26,0.315,0.415,0.73,1076,96,4.72,757,1.371,9,1.2,3.3,7.3,2.22,90,FALSE
2007TOR,2007,TOR,AL,162,83,79,0.512,35,4.65,165,719,57,533,1044,0.259,0.327,0.419,0.746,1112,95,4,644,1.285,8.6,1,3,6.6,2.23,112,FALSE
2002ARI,2002,ARI,NL,162,98,64,0.605,42,5.06,165,783,92,643,1016,0.267,0.346,0.423,0.769,1211,93,3.93,631,1.232,8.5,1.1,2.6,8.1,3.1,116,FALSE
2002BAL,2002,BAL,AL,162,67,95,0.414,38,4.12,165,636,110,452,993,0.246,0.309,0.403,0.712,1037,92,4.46,719,1.406,9.3,1.3,3.4,6,1.76,97,FALSE
2002PHI,2002,PHI,NL,161,80,81,0.497,39,4.41,165,676,104,640,1095,0.259,0.339,0.422,0.761,1260,105,4.17,671,1.346,8.6,0.9,3.5,6.7,1.89,93,FALSE
2016CIN,2016,CIN,NL,162,68,94,0.42,52,4.42,164,678,139,452,1284,0.256,0.316,0.408,0.724,1014,91,4.91,787,1.451,9.1,1.6,4,7.7,1.95,87,FALSE
2013LAA,2013,LAA,AL,162,78,84,0.481,40,4.52,164,696,82,523,1221,0.264,0.329,0.414,0.743,1144,110,4.24,687,1.378,9.1,1,3.3,7.4,2.25,89,FALSE
2006BAL,2006,BAL,AL,162,70,92,0.432,36,4.74,164,727,121,474,878,0.277,0.339,0.424,0.763,1177,97,5.35,844,1.545,10,1.4,3.9,6.4,1.66,85,FALSE
2006WSN,2006,WSN,NL,162,71,91,0.438,57,4.6,164,695,123,594,1156,0.262,0.338,0.418,0.756,1194,98,5.03,803,1.475,9.6,1.2,3.7,6,1.64,85,FALSE
2002ATL,2002,ATL,NL,161,101,59,0.631,38,4.4,164,669,76,558,1028,0.26,0.331,0.409,0.741,1185,93,3.13,511,1.265,8,0.8,3.4,6.5,1.91,133,FALSE
2001MIN,2001,MIN,AL,162,85,77,0.525,36,4.76,164,717,146,495,1083,0.272,0.337,0.433,0.77,1101,101,4.51,723,1.345,9.3,1.2,2.8,6,2.17,101,FALSE
2001PHI,2001,PHI,NL,162,86,76,0.531,46,4.6,164,708,153,551,1125,0.26,0.329,0.414,0.743,1157,93,4.16,668,1.345,8.8,1.1,3.3,6.8,2.06,102,FALSE
2019PIT,2019,PIT,NL,162,69,93,0.426,54,4.68,163,722,64,425,1213,0.265,0.321,0.42,0.741,1103,93,5.19,830,1.455,9.4,1.5,3.7,9,2.47,85,FALSE
2014HOU,2014,HOU,AL,162,70,92,0.432,39,3.88,163,596,122,495,1442,0.242,0.309,0.383,0.692,1086,96,4.14,662,1.335,9,0.9,3,7.1,2.35,94,FALSE
2012DET,2012,DET,AL,162,88,74,0.543,37,4.48,163,698,59,511,1103,0.268,0.335,0.422,0.757,1121,103,3.77,599,1.291,8.9,0.9,2.8,8.3,3.01,113,FALSE
2011COL,2011,COL,NL,162,73,89,0.451,55,4.54,163,697,118,555,1201,0.258,0.329,0.41,0.739,1172,88,4.44,714,1.377,9.1,1.1,3.2,7,2.14,103,FALSE
2006SFG,2006,SFG,NL,161,76,85,0.472,44,4.63,163,711,58,494,891,0.259,0.324,0.422,0.746,1092,90,4.64,737,1.403,9,1,3.7,6.2,1.7,97,FALSE
2003PIT,2003,PIT,NL,162,75,87,0.463,46,4.65,163,711,86,529,1049,0.267,0.338,0.42,0.758,1214,95,4.65,746,1.405,9.5,1.1,3.1,5.8,1.84,95,FALSE
2019KCR,2019,KCR,AL,162,59,103,0.364,47,4.27,162,655,117,456,1405,0.247,0.309,0.401,0.71,1056,85,5.2,824,1.479,9.6,1.4,3.7,7.8,2.11,92,FALSE
2018SDP,2018,SDP,NL,162,66,96,0.407,49,3.81,162,583,95,471,1523,0.235,0.297,0.38,0.677,1028,88,4.41,714,1.338,8.8,1.1,3.2,8.6,2.7,88,FALSE
2011STL,2011,STL,NL,162,90,72,0.556,46,4.7,162,726,57,542,978,0.273,0.341,0.425,0.766,1127,112,3.79,615,1.306,9,0.8,2.8,6.8,2.45,99,TRUE
2010SFG,2010,SFG,NL,162,92,70,0.568,42,4.3,162,660,55,487,1099,0.257,0.321,0.408,0.729,1092,98,3.36,546,1.271,7.9,0.8,3.6,8.2,2.3,117,TRUE
2010TEX,2010,TEX,AL,162,90,72,0.556,39,4.86,162,740,123,511,986,0.276,0.338,0.419,0.757,1174,98,3.93,636,1.31,8.4,1,3.4,7.3,2.14,114,FALSE
2004ANA,2004,ANA,AL,162,92,70,0.568,35,5.16,162,783,143,450,942,0.282,0.341,0.429,0.77,1133,102,4.28,692,1.36,9.1,1.1,3.1,7.2,2.32,104,FALSE
2003KCR,2003,KCR,AL,162,83,79,0.512,38,5.16,162,781,120,476,926,0.274,0.336,0.427,0.763,1096,95,5.06,809,1.484,9.8,1.2,3.5,5.4,1.53,97,FALSE
2002MON,2002,MON,NL,162,83,79,0.512,43,4.54,162,695,118,575,1104,0.261,0.334,0.418,0.752,1158,95,3.98,642,1.365,9.1,1,3.1,6.7,2.14,107,FALSE
2000TBD,2000,TBD,AL,161,69,92,0.429,39,4.55,162,692,90,558,1022,0.257,0.329,0.399,0.728,1140,85,4.86,773,1.457,9.8,1.2,3.4,6,1.79,102,FALSE
2016PHI,2016,PHI,NL,162,71,91,0.438,49,3.77,161,574,96,424,1376,0.24,0.301,0.384,0.685,1043,82,4.64,741,1.346,9.2,1.3,2.9,8.1,2.79,91,FALSE
2015BOS,2015,BOS,AL,162,78,84,0.481,44,4.62,161,706,71,478,1148,0.265,0.325,0.415,0.74,1142,97,4.34,698,1.356,9.2,1.1,3,7.6,2.55,100,FALSE
2013PIT,2013,PIT,NL,162,94,68,0.58,48,3.91,161,603,94,469,1330,0.245,0.313,0.396,0.709,1126,100,3.27,535,1.233,7.9,0.6,3.2,7.7,2.45,109,FALSE
2013WSN,2013,WSN,NL,162,86,76,0.531,44,4.05,161,621,88,464,1192,0.251,0.313,0.398,0.71,1071,94,3.59,576,1.226,8.5,0.9,2.5,7.7,3.05,106,FALSE
2009CHC,2009,CHC,NL,161,83,78,0.516,45,4.39,161,678,56,592,1185,0.255,0.332,0.407,0.738,1209,89,3.84,617,1.325,8.3,1,3.6,7.9,2.17,116,FALSE
2009CLE,2009,CLE,AL,162,65,97,0.401,40,4.77,161,730,84,582,1211,0.264,0.339,0.417,0.756,1198,102,5.07,808,1.512,9.9,1.1,3.8,6.2,1.65,84,FALSE
2006SDP,2006,SDP,NL,162,88,74,0.543,46,4.51,161,698,123,564,1104,0.263,0.332,0.416,0.749,1188,99,3.88,631,1.266,8.5,1.1,2.9,6.7,2.34,105,FALSE
2005HOU,2005,HOU,NL,163,89,73,0.549,36,4.25,161,654,115,481,1037,0.256,0.322,0.408,0.73,1136,90,3.52,564,1.231,8.3,1,2.7,7.3,2.65,121,FALSE
2001PIT,2001,PIT,NL,162,62,100,0.383,49,4.06,161,618,93,467,1106,0.247,0.313,0.393,0.706,1058,79,5.05,794,1.442,9.5,1.1,3.5,5.8,1.65,90,FALSE
2001SDP,2001,SDP,NL,162,79,83,0.488,48,4.87,161,753,129,678,1273,0.252,0.336,0.399,0.735,1160,97,4.52,724,1.385,9.5,1.4,3,6.8,2.29,88,FALSE
2000COL,2000,COL,NL,162,82,80,0.506,49,5.98,161,905,131,601,907,0.294,0.362,0.455,0.816,1198,87,5.29,840,1.508,9.9,1.4,3.7,6.3,1.7,110,FALSE
2010TBR,2010,TBR,AL,162,96,66,0.593,34,4.95,160,769,172,672,1292,0.247,0.333,0.403,0.736,1152,105,3.78,611,1.255,8.3,1.1,3,7.4,2.49,103,FALSE
2009BAL,2009,BAL,AL,162,64,98,0.395,35,4.57,160,708,76,517,1013,0.268,0.332,0.415,0.747,1160,95,5.16,820,1.525,10.3,1.4,3.4,5.9,1.71,89,FALSE
2009SEA,2009,SEA,AL,162,85,77,0.525,37,3.95,160,613,89,421,1093,0.258,0.314,0.402,0.716,1121,92,3.87,625,1.303,8.4,1.1,3.3,6.5,1.95,110,FALSE
2009STL,2009,STL,NL,162,91,71,0.562,42,4.51,160,694,75,528,1041,0.263,0.332,0.415,0.747,1152,98,3.66,586,1.296,8.8,0.8,2.9,6.6,2.28,112,FALSE
2008COL,2008,COL,NL,162,74,88,0.457,49,4.61,160,714,141,570,1209,0.263,0.336,0.415,0.751,1207,89,4.77,766,1.459,9.6,0.9,3.5,6.5,1.85,99,FALSE
2006ARI,2006,ARI,NL,162,76,86,0.469,45,4.77,160,743,76,504,965,0.267,0.331,0.424,0.755,1166,89,4.49,728,1.397,9.3,1,3.3,6.9,2.08,106,FALSE
2002NYM,2002,NYM,NL,161,75,86,0.466,48,4.29,160,650,87,486,1044,0.256,0.322,0.395,0.717,1111,92,3.91,626,1.352,8.8,1,3.4,6.9,2.04,103,FALSE
2000FLA,2000,FLA,NL,161,79,82,0.491,40,4.54,160,691,168,540,1184,0.262,0.331,0.409,0.74,1168,91,4.59,729,1.488,9.3,1.1,4.1,6.6,1.62,96,FALSE
2013COL,2013,COL,NL,162,74,88,0.457,42,4.36,159,673,112,427,1204,0.27,0.323,0.418,0.741,1118,91,4.44,708,1.436,9.7,0.9,3.2,6.7,2.06,101,FALSE
2012STL,2012,STL,NL,162,88,74,0.543,45,4.72,159,732,91,533,1192,0.271,0.338,0.421,0.759,1198,107,3.71,603,1.269,8.7,0.8,2.7,7.5,2.79,103,FALSE
2009FLA,2009,FLA,NL,162,87,75,0.537,44,4.77,159,727,75,568,1226,0.268,0.34,0.416,0.756,1214,97,4.32,694,1.401,8.9,1,3.7,7.8,2.08,100,FALSE
2008ARI,2008,ARI,NL,162,82,80,0.506,41,4.44,159,683,58,587,1287,0.251,0.327,0.415,0.742,1142,88,3.99,636,1.292,8.8,0.9,2.8,7.7,2.73,116,FALSE
2008LAA,2008,LAA,AL,162,100,62,0.617,33,4.72,159,721,129,481,987,0.268,0.33,0.413,0.743,1087,95,4,645,1.317,9,1,2.8,6.9,2.42,112,FALSE
2006LAA,2006,LAA,AL,162,89,73,0.549,35,4.73,159,737,148,486,914,0.274,0.334,0.425,0.759,1121,95,4.04,652,1.295,8.7,1,2.9,7.2,2.47,112,FALSE
2012PHI,2012,PHI,NL,162,81,81,0.5,49,4.22,158,659,116,454,1094,0.255,0.317,0.4,0.716,1135,92,3.86,622,1.237,8.6,1.1,2.5,8.6,3.39,105,FALSE
2009CIN,2009,CIN,NL,162,78,84,0.481,46,4.15,158,637,96,531,1129,0.247,0.318,0.394,0.712,1131,87,4.18,677,1.37,8.8,1.2,3.6,6.6,1.85,101,FALSE
2003CLE,2003,CLE,AL,162,68,94,0.42,39,4.31,158,660,86,466,1062,0.254,0.316,0.401,0.717,1068,92,4.21,682,1.355,9.1,1.1,3.1,5.8,1.88,105,FALSE
2001ANA,2001,ANA,AL,162,75,87,0.463,33,4.27,158,662,116,494,1001,0.261,0.327,0.405,0.732,1203,91,4.2,671,1.375,9.1,1.1,3.3,5.9,1.8,107,FALSE
2018PIT,2018,PIT,NL,161,82,79,0.509,48,4.3,157,665,70,474,1229,0.254,0.317,0.407,0.725,1071,98,4.01,638,1.309,8.7,1.1,3.1,8.4,2.69,98,FALSE
2014CHC,2014,CHC,NL,162,73,89,0.451,48,3.79,157,590,65,442,1477,0.239,0.3,0.385,0.684,1069,89,3.92,638,1.3,8.6,0.7,3.1,8.1,2.6,97,FALSE
2013MIL,2013,MIL,NL,162,74,88,0.457,40,3.95,157,610,142,407,1183,0.252,0.311,0.398,0.708,1071,93,3.84,615,1.294,8.7,1.1,2.9,7,2.41,101,FALSE
2006COL,2006,COL,NL,162,76,86,0.469,50,5.02,157,761,85,561,1108,0.27,0.341,0.433,0.774,1174,90,4.66,749,1.452,9.6,1,3.4,5.9,1.72,106,FALSE
2005TBD,2005,TBD,AL,162,67,95,0.414,36,4.63,157,717,151,412,990,0.274,0.329,0.425,0.754,1065,101,5.4,853,1.537,9.9,1.2,3.9,6,1.54,81,FALSE
2003FLA,2003,FLA,NL,162,91,71,0.562,40,4.64,157,709,150,515,978,0.266,0.333,0.421,0.754,1114,97,4.04,649,1.346,8.8,0.8,3.3,7,2.14,105,TRUE
2000SDP,2000,SDP,NL,162,76,86,0.469,55,4.64,157,714,131,602,1177,0.254,0.33,0.402,0.732,1155,91,4.52,733,1.433,8.9,1.2,4,6.6,1.65,95,FALSE
2016LAA,2016,LAA,AL,162,74,88,0.457,41,4.43,156,686,73,471,991,0.26,0.322,0.405,0.726,1037,100,4.28,676,1.392,9.4,1.3,3.2,7.2,2.28,94,FALSE
2015MIN,2015,MIN,AL,162,83,79,0.512,38,4.3,156,661,70,439,1264,0.247,0.305,0.399,0.704,993,92,4.07,653,1.33,9.4,1,2.6,6.5,2.53,100,FALSE
2014PIT,2014,PIT,NL,162,88,74,0.543,45,4.21,156,659,104,520,1244,0.259,0.33,0.404,0.734,1192,106,3.49,565,1.263,8.3,0.8,3.1,7.6,2.46,103,FALSE
2009WSN,2009,WSN,NL,162,59,103,0.364,55,4.38,156,685,73,617,1208,0.258,0.337,0.406,0.743,1223,96,5.02,794,1.518,9.7,1.1,4,5.8,1.45,85,FALSE
2018KCR,2018,KCR,AL,162,58,104,0.358,41,3.94,155,606,117,427,1310,0.245,0.305,0.392,0.697,1063,90,4.95,787,1.46,9.7,1.3,3.5,7.3,2.11,88,FALSE
2014CHW,2014,CHW,AL,162,73,89,0.451,36,4.07,155,625,85,417,1362,0.253,0.31,0.398,0.708,1071,102,4.3,688,1.405,9.2,0.9,3.5,7.2,2.07,88,FALSE
2014DET,2014,DET,AL,162,90,72,0.556,37,4.67,155,731,106,443,1144,0.277,0.331,0.426,0.757,1111,113,4.01,648,1.332,9.1,0.8,2.9,7.7,2.69,97,FALSE
2014LAA,2014,LAA,AL,162,98,64,0.605,41,4.77,155,729,81,492,1266,0.259,0.322,0.406,0.728,1113,110,3.58,590,1.221,7.9,0.8,3.1,8.1,2.66,101,FALSE
2013CIN,2013,CIN,NL,162,90,72,0.556,39,4.31,155,664,67,585,1245,0.249,0.327,0.391,0.718,1191,98,3.38,554,1.173,7.9,1,2.7,7.9,2.98,112,FALSE
2011LAA,2011,LAA,AL,162,86,76,0.531,34,4.12,155,629,135,442,1086,0.253,0.313,0.402,0.714,1051,102,3.57,581,1.272,8.5,0.9,2.9,6.5,2.22,106,FALSE
2010LAA,2010,LAA,AL,162,80,82,0.494,38,4.2,155,656,104,466,1070,0.248,0.311,0.39,0.702,1049,94,4.04,651,1.371,8.8,0.9,3.5,7,2,99,FALSE
2005OAK,2005,OAK,AL,162,88,74,0.543,33,4.77,155,739,31,537,819,0.262,0.33,0.407,0.737,1170,96,3.7,596,1.254,8.2,1,3.1,6.7,2.13,118,FALSE
2003MIN,2003,MIN,AL,162,90,72,0.556,33,4.94,155,755,94,512,1027,0.277,0.341,0.431,0.772,1166,102,4.41,716,1.319,9.4,1.2,2.5,6.1,2.48,103,FALSE
2002LAD,2002,LAD,NL,162,92,70,0.568,41,4.4,155,693,96,428,940,0.264,0.32,0.409,0.729,1087,98,3.69,598,1.28,8.1,1,3.4,7,2.04,103,FALSE
2015ARI,2015,ARI,NL,162,79,83,0.488,50,4.44,154,680,132,490,1312,0.264,0.324,0.414,0.738,1153,97,4.05,660,1.329,8.9,1.1,3.1,7.5,2.43,102,FALSE
2011CHW,2011,CHW,AL,162,79,83,0.488,34,4.04,154,625,81,475,989,0.252,0.319,0.388,0.706,1126,89,4.1,665,1.303,9,0.9,2.7,7.5,2.78,106,FALSE
2011CLE,2011,CLE,AL,162,80,82,0.494,37,4.35,154,671,89,494,1269,0.25,0.317,0.396,0.714,1075,100,4.24,685,1.338,9.2,0.9,2.9,6.3,2.21,93,FALSE
2011WSN,2011,WSN,NL,161,80,81,0.497,44,3.88,154,594,106,470,1323,0.242,0.309,0.383,0.691,1114,89,3.58,577,1.297,8.7,0.8,3,6.5,2.2,107,FALSE
2008SDP,2008,SDP,NL,162,63,99,0.389,59,3.93,154,615,36,518,1259,0.25,0.317,0.39,0.707,1181,96,4.41,714,1.39,9,1,3.5,6.8,1.96,87,FALSE
2016PIT,2016,PIT,NL,162,78,83,0.484,55,4.5,153,696,110,561,1334,0.257,0.332,0.402,0.734,1173,96,4.22,681,1.395,9.2,1.1,3.3,7.6,2.31,99,FALSE
2011PHI,2011,PHI,NL,162,102,60,0.63,42,4.4,153,693,96,539,1024,0.253,0.323,0.395,0.717,1197,96,3.02,496,1.167,8,0.7,2.5,7.9,3.22,127,FALSE
2008PIT,2008,PIT,NL,162,67,95,0.414,47,4.54,153,705,57,474,1039,0.258,0.32,0.403,0.723,1135,92,5.1,824,1.573,10.1,1.1,4.1,6,1.47,82,FALSE
2007SEA,2007,SEA,AL,162,88,74,0.543,35,4.9,153,754,81,389,861,0.287,0.337,0.425,0.762,1128,103,4.77,760,1.481,9.9,0.9,3.4,6.4,1.87,92,FALSE
2006LAD,2006,LAD,NL,162,88,74,0.543,50,5.06,153,787,128,601,959,0.276,0.348,0.432,0.781,1223,99,4.23,686,1.381,9.4,0.9,3,6.6,2.17,107,FALSE
2003DET,2003,DET,AL,162,43,119,0.265,35,3.65,153,553,98,443,1099,0.24,0.3,0.375,0.675,1047,83,5.32,850,1.51,10.1,1.2,3.5,4.8,1.37,81,FALSE
2014WSN,2014,WSN,NL,162,96,66,0.593,40,4.23,152,635,101,517,1304,0.253,0.321,0.393,0.714,1160,96,3.03,495,1.158,8.3,0.7,2.2,7.9,3.66,124,FALSE
2010DET,2010,DET,AL,162,81,81,0.5,37,4.64,152,717,69,546,1147,0.268,0.335,0.415,0.75,1229,102,4.3,690,1.372,9,0.9,3.3,6.6,1.97,98,FALSE
2010FLA,2010,FLA,NL,162,80,82,0.494,56,4.44,152,686,92,514,1375,0.254,0.321,0.403,0.724,1154,92,4.09,654,1.378,9,0.8,3.4,7.3,2.13,102,FALSE
2003ARI,2003,ARI,NL,162,84,78,0.519,43,4.43,152,696,76,531,1006,0.263,0.33,0.417,0.746,1185,87,3.84,621,1.309,8.5,0.9,3.3,8,2.45,122,FALSE
2003BAL,2003,BAL,AL,163,71,91,0.438,35,4.56,152,695,89,431,902,0.268,0.323,0.405,0.729,1121,92,4.76,767,1.452,9.8,1.2,3.3,6.1,1.87,95,FALSE
2002ANA,2002,ANA,AL,162,99,63,0.611,34,5.25,152,811,117,462,805,0.282,0.341,0.433,0.773,1165,105,3.69,595,1.277,8.3,1,3.2,6.2,1.96,120,TRUE
2002COL,2002,COL,NL,162,73,89,0.451,43,4.8,152,726,103,497,1043,0.274,0.337,0.423,0.76,1094,88,5.21,826,1.498,9.8,1.4,3.7,5.8,1.58,92,FALSE
2002SEA,2002,SEA,AL,162,93,69,0.574,32,5.02,152,771,137,629,1003,0.275,0.35,0.419,0.769,1239,107,4.07,654,1.289,8.9,1.1,2.7,6.6,2.41,105,FALSE
2001KCR,2001,KCR,AL,162,65,97,0.401,38,4.5,152,691,100,406,898,0.266,0.318,0.409,0.727,1086,86,4.87,779,1.468,9.6,1.3,3.6,5.7,1.58,99,FALSE
2017PIT,2017,PIT,NL,162,75,87,0.463,47,4.12,151,635,67,519,1213,0.244,0.318,0.386,0.704,1129,86,4.23,677,1.371,9.1,1.1,3.2,7.9,2.47,101,FALSE
2015DET,2015,DET,AL,161,74,87,0.46,40,4.28,151,660,83,455,1259,0.27,0.328,0.42,0.748,1111,105,4.64,746,1.368,9.3,1.2,3,6.8,2.25,86,FALSE
2013MIN,2013,MIN,AL,162,66,96,0.407,35,3.79,151,590,52,533,1430,0.242,0.312,0.38,0.692,1206,90,4.55,734,1.413,9.9,1,2.8,6.1,2.15,90,FALSE
2007CHC,2007,CHC,NL,162,85,77,0.525,47,4.64,151,711,86,500,1054,0.271,0.333,0.422,0.754,1190,90,4.04,650,1.322,8.3,1,3.6,7.5,2.11,115,FALSE
2004MON,2004,MON,NL,162,67,95,0.414,46,3.92,151,605,109,496,925,0.249,0.313,0.392,0.705,1123,79,4.33,696,1.423,9.2,1.2,3.6,6.4,1.77,105,FALSE
2018TBR,2018,TBR,AL,162,90,72,0.556,46,4.42,150,664,128,540,1388,0.258,0.333,0.406,0.74,1156,105,3.75,603,1.199,7.7,1,3.1,8.8,2.84,110,FALSE
2014MIL,2014,MIL,NL,162,82,80,0.506,40,4.01,150,617,102,423,1197,0.25,0.311,0.397,0.708,1049,95,3.67,594,1.247,8.6,1,2.7,7.7,2.89,103,FALSE
2010STL,2010,STL,NL,162,86,76,0.531,42,4.54,150,689,79,541,1027,0.263,0.332,0.402,0.733,1164,100,3.57,577,1.299,8.7,0.8,3,6.8,2.29,109,FALSE
2005COL,2005,COL,NL,162,67,95,0.414,54,4.57,150,704,65,509,1103,0.267,0.333,0.411,0.744,1197,85,5.14,810,1.554,10.2,1.1,3.8,6.2,1.62,94,FALSE
2004KCR,2004,KCR,AL,162,58,104,0.358,48,4.44,150,675,67,461,1057,0.259,0.322,0.397,0.72,1099,86,5.16,815,1.518,10.4,1.3,3.3,5.6,1.71,93,FALSE
2003ANA,2003,ANA,AL,162,77,85,0.475,36,4.54,150,687,129,476,838,0.268,0.33,0.413,0.743,1086,97,4.28,681,1.348,9.1,1.2,3.1,6.2,2.02,103,FALSE
2000KCR,2000,KCR,AL,162,77,85,0.475,33,5.43,150,831,121,511,840,0.288,0.348,0.425,0.773,1184,93,5.48,877,1.583,9.9,1.5,4.3,5.8,1.34,93,FALSE
2019DET,2019,DET,AL,161,47,114,0.292,38,3.61,149,556,57,391,1595,0.24,0.294,0.388,0.682,1069,79,5.26,837,1.459,9.8,1.6,3.4,8.6,2.55,90,FALSE
2012ATL,2012,ATL,NL,162,94,68,0.58,41,4.32,149,660,101,567,1289,0.247,0.32,0.389,0.709,1127,90,3.42,549,1.227,8.2,0.9,2.9,7.7,2.66,117,FALSE
2012SEA,2012,SEA,AL,162,75,87,0.463,34,3.82,149,584,104,466,1259,0.234,0.296,0.369,0.665,1052,88,3.76,609,1.241,8.4,1,2.8,7.2,2.6,102,FALSE
2011FLA,2011,FLA,NL,162,72,90,0.444,44,3.86,149,596,95,542,1244,0.247,0.318,0.388,0.706,1198,93,3.95,641,1.304,8.7,0.9,3.1,7.5,2.44,99,FALSE
2010CHC,2010,CHC,NL,162,75,87,0.463,44,4.23,149,658,55,479,1236,0.257,0.32,0.401,0.721,1129,90,4.24,677,1.402,8.8,1,3.8,7.9,2.1,100,FALSE
2010WSN,2010,WSN,NL,162,69,93,0.426,46,4.04,149,634,110,503,1220,0.25,0.318,0.39,0.708,1113,91,4.13,659,1.38,9.2,0.9,3.2,6.7,2.09,98,FALSE
2009ATL,2009,ATL,NL,162,86,76,0.531,45,4.54,149,700,58,602,1064,0.263,0.339,0.405,0.744,1223,97,3.57,581,1.319,8.6,0.7,3.3,7.6,2.32,116,FALSE
2005LAD,2005,LAD,NL,162,71,91,0.438,44,4.23,149,653,58,541,1094,0.253,0.326,0.395,0.721,1135,90,4.38,695,1.334,9,1.1,3,6.3,2.13,94,FALSE
2015SDP,2015,SDP,NL,162,74,88,0.457,46,4.01,148,623,82,426,1327,0.243,0.3,0.385,0.685,1028,91,4.09,655,1.31,8.6,1.1,3.2,8.7,2.7,91,FALSE
2013CHW,2013,CHW,AL,162,63,99,0.389,40,3.69,148,574,105,411,1207,0.249,0.302,0.378,0.68,1068,84,4,646,1.329,8.8,1.1,3.1,7.7,2.45,106,FALSE
2013HOU,2013,HOU,AL,162,51,111,0.315,41,3.77,148,566,110,426,1535,0.24,0.299,0.375,0.674,1007,86,4.79,767,1.49,9.6,1.2,3.9,6.8,1.76,85,FALSE
2011CHC,2011,CHC,NL,162,71,91,0.438,42,4.04,148,610,69,425,1202,0.256,0.314,0.401,0.715,1141,95,4.34,692,1.408,9,1,3.6,7.7,2.11,90,FALSE
2007PIT,2007,PIT,NL,162,68,94,0.42,46,4.47,148,694,68,463,1135,0.263,0.325,0.411,0.736,1119,92,4.94,795,1.482,10.1,1.1,3.2,6.2,1.92,89,FALSE
2004FLA,2004,FLA,NL,162,83,79,0.512,44,4.43,148,677,96,499,968,0.264,0.329,0.406,0.736,1127,94,4.1,655,1.326,8.7,1,3.2,7,2.18,101,FALSE
2016KCR,2016,KCR,AL,162,81,81,0.5,36,4.17,147,640,121,382,1224,0.261,0.312,0.4,0.712,1049,90,4.21,674,1.354,9,1.3,3.2,8,2.49,102,FALSE
2014NYY,2014,NYY,AL,162,84,78,0.519,41,3.91,147,591,112,452,1133,0.245,0.307,0.38,0.687,1098,94,3.75,605,1.232,8.6,1,2.5,8.5,3.44,103,FALSE
2005LAA,2005,LAA,AL,162,95,67,0.586,35,4.7,147,726,161,447,848,0.27,0.325,0.409,0.734,1086,96,3.68,598,1.272,8.7,1,2.7,6.9,2.54,116,FALSE
2001NYM,2001,NYM,NL,162,82,80,0.506,44,3.96,147,608,66,545,1062,0.249,0.323,0.387,0.71,1181,87,4.08,655,1.284,8.8,1.2,2.7,7.4,2.72,102,FALSE
2019MIA,2019,MIA,NL,162,57,105,0.352,50,3.8,146,593,55,395,1469,0.241,0.298,0.375,0.673,1034,78,4.74,760,1.354,8.3,1.5,3.8,8.6,2.24,91,FALSE
2015OAK,2015,OAK,AL,162,68,94,0.42,41,4.28,146,661,78,475,1119,0.251,0.312,0.395,0.707,1102,96,4.16,668,1.298,8.7,1.1,3,7.3,2.49,94,FALSE
2014OAK,2014,OAK,AL,162,88,74,0.543,39,4.5,146,686,83,586,1104,0.244,0.32,0.381,0.7,1147,100,3.22,524,1.145,7.8,0.9,2.5,7.7,3.06,116,FALSE
2013SDP,2013,SDP,NL,162,76,86,0.469,47,3.81,146,578,118,467,1309,0.245,0.308,0.378,0.686,1126,97,3.98,643,1.328,8.7,1,3.2,7.2,2.23,86,FALSE
2012HOU,2012,HOU,NL,162,55,107,0.34,50,3.6,146,545,105,463,1365,0.236,0.302,0.371,0.673,1090,82,4.57,722,1.428,9.4,1.1,3.4,7.4,2.17,89,FALSE
2002FLA,2002,FLA,NL,162,79,83,0.488,41,4.31,146,653,177,595,1130,0.261,0.337,0.403,0.74,1190,97,4.36,706,1.428,9,0.9,3.9,6.8,1.75,92,FALSE
2015MIL,2015,MIL,NL,162,68,94,0.42,49,4.04,145,624,84,412,1299,0.251,0.307,0.393,0.7,1026,91,4.28,682,1.358,9,1.1,3.2,7.9,2.44,93,FALSE
2009LAD,2009,LAD,NL,162,95,67,0.586,47,4.81,145,739,116,607,1068,0.27,0.346,0.412,0.758,1224,104,3.41,559,1.255,7.7,0.8,3.6,7.8,2.18,118,FALSE
2004TBD,2004,TBD,AL,161,70,91,0.435,37,4.43,145,685,132,469,944,0.258,0.32,0.405,0.725,1096,91,4.82,759,1.439,9.3,1.2,3.7,5.9,1.59,94,FALSE
2004TOR,2004,TOR,AL,161,67,94,0.416,36,4.47,145,680,58,513,1083,0.26,0.328,0.403,0.732,1164,87,4.93,778,1.487,9.5,1.1,3.9,6.1,1.57,98,FALSE
2013NYY,2013,NYY,AL,162,85,77,0.525,46,4.01,144,614,115,466,1214,0.242,0.307,0.376,0.683,1064,88,3.94,634,1.305,9,1.1,2.7,7.7,2.82,102,FALSE
2009KCR,2009,KCR,AL,162,65,97,0.401,34,4.23,144,657,88,457,1091,0.259,0.318,0.405,0.724,1090,92,4.83,765,1.463,9.4,1,3.8,7.3,1.92,92,FALSE
2003MON,2003,MON,NL,162,83,79,0.512,43,4.39,144,682,100,522,990,0.258,0.326,0.401,0.727,1102,85,4.01,641,1.342,9.2,1.1,2.9,6.4,2.22,113,FALSE
2000PHI,2000,PHI,NL,162,65,97,0.401,51,4.37,144,668,102,611,1117,0.251,0.329,0.4,0.729,1209,83,4.79,766,1.459,9.1,1.3,4,7,1.75,98,FALSE
2006MIN,2006,MIN,AL,162,96,66,0.593,35,4.94,143,754,101,490,872,0.287,0.347,0.425,0.771,1143,101,3.95,632,1.283,9.3,1.1,2.2,7.3,3.27,114,FALSE
2014CLE,2014,CLE,AL,162,85,77,0.525,43,4.13,142,644,104,504,1189,0.253,0.317,0.389,0.706,1154,97,3.57,583,1.268,8.6,0.8,2.8,8.9,3.13,110,FALSE
2010MIN,2010,MIN,AL,162,94,68,0.58,36,4.82,142,749,68,559,967,0.273,0.341,0.422,0.762,1156,109,3.95,638,1.291,9.2,1,2.4,6.5,2.74,103,FALSE
2009HOU,2009,HOU,NL,162,74,88,0.457,42,3.97,142,616,113,448,990,0.26,0.319,0.4,0.719,1080,91,4.54,722,1.445,9.6,1.1,3.4,7.2,2.1,91,FALSE
2007BAL,2007,BAL,AL,162,69,93,0.426,35,4.67,142,718,144,500,939,0.272,0.333,0.412,0.746,1152,95,5.19,829,1.52,9.3,1,4.4,6.8,1.56,89,FALSE
2004PIT,2004,PIT,NL,161,72,89,0.447,43,4.22,142,648,63,415,1066,0.26,0.321,0.401,0.722,1123,87,4.31,684,1.419,9.1,0.9,3.6,6.8,1.87,100,FALSE
2002PIT,2002,PIT,NL,161,72,89,0.447,38,3.98,142,610,86,537,1109,0.244,0.319,0.381,0.7,1149,82,4.24,665,1.429,9.2,1,3.6,5.9,1.61,101,FALSE
2015CLE,2015,CLE,AL,161,81,80,0.503,38,4.16,141,640,86,533,1157,0.256,0.325,0.401,0.725,1147,93,3.68,586,1.186,8,1,2.7,8.8,3.31,117,FALSE
2009SDP,2009,SDP,NL,162,75,87,0.463,56,3.94,141,605,82,586,1182,0.242,0.321,0.381,0.701,1168,93,4.37,705,1.396,8.8,1,3.7,7.4,1.97,87,FALSE
2007STL,2007,STL,NL,162,78,84,0.481,45,4.48,141,690,56,506,909,0.274,0.337,0.405,0.743,1167,92,4.67,745,1.409,9.5,1.1,3.2,5.9,1.86,95,FALSE
2006PIT,2006,PIT,NL,162,67,95,0.414,42,4.27,141,656,68,459,1200,0.263,0.327,0.397,0.723,1175,86,4.55,725,1.509,9.7,1,3.9,6.6,1.71,98,FALSE
2015PIT,2015,PIT,NL,162,98,64,0.605,46,4.3,140,661,98,461,1322,0.26,0.323,0.396,0.719,1166,97,3.23,534,1.239,8.4,0.7,2.7,8.1,2.95,121,FALSE
2013PHI,2013,PHI,NL,162,73,89,0.451,51,3.77,140,578,73,417,1205,0.248,0.306,0.384,0.69,1061,91,4.34,692,1.372,9.2,1,3.2,7.5,2.37,87,FALSE
2002KCR,2002,KCR,AL,162,62,100,0.383,41,4.55,140,695,140,524,921,0.256,0.323,0.398,0.721,1092,84,5.22,835,1.498,9.9,1.3,3.6,5.7,1.59,96,FALSE
2015KCR,2015,KCR,AL,162,95,67,0.586,35,4.47,139,689,104,383,973,0.269,0.322,0.412,0.734,1079,98,3.74,603,1.282,8.5,1,3,7.2,2.37,112,TRUE
2012NYM,2012,NYM,NL,162,74,88,0.457,49,4.01,139,625,79,503,1250,0.249,0.316,0.386,0.701,1118,94,4.09,652,1.294,8.6,1,3.1,7.8,2.54,93,FALSE
2010ATL,2010,ATL,NL,162,91,71,0.562,43,4.56,139,699,63,634,1140,0.258,0.339,0.401,0.74,1222,101,3.57,571,1.272,8.3,0.8,3.2,7.8,2.46,110,FALSE
2005PIT,2005,PIT,NL,162,67,95,0.414,44,4.2,139,656,73,471,1092,0.259,0.322,0.4,0.723,1193,90,4.44,708,1.44,9.1,1,3.8,6,1.57,95,FALSE
2004SDP,2004,SDP,NL,162,87,75,0.537,47,4.74,139,722,52,566,910,0.273,0.342,0.414,0.756,1235,104,4.03,645,1.306,9.1,1.1,2.6,6.7,2.56,97,FALSE
2003SEA,2003,SEA,AL,162,93,69,0.574,32,4.91,139,759,108,586,989,0.271,0.344,0.41,0.754,1202,103,3.76,602,1.253,8.4,1.1,2.9,6.3,2.15,115,FALSE
2002MIL,2002,MIL,NL,162,56,106,0.346,49,3.87,139,597,94,500,1125,0.253,0.32,0.39,0.711,1086,88,4.76,757,1.49,9.2,1.3,4.2,6.4,1.54,86,FALSE
2001DET,2001,DET,AL,162,66,96,0.407,36,4.47,139,691,133,466,972,0.26,0.32,0.409,0.73,1093,97,5.01,795,1.523,10.2,1.1,3.5,5.4,1.55,86,FALSE
2013LAD,2013,LAD,NL,162,92,70,0.568,49,4.01,138,618,78,476,1146,0.264,0.326,0.396,0.722,1175,103,3.25,524,1.228,8.2,0.8,2.9,8,2.81,110,FALSE
2015STL,2015,STL,NL,162,100,62,0.617,46,3.99,137,619,69,506,1267,0.253,0.321,0.394,0.716,1152,95,2.94,478,1.254,8.4,0.8,2.9,8.2,2.79,134,FALSE
2012CHC,2012,CHC,NL,162,61,101,0.377,53,3.78,137,570,94,447,1235,0.24,0.302,0.378,0.68,1044,83,4.51,708,1.395,8.9,1.1,3.6,7.2,1.97,91,FALSE
2012MIA,2012,MIA,NL,162,69,93,0.426,45,3.76,137,576,149,484,1228,0.244,0.308,0.382,0.69,1092,85,4.1,657,1.349,9,0.8,3.1,7,2.25,100,FALSE
2008LAD,2008,LAD,NL,162,84,78,0.519,46,4.32,137,659,126,543,1032,0.264,0.333,0.399,0.732,1161,93,3.68,592,1.286,8.6,0.8,3,7.5,2.51,114,FALSE
2003TBD,2003,TBD,AL,162,63,99,0.389,41,4.41,137,678,142,420,1030,0.265,0.32,0.404,0.724,1129,94,4.93,787,1.457,9.1,1.2,4,5.5,1.37,90,FALSE
2015CHW,2015,CHW,AL,162,76,86,0.469,31,3.84,136,595,68,404,1231,0.25,0.306,0.38,0.686,1065,92,3.98,643,1.32,8.9,1,2.9,8.4,2.87,98,FALSE
2015SFG,2015,SFG,NL,162,84,78,0.519,48,4.3,136,663,93,457,1159,0.267,0.326,0.406,0.732,1130,101,3.73,599,1.229,8.4,1,2.7,7.3,2.7,103,FALSE
2014SEA,2014,SEA,AL,162,87,75,0.537,38,3.91,136,600,96,396,1232,0.244,0.3,0.376,0.676,1008,95,3.17,512,1.173,7.7,0.8,2.9,8.2,2.84,115,FALSE
2012CLE,2012,CLE,AL,162,68,94,0.42,38,4.12,136,635,110,555,1087,0.251,0.324,0.381,0.705,1162,99,4.79,767,1.419,9.4,1.1,3.4,6.8,2,82,FALSE
2005TOR,2005,TOR,AL,162,80,82,0.494,30,4.78,136,735,72,486,955,0.265,0.331,0.407,0.738,1118,94,4.06,653,1.326,9.2,1.2,2.8,6,2.16,110,FALSE
2004SEA,2004,SEA,AL,162,63,99,0.389,38,4.31,136,658,110,492,1058,0.27,0.331,0.396,0.727,1241,91,4.76,772,1.42,9.2,1.3,3.5,6.4,1.8,95,FALSE
2002SDP,2002,SDP,NL,162,66,96,0.407,59,4.09,136,627,71,547,1062,0.253,0.321,0.381,0.702,1158,93,4.65,742,1.465,9.5,1.1,3.6,6.9,1.9,81,FALSE
2001BAL,2001,BAL,AL,162,63,98,0.391,40,4.24,136,663,133,514,989,0.248,0.319,0.38,0.699,1106,88,4.7,748,1.419,9.5,1.2,3.3,5.9,1.78,92,FALSE
2018DET,2018,DET,AL,162,64,98,0.395,43,3.89,135,597,70,428,1341,0.241,0.3,0.38,0.68,1071,83,4.6,728,1.343,9,1.4,3.1,7.7,2.47,98,FALSE
2009OAK,2009,OAK,AL,162,75,87,0.463,37,4.69,135,723,133,527,1046,0.262,0.328,0.397,0.726,1130,92,4.29,690,1.388,9.2,1,3.3,7,2.15,103,FALSE
2004ARI,2004,ARI,NL,162,51,111,0.315,52,3.8,135,582,53,441,1022,0.253,0.31,0.393,0.703,1108,77,4.98,795,1.496,9.3,1.2,4.2,7.2,1.73,92,FALSE
2004MIL,2004,MIL,NL,161,67,94,0.416,41,3.94,135,601,138,540,1312,0.248,0.321,0.387,0.708,1199,83,4.26,683,1.329,9,1,3,6.9,2.31,103,FALSE
2014LAD,2014,LAD,NL,162,94,68,0.58,48,4.43,134,686,138,519,1246,0.265,0.333,0.406,0.738,1159,110,3.4,554,1.206,8.2,0.9,2.6,8.4,3.2,103,FALSE
2005MIN,2005,MIN,AL,162,83,79,0.512,33,4.25,134,644,102,485,978,0.259,0.323,0.391,0.714,1109,88,3.72,606,1.233,9,1,2.1,5.9,2.77,120,FALSE
2018SFG,2018,SFG,NL,162,73,89,0.451,48,3.72,133,573,77,448,1467,0.239,0.3,0.368,0.667,1101,85,3.95,642,1.308,8.5,1,3.2,7.8,2.42,97,FALSE
2010BAL,2010,BAL,AL,162,66,96,0.407,36,3.78,133,577,76,424,1056,0.259,0.316,0.386,0.702,1139,92,4.59,733,1.412,9.4,1.2,3.3,6.3,1.94,91,FALSE
2002TBD,2002,TBD,AL,161,55,106,0.342,32,4.18,133,640,102,456,1115,0.253,0.314,0.39,0.704,1132,89,5.29,847,1.518,9.8,1.3,3.9,5.8,1.49,84,FALSE
2014SFG,2014,SFG,NL,162,88,74,0.543,46,4.1,132,636,56,427,1245,0.255,0.311,0.388,0.699,1095,100,3.5,564,1.169,8.1,0.8,2.4,7.5,3.11,99,TRUE
2010SDP,2010,SDP,NL,162,90,72,0.556,40,4.1,132,630,124,538,1183,0.246,0.317,0.371,0.689,1125,93,3.4,551,1.251,8.1,0.9,3.2,8,2.5,108,FALSE
2014CIN,2014,CIN,NL,162,76,86,0.469,45,3.67,131,562,122,415,1252,0.238,0.296,0.365,0.661,1037,85,3.59,576,1.237,8,1,3.2,8,2.54,103,FALSE
2012KCR,2012,KCR,AL,162,72,90,0.444,36,4.17,131,643,132,404,1032,0.265,0.317,0.4,0.716,1087,94,4.3,693,1.41,9.3,1,3.4,7.3,2.17,98,FALSE
2012MIN,2012,MIN,AL,162,66,96,0.407,37,4.33,131,666,135,505,1069,0.26,0.325,0.39,0.715,1144,98,4.77,762,1.391,9.6,1.2,2.9,5.9,2.03,86,FALSE
2007SFG,2007,SFG,NL,162,71,91,0.438,44,4.22,131,641,119,532,907,0.254,0.322,0.387,0.708,1141,82,4.2,678,1.4,8.9,0.8,3.7,6.5,1.78,107,FALSE
2001MON,2001,MON,NL,162,68,94,0.42,47,4.14,131,622,101,478,1071,0.253,0.319,0.396,0.715,1024,83,4.69,746,1.421,9.5,1.2,3.3,6.9,2.1,95,FALSE
2016SFG,2016,SFG,NL,162,87,75,0.537,45,4.41,130,675,79,572,1107,0.258,0.329,0.398,0.728,1188,97,3.69,599,1.214,8.2,1,2.7,8.1,2.98,109,FALSE
2015PHI,2015,PHI,NL,162,63,99,0.389,50,3.86,130,586,88,387,1274,0.249,0.303,0.382,0.684,1066,89,4.69,749,1.448,10,1.2,3.1,7.2,2.36,82,FALSE
2013ARI,2013,ARI,NL,162,81,81,0.5,44,4.23,130,647,62,519,1142,0.259,0.323,0.391,0.715,1160,96,3.92,651,1.301,8.8,1.1,2.9,7.3,2.51,99,FALSE
2013NYM,2013,NYM,NL,162,74,88,0.457,53,3.82,130,593,114,512,1384,0.237,0.306,0.366,0.672,1137,91,3.78,621,1.287,8.8,0.9,2.8,7.4,2.64,95,FALSE
2008ATL,2008,ATL,NL,162,72,90,0.444,49,4.65,130,721,58,618,1023,0.27,0.345,0.408,0.753,1274,99,4.47,715,1.406,9,1,3.7,6.7,1.84,94,FALSE
2005SDP,2005,SDP,NL,162,82,80,0.506,46,4.22,130,655,99,600,977,0.257,0.333,0.391,0.724,1220,97,4.13,668,1.343,9,0.9,3.1,7,2.25,94,FALSE
2005SEA,2005,SEA,AL,162,69,93,0.426,39,4.31,130,657,102,466,986,0.256,0.317,0.391,0.709,1076,92,4.49,712,1.386,9.3,1.1,3.1,5.6,1.8,94,FALSE
2011KCR,2011,KCR,AL,162,71,91,0.438,34,4.51,129,705,153,442,1006,0.275,0.329,0.415,0.744,1156,104,4.45,717,1.408,9.2,1,3.5,6.7,1.94,92,FALSE
2007LAD,2007,LAD,NL,162,82,80,0.506,45,4.54,129,706,137,511,864,0.275,0.337,0.406,0.743,1200,91,4.2,677,1.352,9,0.9,3.2,7.3,2.29,106,FALSE
2018MIA,2018,MIA,NL,161,63,98,0.391,51,3.66,128,554,45,455,1384,0.237,0.303,0.357,0.659,1123,83,4.76,763,1.382,8.7,1.2,3.8,7.8,2.06,81,FALSE
2017SFG,2017,SFG,NL,162,64,98,0.395,49,3.94,128,612,76,467,1204,0.249,0.309,0.38,0.689,1093,81,4.5,726,1.385,9.4,1.1,3.1,7.6,2.49,95,FALSE
2016MIA,2016,MIA,NL,161,79,82,0.491,52,4.07,128,626,71,447,1213,0.263,0.322,0.394,0.716,1171,96,4.05,646,1.361,8.5,1,3.7,8.6,2.32,98,FALSE
2014MIN,2014,MIN,AL,162,70,92,0.432,38,4.41,128,675,99,544,1329,0.254,0.324,0.389,0.713,1176,100,4.58,730,1.391,10,0.9,2.6,6.5,2.53,86,FALSE
2010CLE,2010,CLE,AL,162,69,93,0.426,38,3.99,128,601,91,545,1184,0.248,0.322,0.378,0.7,1186,96,4.3,684,1.43,9.3,0.9,3.6,6.1,1.69,92,FALSE
2010NYM,2010,NYM,NL,162,79,83,0.488,47,4.05,128,625,130,502,1095,0.249,0.314,0.383,0.697,1124,90,3.73,602,1.365,8.9,0.8,3.4,6.9,2.03,105,FALSE
2005FLA,2005,FLA,NL,162,83,79,0.512,47,4.43,128,678,96,512,918,0.272,0.339,0.409,0.748,1181,101,4.19,671,1.402,9.1,0.7,3.5,7,2,96,FALSE
2005SFG,2005,SFG,NL,162,75,87,0.463,49,4.01,128,617,71,431,901,0.261,0.319,0.396,0.714,1093,86,4.35,698,1.418,9.1,0.9,3.7,6.1,1.64,99,FALSE
2003SDP,2003,SDP,NL,162,64,98,0.395,51,4.19,128,641,76,565,1073,0.261,0.333,0.388,0.721,1219,96,4.87,775,1.445,9.2,1.3,3.8,6.9,1.79,82,FALSE
2010PIT,2010,PIT,NL,162,57,105,0.352,52,3.62,126,570,87,463,1207,0.242,0.304,0.373,0.678,1078,84,5,785,1.491,10,1.1,3.4,6.5,1.91,81,FALSE
2008TOR,2008,TOR,AL,162,86,76,0.531,38,4.41,126,681,80,521,938,0.264,0.331,0.399,0.731,1155,96,3.49,561,1.242,8.3,0.8,2.9,7.4,2.54,122,FALSE
2005KCR,2005,KCR,AL,162,56,106,0.346,39,4.33,126,653,53,424,1008,0.263,0.32,0.396,0.716,1062,91,5.56,873,1.57,10.4,1.1,3.7,5.9,1.59,80,FALSE
2014NYM,2014,NYM,NL,162,79,83,0.488,45,3.88,125,602,101,516,1264,0.239,0.308,0.364,0.673,1123,93,3.49,568,1.284,8.4,0.9,3.1,8,2.56,99,FALSE
2014PHI,2014,PHI,NL,162,73,89,0.451,49,3.82,125,584,109,443,1306,0.242,0.302,0.363,0.665,1147,85,3.81,621,1.306,8.6,0.8,3.2,7.7,2.41,99,FALSE
2013STL,2013,STL,NL,162,97,65,0.599,44,4.83,125,745,45,481,1110,0.269,0.332,0.401,0.733,1087,102,3.43,556,1.245,8.4,0.7,2.8,7.7,2.78,110,FALSE
2009PIT,2009,PIT,NL,161,62,99,0.385,49,3.95,125,612,90,499,1142,0.252,0.318,0.387,0.705,1124,87,4.59,724,1.448,9.5,1,3.6,5.8,1.63,91,FALSE
2008OAK,2008,OAK,AL,161,75,86,0.466,40,4.01,125,610,88,574,1226,0.242,0.318,0.369,0.686,1166,87,4.01,640,1.352,8.6,0.8,3.6,6.7,1.84,103,FALSE
2008SEA,2008,SEA,AL,162,61,101,0.377,36,4.14,124,631,90,417,890,0.265,0.318,0.389,0.707,1151,90,4.73,754,1.512,9.7,1,3.9,6.4,1.62,90,FALSE
2006KCR,2006,KCR,AL,162,62,100,0.383,38,4.67,124,718,65,474,1040,0.271,0.332,0.411,0.743,1144,91,5.67,899,1.602,10.4,1.3,4,5.7,1.42,83,FALSE
2003LAD,2003,LAD,NL,162,85,77,0.525,44,3.54,124,544,80,407,985,0.243,0.303,0.368,0.671,1108,79,3.16,511,1.221,7.7,0.8,3.2,8,2.45,128,FALSE
2003NYM,2003,NYM,NL,161,66,95,0.41,50,3.99,124,607,70,489,1035,0.247,0.314,0.374,0.688,1086,81,4.5,706,1.467,9.5,1.1,3.7,5.8,1.57,94,FALSE
2002DET,2002,DET,AL,161,55,106,0.342,37,3.57,124,546,65,363,1035,0.248,0.3,0.379,0.679,1029,86,4.94,776,1.454,10.1,1,2.9,5.1,1.71,87,FALSE
2014ATL,2014,ATL,NL,162,79,83,0.488,39,3.54,123,545,95,472,1369,0.241,0.305,0.36,0.665,1128,88,3.38,547,1.265,8.5,0.7,2.9,8,2.76,106,FALSE
2014BOS,2014,BOS,AL,162,71,91,0.438,50,3.91,123,601,63,535,1337,0.244,0.316,0.369,0.684,1168,91,4.01,653,1.324,9,0.9,3,7.4,2.52,100,FALSE
2007LAA,2007,LAA,AL,162,94,68,0.58,35,5.07,123,776,139,507,883,0.284,0.345,0.417,0.762,1100,99,4.23,674,1.364,9.3,0.9,3,7.3,2.42,107,FALSE
2007WSN,2007,WSN,NL,162,73,89,0.451,47,4.15,123,646,69,524,1128,0.256,0.325,0.39,0.715,1163,89,4.58,736,1.439,9.3,1.2,3.6,5.8,1.61,93,FALSE
2016ATL,2016,ATL,NL,161,68,93,0.422,60,4.03,122,615,75,502,1240,0.255,0.321,0.384,0.705,1160,89,4.51,725,1.355,8.8,1.1,3.4,7.6,2.24,92,FALSE
2014MIA,2014,MIA,NL,162,77,85,0.475,45,3.98,122,614,58,501,1419,0.253,0.317,0.378,0.694,1145,94,3.79,614,1.33,9.1,0.7,2.8,7.3,2.6,98,FALSE
2009SFG,2009,SFG,NL,162,88,74,0.543,44,4.06,122,612,78,392,1158,0.257,0.309,0.389,0.699,1080,82,3.55,571,1.281,7.9,0.9,3.6,8.1,2.23,120,FALSE
2012SDP,2012,SDP,NL,162,76,86,0.469,53,4.02,121,610,155,539,1238,0.247,0.319,0.38,0.699,1146,97,4.01,640,1.321,8.5,1,3.4,7.6,2.24,90,FALSE
2011SFG,2011,SFG,NL,162,86,76,0.531,44,3.52,121,534,85,448,1122,0.242,0.303,0.368,0.671,1127,91,3.21,523,1.239,7.7,0.6,3.4,8.1,2.35,109,FALSE
2010KCR,2010,KCR,AL,162,67,95,0.414,34,4.17,121,640,115,471,905,0.274,0.331,0.399,0.73,1173,100,4.97,794,1.464,9.7,1.1,3.5,6.5,1.88,85,FALSE
2001TBD,2001,TBD,AL,162,62,100,0.383,34,4.15,121,645,115,456,1116,0.258,0.32,0.388,0.707,1104,88,4.96,784,1.462,9.6,1.3,3.6,6.5,1.81,90,FALSE
2015MIA,2015,MIA,NL,162,71,91,0.438,51,3.78,120,575,112,375,1150,0.26,0.31,0.384,0.694,1059,93,4.04,640,1.319,8.7,0.9,3.2,7.3,2.27,95,FALSE
2010LAD,2010,LAD,NL,162,80,82,0.494,49,4.12,120,621,92,533,1184,0.252,0.322,0.379,0.7,1142,92,4.01,643,1.292,8.3,0.8,3.4,8,2.36,97,FALSE
2008KCR,2008,KCR,AL,162,75,87,0.463,33,4.27,120,650,79,392,1005,0.269,0.32,0.397,0.717,1073,91,4.5,723,1.375,9.2,1,3.2,6.8,2.11,96,FALSE
2020LAD,2020,LAD,NL,60,43,17,0.717,19,5.82,118,327,29,228,471,0.256,0.338,0.483,0.821,391,121,3.02,181,1.056,7.1,1.1,2.4,8.6,3.57,143,TRUE
2014ARI,2014,ARI,NL,162,64,98,0.395,52,3.8,118,573,86,398,1165,0.248,0.302,0.376,0.678,1092,88,4.26,683,1.34,9.1,1,2.9,8,2.72,88,FALSE
2007MIN,2007,MIN,AL,162,79,83,0.488,34,4.43,118,671,112,512,839,0.264,0.33,0.391,0.721,1121,94,4.18,667,1.34,9.4,1.2,2.6,6.9,2.6,103,FALSE
2014TBR,2014,TBR,AL,162,77,85,0.475,36,3.78,117,586,63,527,1124,0.247,0.317,0.367,0.684,1193,96,3.56,579,1.212,7.9,0.9,3,8.8,2.98,105,FALSE
2011LAD,2011,LAD,NL,161,82,79,0.509,48,4,117,613,126,498,1087,0.257,0.322,0.375,0.697,1165,95,3.56,567,1.253,8.1,0.8,3.2,7.9,2.5,104,FALSE
2008WSN,2008,WSN,NL,161,59,102,0.366,50,3.98,117,608,81,534,1095,0.251,0.323,0.373,0.696,1178,84,4.66,743,1.453,9.4,1.2,3.7,6.7,1.81,93,FALSE
2005WSN,2005,WSN,NL,162,81,81,0.5,55,3.94,117,615,45,491,1090,0.252,0.322,0.386,0.708,1137,89,3.87,627,1.369,9,0.9,3.3,6.2,1.85,106,FALSE
2012LAD,2012,LAD,NL,162,86,76,0.531,50,3.93,116,607,104,481,1156,0.252,0.317,0.374,0.69,1112,91,3.35,540,1.252,7.9,0.8,3.3,7.9,2.37,114,FALSE
2000MIN,2000,MIN,AL,162,69,93,0.426,35,4.62,116,711,90,556,1021,0.27,0.337,0.407,0.744,1198,85,5.16,821,1.501,10.3,1.3,3.2,6.5,2.02,101,FALSE
2011OAK,2011,OAK,AL,162,74,88,0.457,36,3.98,114,612,117,509,1094,0.244,0.311,0.369,0.68,1106,88,3.71,597,1.312,8.6,0.8,3.2,7.2,2.24,109,FALSE
2013KCR,2013,KCR,AL,162,86,76,0.531,36,4,112,620,153,422,1048,0.26,0.315,0.379,0.694,1110,89,3.45,555,1.267,8.5,1,2.9,7.5,2.58,120,FALSE
2014TEX,2014,TEX,AL,162,67,95,0.414,45,3.93,111,597,105,417,1162,0.256,0.314,0.375,0.689,1066,92,4.49,712,1.413,9.5,1,3.2,7,2.2,89,FALSE
2008MIN,2008,MIN,AL,163,88,75,0.54,35,5.09,111,791,102,529,979,0.279,0.34,0.408,0.748,1140,102,4.18,677,1.353,9.7,1.1,2.5,6.1,2.45,101,FALSE
2014SDP,2014,SDP,NL,162,77,85,0.475,51,3.3,109,500,91,468,1294,0.226,0.292,0.342,0.634,1033,84,3.27,523,1.225,8.1,0.7,2.9,8,2.78,104,FALSE
2011SEA,2011,SEA,AL,162,67,95,0.414,36,3.43,109,534,125,435,1280,0.233,0.292,0.348,0.64,1083,84,3.91,623,1.26,8.6,0.9,2.7,6.8,2.5,97,FALSE
2010OAK,2010,OAK,AL,162,81,81,0.5,38,4.09,109,619,156,527,1061,0.256,0.324,0.378,0.702,1159,92,3.58,570,1.276,8.3,1,3.2,6.7,2.09,115,FALSE
2011NYM,2011,NYM,NL,162,77,85,0.475,46,4.43,108,676,130,571,1085,0.264,0.335,0.391,0.725,1257,103,4.19,674,1.378,9.2,0.9,3.2,7,2.19,88,FALSE
2010HOU,2010,HOU,NL,162,76,86,0.469,47,3.77,108,577,100,415,1025,0.247,0.303,0.362,0.665,1060,81,4.09,654,1.385,9,0.9,3.4,7.6,2.21,97,FALSE
2013SFG,2013,SFG,NL,162,76,86,0.469,44,3.88,107,596,67,469,1078,0.26,0.32,0.381,0.702,1187,100,4,643,1.313,8.6,0.9,3.2,7.8,2.41,87,FALSE
2011PIT,2011,PIT,NL,162,72,90,0.444,52,3.77,107,580,108,489,1308,0.244,0.309,0.368,0.676,1079,90,4.05,652,1.413,9.4,0.9,3.3,6.4,1.93,92,FALSE
2014STL,2014,STL,NL,162,90,72,0.556,46,3.82,105,585,57,471,1133,0.253,0.32,0.369,0.689,1145,93,3.5,564,1.236,8.2,0.8,2.9,7.6,2.6,104,FALSE
2020ATL,2020,ATL,NL,60,35,25,0.583,21,5.8,103,338,23,239,573,0.268,0.349,0.483,0.832,437,114,4.46,260,1.362,8.5,1.2,3.8,8.7,2.3,109,FALSE
2012SFG,2012,SFG,NL,162,94,68,0.58,45,4.43,103,675,118,483,1097,0.269,0.327,0.397,0.724,1171,106,3.68,593,1.275,8.4,0.9,3,7.7,2.53,96,TRUE
2011MIN,2011,MIN,AL,162,63,99,0.389,37,3.82,103,572,92,440,1048,0.247,0.306,0.36,0.666,1080,84,4.6,726,1.438,9.9,1,3,6,1.96,89,FALSE
2007KCR,2007,KCR,AL,162,69,93,0.426,36,4.36,102,660,78,428,1069,0.261,0.322,0.388,0.71,1089,87,4.5,719,1.438,9.7,1.1,3.3,6.2,1.91,102,FALSE
2010SEA,2010,SEA,AL,162,61,101,0.377,40,3.17,101,485,142,459,1184,0.236,0.298,0.339,0.637,1116,79,3.95,631,1.289,8.8,1,2.8,6.1,2.15,100,FALSE
2015ATL,2015,ATL,NL,162,67,95,0.414,60,3.54,100,548,69,471,1107,0.251,0.314,0.359,0.674,1145,87,4.41,699,1.412,9.2,1.1,3.5,7.2,2.09,88,FALSE
2020CHW,2020,CHW,AL,60,35,25,0.583,23,5.1,96,294,20,179,571,0.261,0.326,0.453,0.779,397,112,3.81,223,1.262,7.7,1.2,3.7,8.9,2.41,117,FALSE
2020SDP,2020,SDP,NL,60,37,23,0.617,28,5.42,95,312,55,204,479,0.257,0.333,0.466,0.798,363,121,3.87,224,1.203,7.9,1.2,2.9,9.8,3.32,108,FALSE
2014KCR,2014,KCR,AL,162,89,73,0.549,38,4.02,95,604,153,380,985,0.263,0.314,0.376,0.69,1080,92,3.51,565,1.259,8.6,0.8,2.7,7.2,2.65,113,FALSE
2013MIA,2013,MIA,NL,162,62,100,0.383,53,3.17,95,485,78,432,1232,0.231,0.293,0.335,0.627,1080,73,3.71,602,1.302,8.5,0.7,3.2,7.3,2.24,104,FALSE
2011HOU,2011,HOU,NL,162,56,106,0.346,47,3.8,95,579,118,401,1164,0.258,0.311,0.374,0.684,1154,89,4.51,719,1.42,9.3,1.2,3.5,7.5,2.13,84,FALSE
2009NYM,2009,NYM,NL,162,70,92,0.432,53,4.14,95,631,122,526,928,0.27,0.335,0.394,0.729,1183,95,4.46,707,1.45,9.2,1,3.9,6.5,1.67,92,FALSE
2020NYY,2020,NYY,AL,60,33,27,0.55,21,5.25,94,301,27,251,480,0.247,0.342,0.447,0.789,399,117,4.35,242,1.244,8.2,1.5,3,9.5,3.14,99,FALSE
2008SFG,2008,SFG,NL,162,72,90,0.444,49,3.95,94,606,108,452,1044,0.262,0.321,0.382,0.703,1148,83,4.38,701,1.434,8.8,0.9,4.1,7.7,1.9,101,FALSE
2020MIN,2020,MIN,AL,60,36,24,0.6,20,4.48,91,258,14,186,528,0.242,0.315,0.427,0.743,372,106,3.58,204,1.204,7.9,1.1,3,9.4,3.15,120,FALSE
2011SDP,2011,SDP,NL,162,71,91,0.438,48,3.66,91,563,170,501,1320,0.237,0.305,0.349,0.653,1103,85,3.43,552,1.273,8.2,0.8,3.2,7.1,2.19,104,FALSE
2020CIN,2020,CIN,NL,60,31,29,0.517,23,4.05,90,237,29,239,534,0.212,0.312,0.403,0.715,369,83,3.89,218,1.218,7.2,1.2,3.8,11,2.89,131,FALSE
2020TOR,2020,TOR,AL,60,32,28,0.533,21,5.03,88,288,33,203,508,0.255,0.325,0.441,0.766,392,109,4.63,270,1.461,8.9,1.4,4.3,8.9,2.08,95,FALSE
2020NYM,2020,NYM,NL,60,26,34,0.433,24,4.77,86,278,20,197,498,0.272,0.348,0.459,0.807,445,120,5.01,286,1.422,9,1.4,3.8,10.1,2.62,87,FALSE
2020LAA,2020,LAA,AL,60,26,34,0.433,23,4.9,85,285,21,239,490,0.248,0.332,0.43,0.763,425,104,5.09,297,1.315,8.4,1.4,3.4,9,2.63,94,FALSE
2020PHI,2020,PHI,NL,60,28,32,0.467,23,5.1,82,289,35,229,480,0.257,0.342,0.439,0.781,419,111,5.2,287,1.479,10,1.4,3.4,9.6,2.88,86,FALSE
2020BOS,2020,BOS,AL,60,24,36,0.4,22,4.87,81,278,31,187,545,0.265,0.33,0.445,0.775,422,107,5.58,325,1.601,10.1,1.7,4.3,9.2,2.13,85,FALSE
2020SFG,2020,SFG,NL,60,29,31,0.483,23,4.98,81,290,19,195,499,0.263,0.335,0.451,0.785,404,115,4.64,267,1.321,8.2,1.2,3.7,8.5,2.32,92,FALSE
2020TBR,2020,TBR,AL,60,40,20,0.667,19,4.82,80,274,48,243,608,0.238,0.328,0.425,0.753,416,112,3.56,209,1.219,8.1,1.2,2.9,9.4,3.29,115,FALSE
2020BAL,2020,BAL,AL,60,25,35,0.417,21,4.57,77,264,19,164,514,0.258,0.321,0.429,0.75,399,102,4.51,260,1.313,8.5,1.4,3.3,8.5,2.54,105,FALSE
2020MIL,2020,MIL,NL,60,29,31,0.483,23,4.12,75,238,15,221,582,0.223,0.313,0.389,0.702,384,87,4.18,240,1.227,7.8,1.2,3.3,10.7,3.25,111,FALSE
2020CHC,2020,CHC,NL,60,34,26,0.567,27,4.42,74,248,24,229,568,0.22,0.318,0.387,0.705,406,92,3.99,230,1.221,7.8,1.3,3.2,9.1,2.87,110,FALSE
2020OAK,2020,OAK,AL,60,36,24,0.6,19,4.57,71,264,26,238,524,0.225,0.322,0.396,0.718,391,101,3.77,216,1.234,8.2,1.2,2.9,8.8,3.07,111,FALSE
2020HOU,2020,HOU,AL,60,29,31,0.483,17,4.65,69,268,22,192,440,0.24,0.312,0.408,0.72,382,95,4.31,251,1.315,8.1,1.2,3.7,9,2.42,104,FALSE
2020KCR,2020,KCR,AL,60,26,34,0.433,22,4.13,68,237,49,172,527,0.244,0.309,0.402,0.711,392,90,4.3,247,1.375,8.7,1.3,3.7,9,2.45,111,FALSE
2020WSN,2020,WSN,NL,60,26,34,0.433,20,4.88,66,279,33,192,451,0.264,0.336,0.433,0.769,404,109,5.09,285,1.517,9.8,1.7,3.9,9.1,2.35,87,FALSE
2020COL,2020,COL,NL,60,26,34,0.433,17,4.58,63,264,42,161,543,0.257,0.311,0.405,0.716,389,81,5.59,327,1.49,9.9,1.4,3.5,6.7,1.92,94,FALSE
2020DET,2020,DET,AL,58,23,35,0.397,23,4.29,62,242,19,147,567,0.245,0.303,0.397,0.7,333,91,5.63,308,1.427,9.3,1.7,3.5,8.1,2.31,82,FALSE
2020TEX,2020,TEX,AL,60,22,38,0.367,24,3.73,62,204,49,167,548,0.217,0.285,0.364,0.648,350,76,5.02,288,1.384,8.3,1.4,4.1,8.5,2.07,92,FALSE
2020MIA,2020,MIA,NL,60,31,29,0.517,25,4.38,60,247,51,191,537,0.244,0.319,0.384,0.703,396,90,4.86,272,1.452,9,1.5,4,8.1,2,96,FALSE
2020SEA,2020,SEA,AL,60,27,33,0.45,23,4.23,60,244,50,207,545,0.226,0.309,0.37,0.678,373,91,5.03,289,1.378,8.4,1.4,4,8.2,2.04,85,FALSE
2020CLE,2020,CLE,AL,60,35,25,0.583,22,4.13,59,234,25,239,517,0.228,0.317,0.372,0.689,404,85,3.29,196,1.114,7.4,1.1,2.6,10.4,3.96,141,FALSE
2020PIT,2020,PIT,NL,60,19,41,0.317,21,3.65,59,210,16,167,521,0.22,0.284,0.357,0.641,345,73,4.68,267,1.365,7.9,1.4,4.4,9.4,2.15,98,FALSE
2020ARI,2020,ARI,NL,60,25,35,0.417,20,4.48,58,255,23,181,461,0.241,0.312,0.391,0.704,399,87,4.84,279,1.43,8.8,1.6,4.1,9.1,2.23,97,FALSE
2020STL,2020,STL,NL,58,30,28,0.517,21,4.14,51,231,18,205,477,0.234,0.323,0.371,0.694,358,92,3.92,206,1.225,7.1,1.3,3.9,8.8,2.27,110,FALSE
