Rk,Year,Tm,Lg,Wtm,Ltm,tmW-L%,W,L,W-L%,ERA,G,GS,GF,CG,SHO,SV,IP,H,R,ER,HR,BB,IBB,SO,HBP,BK,WP,BF,WHIP,H9,HR9,BB9,SO9,SO/W,ERA+
1,2018,HOU,AL,103,59,0.636,103,59,0.636,3.11,162,162,159,3,2,46,1455,1164,534,503,152,435,4,1687,66,4,67,5913,1.099,7.2,0.9,2.7,10.4,3.88,134
2,2019,HOU,AL,107,55,0.66,107,55,0.66,3.66,162,162,160,2,1,47,1462.1,1205,640,595,230,448,0,1671,41,8,41,5995,1.13,7.4,1.4,2.8,10.3,3.73,127
3,2018,NYY,AL,100,62,0.617,100,62,0.617,3.78,162,162,160,2,2,49,1456.2,1311,669,611,177,494,9,1634,58,4,73,6141,1.239,8.1,1.1,3.1,10.1,3.31,112
4,2019,BOS,AL,84,78,0.519,84,78,0.519,4.7,162,162,161,1,1,33,1471,1423,828,768,215,605,22,1633,76,6,81,6400,1.379,8.7,1.3,3.7,10,2.7,104
5,2019,TBR,AL,96,66,0.593,96,66,0.593,3.67,162,162,162,0,0,46,1474.1,1274,656,602,181,453,27,1621,60,7,59,6086,1.171,7.8,1.1,2.8,9.9,3.58,119
6,2017,CLE,AL,102,60,0.63,102,60,0.63,3.3,162,162,155,7,3,37,1440.2,1267,564,529,163,406,15,1614,45,1,48,5866,1.161,7.9,1,2.5,10.1,3.98,138
7,2017,HOU,AL,101,61,0.623,101,61,0.623,4.12,162,162,161,1,0,45,1446,1314,700,662,192,522,17,1593,70,4,86,6111,1.27,8.2,1.2,3.2,9.9,3.05,99
8,2017,BOS,AL,93,69,0.574,93,69,0.574,3.73,162,162,157,5,1,39,1482.1,1384,668,615,195,465,18,1580,49,3,43,6217,1.247,8.4,1.2,2.8,9.6,3.4,123
9,2018,LAD,NL,92,71,0.564,92,71,0.564,3.4,163,163,163,0,0,48,1476,1279,610,557,179,422,39,1565,61,10,39,6096,1.152,7.8,1.1,2.6,9.5,3.71,115
10,2017,NYY,AL,91,71,0.562,91,71,0.562,3.75,162,162,160,2,1,36,1448.1,1248,660,603,192,504,18,1560,53,4,83,6078,1.21,7.8,1.2,3.1,9.7,3.1,121
11,2018,BOS,AL,108,54,0.667,108,54,0.667,3.75,162,162,160,2,0,46,1458.2,1305,647,608,176,512,8,1558,84,3,51,6166,1.246,8.1,1.1,3.2,9.6,3.04,118
12,2019,CIN,NL,75,87,0.463,75,87,0.463,4.18,162,162,162,0,0,46,1438,1270,711,668,214,536,31,1552,58,8,35,6057,1.256,7.9,1.3,3.4,9.7,2.9,114
13,2017,LAD,NL,104,58,0.642,104,58,0.642,3.38,162,162,160,2,0,51,1444.2,1226,580,543,184,442,33,1549,40,10,40,5925,1.155,7.6,1.1,2.8,9.6,3.5,123
14,2018,CLE,AL,91,71,0.562,91,71,0.562,3.77,162,162,157,5,2,41,1457.2,1349,648,611,200,407,29,1544,59,2,54,6071,1.205,8.3,1.2,2.5,9.5,3.79,115
15,2019,NYY,AL,103,59,0.636,103,59,0.636,4.31,162,162,161,1,1,50,1443,1374,739,691,248,507,12,1534,44,5,55,6133,1.304,8.6,1.5,3.2,9.6,3.03,106
16,2019,NYM,NL,86,76,0.531,86,76,0.531,4.25,162,162,159,3,3,38,1461,1405,737,690,204,500,40,1520,60,2,47,6232,1.304,8.7,1.3,3.1,9.4,3.04,98
17,2019,LAD,NL,106,56,0.654,106,56,0.654,3.39,162,162,159,3,1,44,1445.2,1201,613,545,185,392,24,1519,66,7,40,5913,1.102,7.5,1.2,2.4,9.5,3.88,123
18,2019,WSN,NL,93,69,0.574,93,69,0.574,4.28,162,162,161,1,1,40,1439.1,1340,724,684,202,517,41,1511,61,5,53,6134,1.29,8.4,1.3,3.2,9.4,2.92,104
19,2016,LAD,NL,91,71,0.562,91,71,0.562,3.7,162,162,159,3,3,47,1453.1,1266,638,598,165,464,51,1510,53,5,58,6014,1.19,7.8,1,2.9,9.4,3.25,109
20,2019,CLE,AL,93,69,0.574,93,69,0.574,3.79,162,162,156,6,5,42,1437.2,1308,657,606,207,450,19,1508,62,2,42,6008,1.223,8.2,1.3,2.8,9.4,3.35,127
21,2019,MIL,NL,89,73,0.549,89,73,0.549,4.4,162,162,162,0,0,50,1459.2,1364,766,714,225,570,28,1497,60,3,41,6251,1.325,8.4,1.4,3.5,9.2,2.63,102
22,2017,ARI,NL,93,69,0.574,93,69,0.574,3.67,162,162,160,2,1,43,1441,1309,659,588,171,516,45,1482,38,5,82,6072,1.266,8.2,1.1,3.2,9.3,2.87,128
23,2016,WSN,NL,95,67,0.586,95,67,0.586,3.52,162,162,161,1,0,46,1459.2,1272,612,571,155,468,43,1476,57,4,47,6036,1.192,7.8,1,2.9,9.1,3.15,122
24,2019,SDP,NL,70,92,0.432,70,92,0.432,4.63,162,162,162,0,0,47,1432.1,1394,789,737,215,463,19,1475,68,6,60,6160,1.296,8.8,1.4,2.9,9.3,3.19,90
25,2018,PHI,NL,80,82,0.494,80,82,0.494,4.15,162,162,162,0,0,44,1445.2,1366,728,666,171,500,35,1465,60,7,81,6138,1.291,8.5,1.1,3.1,9.1,2.93,100
26,2019,MIN,AL,101,61,0.623,101,61,0.623,4.18,162,162,161,1,0,50,1463.1,1456,754,680,198,452,10,1463,61,5,71,6246,1.304,9,1.2,2.8,9,3.24,108
27,2017,WSN,NL,97,65,0.599,97,65,0.599,3.88,162,162,159,3,1,46,1446.2,1300,672,624,189,495,39,1457,60,5,44,6068,1.241,8.1,1.2,3.1,9.1,2.94,116
28,2014,CLE,AL,85,77,0.525,85,77,0.525,3.57,162,162,156,6,4,40,1468.1,1398,653,583,135,464,51,1450,58,2,56,6193,1.268,8.6,0.8,2.8,8.9,3.13,110
29,2018,ARI,NL,82,80,0.506,82,80,0.506,3.73,162,162,160,2,1,39,1463,1313,644,606,174,522,43,1448,57,5,69,6139,1.254,8.1,1.1,3.2,8.9,2.77,113
30,2018,NYM,NL,77,85,0.475,77,85,0.475,4.07,162,162,159,3,1,41,1460.2,1364,707,661,185,484,32,1446,71,2,26,6178,1.265,8.4,1.1,3,8.9,2.99,92
31,2019,CHC,NL,84,78,0.519,84,78,0.519,4.1,162,162,161,1,1,38,1442.1,1376,717,657,195,534,16,1444,80,1,60,6190,1.324,8.6,1.2,3.3,9,2.7,106
32,2019,PIT,NL,69,93,0.426,69,93,0.426,5.19,162,162,161,1,0,31,1440,1511,911,830,241,584,22,1443,85,4,50,6391,1.455,9.4,1.5,3.7,9,2.47,85
33,2016,CHC,NL,103,58,0.64,103,58,0.64,3.15,162,162,157,5,2,38,1459.2,1125,556,511,163,495,24,1441,63,0,80,5933,1.11,6.9,1,3.1,8.9,2.91,133
34,2017,CHC,NL,92,70,0.568,92,70,0.568,3.95,162,162,160,2,1,38,1447.1,1294,695,636,194,554,29,1439,66,4,73,6108,1.277,8,1.2,3.4,8.9,2.6,112
35,2014,TBR,AL,77,85,0.475,77,85,0.475,3.56,162,162,159,3,1,37,1463.2,1292,625,579,145,482,27,1437,58,3,65,6131,1.212,7.9,0.9,3,8.8,2.98,105
36,2015,CHC,NL,97,65,0.599,97,65,0.599,3.36,162,162,156,6,4,48,1461.1,1276,608,546,134,407,38,1431,46,3,66,5997,1.152,7.9,0.8,2.5,8.8,3.52,114
37,2018,MIL,NL,96,67,0.589,96,67,0.589,3.73,163,163,163,0,0,49,1461,1259,659,606,173,553,34,1428,61,5,50,6114,1.24,7.8,1.1,3.4,8.8,2.58,110
38,2013,DET,AL,93,69,0.574,93,69,0.574,3.61,162,162,159,3,1,39,1462.2,1369,624,587,128,462,29,1428,42,7,63,6119,1.252,8.4,0.8,2.8,8.8,3.09,116
39,2019,ARI,NL,85,77,0.525,85,77,0.525,4.25,162,162,162,0,0,45,1465,1400,743,691,220,516,38,1427,62,4,49,6230,1.308,8.6,1.4,3.2,8.8,2.77,106
40,2018,ATL,NL,90,72,0.556,90,72,0.556,3.75,162,162,160,2,1,40,1456.2,1236,657,607,153,635,43,1423,52,8,61,6155,1.284,7.6,0.9,3.9,8.8,2.24,110
41,2018,TBR,AL,90,72,0.556,90,72,0.556,3.75,162,162,162,0,0,52,1448.1,1236,646,603,164,501,34,1421,53,6,55,5992,1.199,7.7,1,3.1,8.8,2.84,110
42,2018,WSN,NL,82,80,0.506,82,80,0.506,4.04,162,162,160,2,1,40,1446,1320,682,649,198,487,37,1417,76,6,42,6087,1.25,8.2,1.2,3,8.8,2.91,106
43,2018,COL,NL,91,72,0.558,91,72,0.558,4.33,163,163,163,0,0,51,1452.1,1377,745,699,184,525,24,1409,52,8,70,6154,1.31,8.5,1.1,3.3,8.7,2.68,109
44,2015,CLE,AL,81,80,0.503,81,80,0.503,3.68,161,161,150,11,1,38,1432.2,1274,640,586,161,425,27,1407,48,5,48,5904,1.186,8,1,2.7,8.8,3.31,117
45,2019,LAA,AL,72,90,0.444,72,90,0.444,5.12,162,162,162,0,0,32,1442.2,1417,868,820,267,576,11,1404,82,9,98,6289,1.381,8.8,1.7,3.6,8.8,2.44,93
46,2003,CHC,NL,88,74,0.543,88,74,0.543,3.83,162,162,149,13,6,36,1456.1,1304,683,619,143,617,36,1404,71,3,63,6227,1.319,8.1,0.9,3.8,8.7,2.28,114
47,2012,MIL,NL,83,79,0.512,83,79,0.512,4.22,162,162,162,0,0,44,1453.2,1458,733,682,169,525,20,1402,31,5,57,6245,1.364,9,1,3.3,8.7,2.67,98
48,2019,STL,NL,91,71,0.562,91,71,0.562,3.82,162,162,161,1,1,52,1444.1,1284,662,613,191,545,41,1399,69,4,46,6068,1.266,8,1.2,3.4,8.7,2.57,110
49,2018,SDP,NL,66,96,0.407,66,96,0.407,4.41,162,162,162,0,0,36,1457,1430,767,714,185,519,28,1399,68,4,52,6254,1.338,8.8,1.1,3.2,8.6,2.7,88
50,2016,CLE,AL,94,67,0.584,94,67,0.584,3.86,161,161,156,5,3,37,1445,1330,676,619,186,461,34,1398,34,7,49,6033,1.239,8.3,1.2,2.9,8.7,3.03,118
51,2016,HOU,AL,84,78,0.519,84,78,0.519,4.06,162,162,160,2,1,44,1468,1441,701,663,181,453,19,1396,39,2,98,6180,1.29,8.8,1.1,2.8,8.6,3.08,97
52,2016,NYM,NL,87,75,0.537,87,75,0.537,3.58,162,162,161,1,1,55,1447.1,1397,617,575,152,439,39,1396,35,7,50,6067,1.269,8.7,0.9,2.7,8.7,3.18,113
53,2015,LAD,NL,92,70,0.568,92,70,0.568,3.46,162,162,156,6,3,47,1445.2,1317,595,555,145,395,32,1396,38,10,52,5932,1.184,8.2,0.9,2.5,8.7,3.53,107
54,2019,ATL,NL,97,65,0.599,97,65,0.599,4.2,162,162,161,1,0,44,1450.2,1421,743,677,203,548,33,1393,69,3,70,6243,1.357,8.8,1.3,3.4,8.6,2.54,113
55,2016,NYY,AL,84,78,0.519,84,78,0.519,4.16,162,162,162,0,0,48,1428.1,1358,702,661,214,444,15,1393,57,2,52,6023,1.262,8.6,1.3,2.8,8.8,3.14,104
56,2015,SDP,NL,74,88,0.457,74,88,0.457,4.09,162,162,161,1,0,41,1440.1,1371,731,655,171,516,35,1393,54,3,54,6093,1.31,8.6,1.1,3.2,8.7,2.7,91
57,2019,PHI,NL,81,81,0.5,81,81,0.5,4.53,162,162,159,3,1,36,1453.2,1452,794,732,258,546,38,1392,71,7,45,6274,1.374,9,1.6,3.4,8.6,2.55,98
58,2018,LAA,AL,80,82,0.494,80,82,0.494,4.15,162,162,161,1,1,35,1437.1,1353,722,663,205,546,17,1386,65,3,87,6108,1.321,8.5,1.3,3.4,8.7,2.54,102
59,2012,PHI,NL,81,81,0.5,81,81,0.5,3.86,162,162,157,5,4,42,1451.1,1387,680,622,178,409,33,1385,44,3,30,6072,1.237,8.6,1.1,2.5,8.6,3.39,105
60,2012,TBR,AL,90,72,0.556,90,72,0.556,3.19,162,162,155,7,4,50,1459.2,1233,577,518,139,469,35,1383,54,4,59,6000,1.166,7.6,0.9,2.9,8.5,2.95,121
61,2019,TEX,AL,78,84,0.481,78,84,0.481,5.09,162,162,158,4,1,33,1437.2,1515,878,813,241,583,11,1379,70,3,68,6354,1.459,9.5,1.5,3.6,8.6,2.37,102
62,2016,MIA,NL,79,82,0.491,79,82,0.491,4.05,161,161,161,0,0,55,1435,1358,682,646,152,595,62,1379,61,3,66,6164,1.361,8.5,1,3.7,8.6,2.32,98
63,2013,CLE,AL,92,70,0.568,92,70,0.568,3.82,162,162,159,3,3,38,1441,1359,662,611,147,554,26,1379,58,3,71,6154,1.328,8.5,0.9,3.5,8.6,2.49,100
64,2019,MIA,NL,57,105,0.352,57,105,0.352,4.74,162,162,160,2,2,27,1444.1,1340,808,760,236,615,52,1378,90,6,71,6247,1.354,8.3,1.5,3.8,8.6,2.24,91
65,2018,MIN,AL,78,84,0.481,78,84,0.481,4.5,162,162,160,2,1,37,1443.1,1425,775,722,198,573,34,1377,80,0,59,6287,1.384,8.9,1.2,3.6,8.6,2.4,96
66,2017,NYM,NL,70,92,0.432,70,92,0.432,5.01,162,162,160,2,0,34,1434.2,1538,863,799,220,593,51,1374,55,5,55,6378,1.485,9.6,1.4,3.7,8.6,2.32,83
67,2014,LAD,NL,94,68,0.58,94,68,0.58,3.4,162,162,155,7,3,47,1464.2,1338,617,554,142,429,35,1373,41,4,64,6075,1.206,8.2,0.9,2.6,8.4,3.2,103
68,2017,TOR,AL,76,86,0.469,76,86,0.469,4.42,162,162,160,2,0,45,1465,1460,784,720,203,549,25,1372,48,4,53,6316,1.371,9,1.2,3.4,8.4,2.5,102
69,2015,NYY,AL,87,75,0.537,87,75,0.537,4.03,162,162,159,3,0,48,1457.2,1416,698,653,182,474,16,1370,56,4,78,6191,1.297,8.7,1.1,2.9,8.5,2.89,101
70,2014,NYY,AL,84,78,0.519,84,78,0.519,3.75,162,162,157,5,2,48,1453,1392,664,605,164,398,23,1370,65,6,49,6114,1.232,8.6,1,2.5,8.5,3.44,103
71,2019,DET,AL,47,114,0.292,47,114,0.292,5.26,161,161,161,0,0,31,1433,1555,915,837,250,536,24,1368,69,7,66,6341,1.459,9.8,1.6,3.4,8.6,2.55,90
72,2019,SFG,NL,77,85,0.475,77,85,0.475,4.38,162,162,161,1,0,41,1469.1,1395,773,715,227,519,26,1368,65,4,53,6256,1.303,8.5,1.4,3.2,8.4,2.64,97
73,2016,BOS,AL,93,69,0.574,93,69,0.574,4,162,162,153,9,1,43,1440,1342,694,640,176,490,16,1362,65,0,52,6073,1.272,8.4,1.1,3.1,8.5,2.78,112
74,2015,CHW,AL,76,86,0.469,76,86,0.469,3.98,162,162,155,7,4,37,1452.2,1443,701,643,162,474,34,1359,62,2,61,6181,1.32,8.9,1,2.9,8.4,2.87,98
75,2016,TBR,AL,68,94,0.42,68,94,0.42,4.2,162,162,161,1,1,42,1426.1,1395,713,665,210,491,25,1357,32,7,61,6076,1.322,8.8,1.3,3.1,8.6,2.76,96
76,2015,TBR,AL,80,82,0.494,80,82,0.494,3.74,162,162,161,1,1,60,1453.1,1314,642,604,175,477,23,1355,46,5,81,6069,1.232,8.1,1.1,3,8.4,2.84,105
77,2017,TBR,AL,80,82,0.494,80,82,0.494,3.99,162,162,162,0,0,53,1445,1324,704,640,193,503,37,1352,48,4,83,6099,1.264,8.2,1.2,3.1,8.4,2.69,106
78,2017,STL,NL,83,79,0.512,83,79,0.512,4.02,162,162,159,3,3,43,1450,1393,705,647,183,493,50,1351,67,0,38,6153,1.301,8.6,1.1,3.1,8.4,2.74,106
79,2017,MIL,NL,86,76,0.531,86,76,0.531,4,162,162,161,1,0,54,1445.2,1381,697,642,185,553,45,1346,64,2,50,6164,1.338,8.6,1.2,3.4,8.4,2.43,110
80,2004,CHC,NL,89,73,0.549,89,73,0.549,3.83,162,162,159,3,2,42,1465.2,1363,665,623,169,545,33,1346,76,9,50,6262,1.302,8.4,1,3.3,8.3,2.47,116
81,2001,CHC,NL,88,74,0.543,88,74,0.543,4.03,162,162,154,8,2,41,1437,1357,701,643,164,550,43,1344,50,5,48,6159,1.327,8.5,1,3.4,8.4,2.44,103
82,2015,WSN,NL,83,79,0.512,83,79,0.512,3.62,162,162,158,4,3,41,1434.2,1366,635,577,145,364,37,1342,55,4,39,5975,1.206,8.6,0.9,2.3,8.4,3.69,110
83,2014,LAA,AL,98,64,0.605,98,64,0.605,3.58,162,162,159,3,2,46,1482.2,1307,630,590,126,504,41,1342,63,4,74,6179,1.221,7.9,0.8,3.1,8.1,2.66,101
84,2015,PIT,NL,98,64,0.605,98,64,0.605,3.23,162,162,162,0,0,54,1489.2,1392,596,534,110,453,38,1338,75,4,67,6215,1.239,8.4,0.7,2.7,8.1,2.95,121
85,2018,STL,NL,88,74,0.543,88,74,0.543,3.85,162,162,161,1,1,43,1455.2,1354,691,623,144,593,49,1337,67,4,63,6271,1.338,8.4,0.9,3.7,8.3,2.25,101
86,2015,NYM,NL,90,72,0.556,90,72,0.556,3.45,162,162,161,1,1,50,1462.2,1341,613,561,152,383,43,1337,44,2,46,6046,1.179,8.3,0.9,2.4,8.2,3.49,111
87,2018,PIT,NL,82,79,0.509,82,79,0.509,4.01,161,161,158,3,2,40,1433.2,1380,693,638,174,497,43,1336,69,6,95,6144,1.309,8.7,1.1,3.1,8.4,2.69,98
88,2018,CHC,NL,95,68,0.583,95,68,0.583,3.65,163,163,162,1,0,46,1476.1,1319,645,598,157,622,33,1333,66,3,46,6264,1.315,8,1,3.8,8.1,2.14,115
89,2002,CHC,NL,67,95,0.414,67,95,0.414,4.31,162,162,151,11,3,23,1441.1,1373,759,690,167,606,53,1333,58,2,44,6236,1.373,8.6,1,3.8,8.3,2.2,94
90,2019,TOR,AL,67,95,0.414,67,95,0.414,4.79,162,162,161,1,0,33,1440.2,1450,828,767,228,604,25,1332,69,6,70,6313,1.426,9.1,1.4,3.8,8.3,2.21,95
91,2011,ATL,NL,89,73,0.549,89,73,0.549,3.49,162,162,159,3,2,52,1479.2,1332,605,573,125,521,73,1332,53,5,61,6220,1.252,8.1,0.8,3.2,8.1,2.56,110
92,2010,SFG,NL,92,70,0.568,92,70,0.568,3.36,162,162,156,6,3,57,1461,1279,583,546,134,578,58,1331,51,4,74,6159,1.271,7.9,0.8,3.6,8.2,2.3,117
93,2015,STL,NL,100,62,0.617,100,62,0.617,2.94,162,162,161,1,0,62,1464.2,1359,525,478,123,477,37,1329,45,5,48,6134,1.254,8.4,0.8,2.9,8.2,2.79,134
94,2018,SEA,AL,89,73,0.549,89,73,0.549,4.13,162,162,159,3,1,60,1448.2,1396,711,664,195,400,21,1328,72,3,57,6073,1.24,8.7,1.2,2.5,8.3,3.32,99
95,2017,SDP,NL,71,91,0.438,71,91,0.438,4.7,162,162,160,2,1,45,1430.1,1417,816,747,226,554,28,1325,75,11,73,6169,1.378,8.9,1.4,3.5,8.3,2.39,90
96,2012,WSN,NL,98,64,0.605,98,64,0.605,3.34,162,162,159,3,1,51,1468.1,1296,594,545,129,497,32,1325,47,4,62,6133,1.221,7.9,0.8,3,8.1,2.67,120
97,2016,ARI,NL,69,93,0.426,69,93,0.426,5.09,162,162,160,2,2,31,1451.1,1563,890,821,202,603,57,1318,57,7,69,6437,1.492,9.7,1.3,3.7,8.2,2.19,88
98,2016,SEA,AL,86,76,0.531,86,76,0.531,4,162,162,160,2,2,49,1457,1410,707,647,213,460,30,1318,55,7,52,6147,1.283,8.7,1.3,2.8,8.1,2.87,102
99,2012,DET,AL,88,74,0.543,88,74,0.543,3.77,162,162,153,9,3,40,1430.2,1409,670,599,151,438,35,1318,42,6,46,6045,1.291,8.9,0.9,2.8,8.3,3.01,113
100,2012,NYY,AL,95,67,0.586,95,67,0.586,3.85,162,162,156,6,2,51,1445.1,1401,668,619,190,431,32,1318,49,9,53,6085,1.268,8.7,1.2,2.7,8.2,3.06,110
101,2014,SEA,AL,87,75,0.537,87,75,0.537,3.17,162,162,160,2,1,51,1452,1240,554,512,137,463,36,1317,52,8,80,5974,1.173,7.7,0.8,2.9,8.2,2.84,115
102,2011,SFG,NL,86,76,0.531,86,76,0.531,3.21,162,162,159,3,2,52,1468,1260,578,523,96,559,46,1316,50,4,42,6130,1.239,7.7,0.6,3.4,8.1,2.35,109
103,2016,TOR,AL,89,73,0.549,89,73,0.549,3.79,162,162,162,0,0,43,1459.1,1340,666,615,183,461,10,1314,59,7,50,6113,1.234,8.3,1.1,2.8,8.1,2.85,113
104,2019,CHW,AL,72,89,0.447,72,89,0.447,4.9,161,161,155,6,2,33,1413,1438,832,770,238,582,30,1312,51,5,71,6159,1.43,9.2,1.5,3.7,8.4,2.25,94
105,2017,LAA,AL,80,82,0.494,80,82,0.494,4.2,162,162,161,1,1,43,1440.2,1373,709,672,224,470,25,1312,44,6,57,6030,1.279,8.6,1.4,2.9,8.2,2.79,102
106,2014,CHC,NL,73,89,0.451,73,89,0.451,3.92,162,162,161,1,1,37,1463.1,1398,707,638,115,504,37,1311,55,3,64,6208,1.3,8.6,0.7,3.1,8.1,2.6,97
107,2013,TBR,AL,92,71,0.564,92,71,0.564,3.74,163,163,154,9,3,42,1464,1315,646,608,153,482,38,1310,52,6,69,6083,1.227,8.1,0.9,3,8.1,2.72,103
108,2017,PHI,NL,66,96,0.407,66,96,0.407,4.57,162,162,161,1,0,33,1441,1471,782,731,221,527,39,1309,63,11,50,6235,1.387,9.2,1.4,3.3,8.2,2.48,95
109,2016,SFG,NL,87,75,0.537,87,75,0.537,3.69,162,162,152,10,3,43,1460.1,1334,631,599,158,439,30,1309,46,6,40,6049,1.214,8.2,1,2.7,8.1,2.98,109
110,2013,TEX,AL,91,72,0.558,91,72,0.558,3.63,163,163,159,4,2,46,1463.1,1370,636,590,157,498,35,1309,48,5,68,6146,1.277,8.4,1,3.1,8.1,2.63,114
111,2014,NYM,NL,79,83,0.488,79,83,0.488,3.49,162,162,161,1,1,42,1463.2,1370,618,568,141,509,38,1303,50,1,56,6170,1.284,8.4,0.9,3.1,8,2.56,99
112,2002,ARI,NL,98,64,0.605,98,64,0.605,3.93,162,162,148,14,5,40,1446.2,1361,674,631,170,421,30,1303,54,11,48,6067,1.232,8.5,1.1,2.6,8.1,3.1,116
113,2009,SFG,NL,88,74,0.543,88,74,0.543,3.55,162,162,151,11,3,41,1446,1268,611,571,140,584,49,1302,41,3,71,6103,1.281,7.9,0.9,3.6,8.1,2.23,120
114,2014,ATL,NL,79,83,0.488,79,83,0.488,3.38,162,162,157,5,2,54,1455,1369,597,547,121,472,36,1301,37,1,75,6087,1.265,8.5,0.7,2.9,8,2.76,106
115,2017,CIN,NL,68,94,0.42,68,94,0.42,5.17,162,162,160,2,1,33,1430,1442,869,821,248,631,37,1300,77,7,62,6286,1.45,9.1,1.6,4,8.2,2.06,87
116,2019,OAK,AL,97,65,0.599,97,65,0.599,3.97,162,162,161,1,1,45,1465,1342,680,646,201,477,19,1299,66,4,74,6153,1.242,8.2,1.2,2.9,8,2.72,107
117,2016,PHI,NL,71,91,0.438,71,91,0.438,4.64,162,162,158,4,3,43,1437,1468,796,741,213,466,30,1299,51,9,57,6164,1.346,9.2,1.3,2.9,8.1,2.79,91
118,2011,PHI,NL,102,60,0.63,102,60,0.63,3.02,162,162,144,18,7,47,1477,1320,529,496,120,404,41,1299,47,6,23,6069,1.167,8,0.7,2.5,7.9,3.22,127
119,2018,TOR,AL,73,89,0.451,73,89,0.451,4.85,162,162,162,0,0,39,1433.2,1476,832,773,208,551,19,1298,67,5,71,6265,1.414,9.3,1.3,3.5,8.1,2.36,88
120,2013,SEA,AL,71,91,0.438,71,91,0.438,4.32,162,162,158,4,2,43,1465,1467,754,703,174,478,48,1297,42,1,74,6257,1.328,9,1.1,2.9,8,2.71,86
121,2001,ARI,NL,92,70,0.568,92,70,0.568,3.88,162,162,150,12,5,34,1459.2,1352,677,629,195,461,30,1297,59,6,45,6090,1.242,8.3,1.2,2.8,8,2.81,121
122,2013,CIN,NL,90,72,0.556,90,72,0.556,3.38,162,162,157,5,2,43,1473.2,1294,589,554,170,435,28,1296,66,5,44,6077,1.173,7.9,1,2.7,7.9,2.98,112
123,2010,SDP,NL,90,72,0.556,90,72,0.556,3.4,162,162,160,2,2,49,1456.2,1305,581,551,139,517,51,1295,28,5,29,6058,1.251,8.1,0.9,3.2,8,2.5,108
124,2013,BOS,AL,97,65,0.599,97,65,0.599,3.8,162,162,157,5,2,33,1453.2,1366,656,613,156,524,10,1294,47,5,47,6143,1.3,8.5,1,3.2,8,2.47,109
125,2013,LAD,NL,92,70,0.568,92,70,0.568,3.25,162,162,155,7,4,46,1450.1,1321,582,524,127,460,44,1292,43,3,66,6032,1.228,8.2,0.8,2.9,8,2.81,110
126,2003,ARI,NL,84,78,0.519,84,78,0.519,3.84,162,162,155,7,5,42,1455,1379,685,621,150,526,53,1291,72,9,52,6230,1.309,8.5,0.9,3.3,8,2.45,122
127,2016,STL,NL,86,76,0.531,86,76,0.531,4.08,162,162,160,2,2,38,1448.1,1432,712,656,159,475,35,1290,52,1,50,6164,1.317,8.9,1,3,8,2.72,100
128,2014,CIN,NL,76,86,0.469,76,86,0.469,3.59,162,162,157,5,3,44,1446,1282,612,576,163,507,33,1290,69,5,45,6067,1.237,8,1,3.2,8,2.54,103
129,2003,LAD,NL,85,77,0.525,85,77,0.525,3.16,162,162,159,3,3,58,1457.2,1254,556,511,127,526,35,1289,40,5,50,6001,1.221,7.7,0.8,3.2,8,2.45,128
130,2014,WSN,NL,96,66,0.593,96,66,0.593,3.03,162,162,157,5,4,45,1470.2,1351,555,495,110,352,26,1288,51,2,37,6020,1.158,8.3,0.7,2.2,7.9,3.66,124
131,2016,KCR,AL,81,81,0.5,81,81,0.5,4.21,162,162,159,3,0,41,1440,1433,712,674,206,517,8,1287,60,7,55,6182,1.354,9,1.3,3.2,8,2.49,102
132,2012,TEX,AL,93,69,0.574,93,69,0.574,4.02,162,162,155,7,2,43,1441.2,1378,707,644,175,446,15,1286,41,8,53,6067,1.265,8.6,1.1,2.8,8,2.88,109
133,2014,SDP,NL,77,85,0.475,77,85,0.475,3.27,162,162,158,4,3,41,1438.1,1300,577,523,117,462,32,1284,46,4,57,6006,1.225,8.1,0.7,2.9,8,2.78,104
134,2015,SEA,AL,76,86,0.469,76,86,0.469,4.16,162,162,156,6,5,45,1463,1430,726,677,181,491,41,1283,70,5,72,6223,1.313,8.8,1.1,3,7.9,2.61,92
135,2004,HOU,NL,92,70,0.568,92,70,0.568,4.05,162,162,160,2,2,47,1443,1416,698,650,174,525,61,1282,68,3,45,6201,1.345,8.8,1.1,3.3,8,2.44,107
136,2015,HOU,AL,86,76,0.531,86,76,0.531,3.57,162,162,157,5,3,39,1441,1308,618,572,148,423,17,1280,43,2,61,5965,1.201,8.2,0.9,2.6,8,3.03,110
137,2014,ARI,NL,64,98,0.395,64,98,0.395,4.26,162,162,160,2,1,35,1444.1,1467,742,683,154,469,43,1278,51,5,50,6162,1.34,9.1,1,2.9,8,2.72,88
138,2012,LAD,NL,86,76,0.531,86,76,0.531,3.35,162,162,160,2,2,40,1450,1277,597,540,122,539,62,1276,45,2,46,6068,1.252,7.9,0.8,3.3,7.9,2.37,114
139,2010,LAD,NL,80,82,0.494,80,82,0.494,4.01,162,162,158,4,4,41,1441.2,1323,692,643,134,539,75,1274,58,8,58,6141,1.292,8.3,0.8,3.4,8,2.36,97
140,2009,CHC,NL,83,78,0.516,83,78,0.516,3.84,161,161,158,3,2,40,1445.1,1329,672,617,160,586,46,1272,59,6,60,6177,1.325,8.3,1,3.6,7.9,2.17,116
141,2009,LAD,NL,95,67,0.586,95,67,0.586,3.41,162,162,161,1,1,44,1473.1,1265,611,559,127,584,68,1272,57,2,76,6182,1.255,7.7,0.8,3.6,7.8,2.18,118
142,2017,COL,NL,87,75,0.537,87,75,0.537,4.51,162,162,161,1,1,47,1437.2,1453,757,721,190,532,20,1270,50,10,69,6177,1.381,9.1,1.2,3.3,8,2.39,112
143,2016,CHW,AL,78,84,0.481,78,84,0.481,4.12,162,162,155,7,1,43,1446.2,1422,715,662,185,521,30,1270,68,2,72,6196,1.343,8.8,1.2,3.2,7.9,2.44,99
144,2018,SFG,NL,73,89,0.451,73,89,0.451,3.95,162,162,161,1,1,36,1461.1,1387,699,642,156,524,37,1269,45,4,44,6191,1.308,8.5,1,3.2,7.8,2.42,97
145,2010,CHC,NL,75,87,0.463,75,87,0.463,4.24,162,162,161,1,0,40,1436.2,1409,767,677,154,605,42,1268,65,6,46,6298,1.402,8.8,1,3.8,7.9,2.1,100
146,2001,NYY,AL,95,65,0.594,95,65,0.594,4.04,161,161,154,7,3,57,1451.2,1429,713,651,158,465,29,1266,55,6,54,6174,1.305,8.9,1,2.9,7.8,2.72,112
147,2011,LAD,NL,82,79,0.509,82,79,0.509,3.56,161,161,154,7,2,40,1432.1,1287,612,567,132,507,48,1265,43,7,50,5997,1.253,8.1,0.8,3.2,7.9,2.5,104
148,2019,COL,NL,71,91,0.438,71,91,0.438,5.58,162,162,161,1,1,28,1448.2,1576,958,898,270,589,33,1264,57,7,63,6423,1.494,9.8,1.7,3.7,7.9,2.15,92
149,2008,CHC,NL,97,64,0.602,97,64,0.602,3.87,161,161,159,2,1,44,1451,1329,671,624,160,548,45,1264,65,7,48,6194,1.294,8.2,1,3.4,7.8,2.31,118
150,2017,PIT,NL,75,87,0.463,75,87,0.463,4.23,162,162,160,2,1,36,1440.2,1464,731,677,182,511,32,1262,58,2,58,6208,1.371,9.1,1.1,3.2,7.9,2.47,101
151,2013,PIT,NL,94,68,0.58,94,68,0.58,3.27,162,162,159,3,0,55,1470.2,1299,577,535,101,515,26,1261,70,6,81,6147,1.233,7.9,0.6,3.2,7.7,2.45,109
152,2015,MIL,NL,68,94,0.42,68,94,0.42,4.28,162,162,161,1,0,40,1435,1432,737,682,176,517,36,1260,55,5,71,6148,1.358,9,1.1,3.2,7.9,2.44,93
153,2009,NYY,AL,103,59,0.636,103,59,0.636,4.28,162,162,159,3,1,51,1450,1386,753,689,181,574,28,1260,71,5,66,6247,1.352,8.6,1.1,3.6,7.8,2.2,108
154,2018,CHW,AL,62,100,0.383,62,100,0.383,4.85,162,162,162,0,0,34,1437,1404,848,774,196,653,25,1259,89,9,94,6339,1.431,8.8,1.2,4.1,7.9,1.93,88
155,2001,BOS,AL,82,79,0.509,82,79,0.509,4.18,161,161,158,3,2,48,1448.1,1412,745,672,146,544,50,1259,93,7,54,6272,1.351,8.8,0.9,3.4,7.8,2.31,108
156,2018,CIN,NL,67,95,0.414,67,95,0.414,4.65,162,162,161,1,0,38,1440.2,1491,819,745,228,532,60,1258,50,8,48,6279,1.404,9.3,1.4,3.3,7.9,2.36,90
157,2017,ATL,NL,72,90,0.444,72,90,0.444,4.72,162,162,162,0,0,36,1441.1,1463,821,756,192,584,39,1258,70,5,58,6306,1.42,9.1,1.2,3.6,7.9,2.15,93
158,2010,MIL,NL,77,85,0.475,77,85,0.475,4.59,162,162,159,3,3,35,1439,1487,804,734,173,582,42,1258,48,3,71,6324,1.438,9.3,1.1,3.6,7.9,2.16,88
159,2011,MIL,NL,96,66,0.593,96,66,0.593,3.64,162,162,161,1,1,47,1442,1348,638,583,147,440,16,1257,33,5,70,6048,1.24,8.4,0.9,2.7,7.8,2.86,109
160,2013,SFG,NL,76,86,0.469,76,86,0.469,4,162,162,160,2,2,41,1447.1,1380,691,643,145,521,64,1256,50,4,60,6163,1.313,8.6,0.9,3.2,7.8,2.41,87
161,2005,CHC,NL,79,83,0.488,79,83,0.488,4.19,162,162,154,8,2,39,1440,1357,714,671,186,576,48,1256,50,7,57,6185,1.342,8.5,1.2,3.6,7.9,2.18,105
162,2014,PHI,NL,73,89,0.451,73,89,0.451,3.81,162,162,160,2,0,40,1468.1,1396,687,621,134,521,43,1255,69,1,49,6261,1.306,8.6,0.8,3.2,7.7,2.41,99
163,2013,STL,NL,97,65,0.599,97,65,0.599,3.43,162,162,155,7,4,44,1459.2,1366,596,556,112,451,26,1254,64,1,33,6104,1.245,8.4,0.7,2.8,7.7,2.78,110
164,2015,CIN,NL,64,98,0.395,64,98,0.395,4.35,162,162,160,2,1,35,1453.1,1436,754,702,177,544,42,1252,58,11,54,6271,1.362,8.9,1.1,3.4,7.8,2.3,92
165,2006,CHC,NL,66,96,0.407,66,96,0.407,4.74,162,162,160,2,1,29,1439,1396,834,758,210,687,44,1250,67,4,68,6366,1.448,8.7,1.3,4.3,7.8,1.82,98
166,2018,MIA,NL,63,98,0.391,63,98,0.391,4.76,161,161,160,1,0,30,1442,1388,809,763,192,605,73,1249,71,6,47,6236,1.382,8.7,1.2,3.8,7.8,2.06,81
167,2013,CHW,AL,63,99,0.389,63,99,0.389,4,162,162,157,5,1,40,1454.2,1424,723,646,182,509,24,1249,60,4,62,6214,1.329,8.8,1.1,3.1,7.7,2.45,106
168,2019,BAL,AL,54,108,0.333,54,108,0.333,5.67,162,162,162,0,0,27,1442.2,1544,981,909,305,561,11,1248,80,6,75,6396,1.459,9.6,1.9,3.5,7.8,2.22,83
169,2016,BAL,AL,89,73,0.549,89,73,0.549,4.22,162,162,161,1,0,54,1432,1408,715,671,183,545,23,1248,51,3,59,6122,1.364,8.8,1.2,3.4,7.8,2.29,102
170,2012,CIN,NL,97,65,0.599,97,65,0.599,3.34,162,162,153,9,2,56,1453,1356,588,540,152,427,33,1248,51,7,34,6056,1.227,8.4,0.9,2.6,7.7,2.92,123
171,2009,FLA,NL,87,75,0.537,87,75,0.537,4.32,162,162,157,5,1,45,1446,1425,766,694,160,601,60,1248,45,5,59,6299,1.401,8.9,1,3.7,7.8,2.08,100
172,2014,MIL,NL,82,80,0.506,82,80,0.506,3.67,162,162,159,3,3,45,1457.2,1386,657,594,167,431,20,1246,42,2,44,6106,1.247,8.6,1,2.7,7.7,2.89,103
173,2012,CHW,AL,85,77,0.525,85,77,0.525,4.02,162,162,156,6,2,37,1445.2,1365,676,646,186,503,29,1246,68,9,66,6098,1.292,8.5,1.2,3.1,7.8,2.48,106
174,2017,SEA,AL,78,84,0.481,78,84,0.481,4.45,162,162,161,1,0,39,1440.2,1399,772,713,237,490,28,1244,53,7,73,6132,1.311,8.7,1.5,3.1,7.8,2.54,94
175,2014,DET,AL,90,72,0.556,90,72,0.556,4.01,162,162,157,5,4,41,1454,1475,705,648,127,462,34,1244,42,9,43,6191,1.332,9.1,0.8,2.9,7.7,2.69,97
176,2014,OAK,AL,88,74,0.543,88,74,0.543,3.22,162,162,155,7,3,31,1463.1,1269,572,524,147,406,28,1244,48,1,59,5972,1.145,7.8,0.9,2.5,7.7,3.06,116
177,2016,CIN,NL,68,94,0.42,68,94,0.42,4.91,162,162,160,2,1,28,1442,1457,854,787,258,636,31,1241,78,12,61,6348,1.451,9.1,1.6,4,7.7,1.95,87
178,2010,ATL,NL,91,71,0.562,91,71,0.562,3.57,162,162,160,2,0,41,1439.2,1326,629,571,126,505,64,1241,49,3,42,6052,1.272,8.3,0.8,3.2,7.8,2.46,110
179,2012,NYM,NL,74,88,0.457,74,88,0.457,4.09,162,162,155,7,5,36,1434,1368,709,652,161,488,29,1240,40,3,40,6086,1.294,8.6,1,3.1,7.8,2.54,93
180,2008,SFG,NL,72,90,0.444,72,90,0.444,4.38,162,162,158,4,2,41,1442,1416,759,701,147,652,59,1240,70,7,77,6341,1.434,8.8,0.9,4.1,7.7,1.9,101
181,2019,SEA,AL,68,94,0.42,68,94,0.42,5,162,162,159,3,2,34,1439.1,1484,893,799,260,505,25,1239,51,4,75,6268,1.382,9.3,1.6,3.2,7.7,2.45,88
182,2018,OAK,AL,97,65,0.599,97,65,0.599,3.82,162,162,160,2,2,44,1465.2,1303,674,622,184,474,19,1237,53,2,86,6099,1.212,8,1.1,2.9,7.6,2.61,109
183,2012,SFG,NL,94,68,0.58,94,68,0.58,3.68,162,162,157,5,4,53,1451,1361,649,593,142,489,42,1237,51,4,54,6138,1.275,8.4,0.9,3,7.7,2.53,96
184,2013,WSN,NL,86,76,0.531,86,76,0.531,3.59,162,162,156,6,4,47,1445.2,1367,626,576,142,405,17,1236,48,8,43,6038,1.226,8.5,0.9,2.5,7.7,3.05,106
185,2017,SFG,NL,64,98,0.395,64,98,0.395,4.5,162,162,159,3,2,32,1452,1515,776,726,182,496,42,1234,50,3,55,6287,1.385,9.4,1.1,3.1,7.6,2.49,95
186,2010,COL,NL,83,79,0.512,83,79,0.512,4.14,162,162,156,6,2,35,1442,1405,717,663,139,525,54,1234,56,12,77,6143,1.338,8.8,0.9,3.3,7.7,2.35,112
187,2017,BAL,AL,75,87,0.463,75,87,0.463,4.97,162,162,161,1,1,35,1441,1505,841,796,242,579,21,1233,60,6,53,6293,1.446,9.4,1.5,3.6,7.7,2.13,88
188,2015,BAL,AL,81,81,0.5,81,81,0.5,4.05,162,162,162,0,0,43,1434.2,1406,693,646,174,483,27,1233,54,0,46,6085,1.317,8.8,1.1,3,7.7,2.55,102
189,2013,NYY,AL,85,77,0.525,85,77,0.525,3.94,162,162,155,7,3,49,1447.1,1452,671,634,171,437,34,1233,51,1,57,6128,1.305,9,1.1,2.7,7.7,2.82,102
190,2016,DET,AL,86,75,0.534,86,75,0.534,4.24,161,161,158,3,1,47,1428,1417,721,673,182,462,25,1232,51,4,44,6048,1.316,8.9,1.1,2.9,7.8,2.67,101
191,2016,PIT,NL,78,83,0.484,78,83,0.484,4.22,162,162,157,5,1,51,1450.2,1490,758,681,180,533,28,1232,68,7,71,6292,1.395,9.2,1.1,3.3,7.6,2.31,99
192,2013,ATL,NL,96,66,0.593,96,66,0.593,3.18,162,162,161,1,0,53,1450.1,1326,548,512,127,409,35,1232,51,3,50,5989,1.196,8.2,0.8,2.5,7.6,3.01,118
193,2012,ATL,NL,94,68,0.58,94,68,0.58,3.42,162,162,157,5,4,47,1445.1,1310,600,549,145,464,40,1232,41,3,54,5991,1.227,8.2,0.9,2.9,7.7,2.66,117
194,2009,ATL,NL,86,76,0.531,86,76,0.531,3.57,162,162,159,3,0,38,1462.2,1399,641,581,119,530,59,1232,49,6,40,6208,1.319,8.6,0.7,3.3,7.6,2.32,116
195,2019,KCR,AL,59,103,0.364,59,103,0.364,5.2,162,162,161,1,1,37,1425,1525,869,824,221,582,25,1230,81,5,59,6307,1.479,9.6,1.4,3.7,7.8,2.11,92
196,2009,BOS,AL,95,67,0.586,95,67,0.586,4.35,162,162,154,8,2,41,1436.2,1494,736,695,167,530,24,1230,68,5,42,6283,1.409,9.4,1,3.3,7.7,2.32,107
197,2008,ARI,NL,82,80,0.506,82,80,0.506,3.99,162,162,156,6,2,39,1434.2,1403,706,636,147,451,41,1229,68,3,59,6119,1.292,8.8,0.9,2.8,7.7,2.73,116
198,2014,PIT,NL,88,74,0.543,88,74,0.543,3.49,162,162,160,2,1,48,1456.1,1341,631,565,128,499,43,1228,88,3,71,6130,1.263,8.3,0.8,3.1,7.6,2.46,103
199,2001,HOU,NL,93,69,0.574,93,69,0.574,4.39,162,162,155,7,1,48,1454.2,1453,769,709,221,486,22,1228,70,3,42,6236,1.333,9,1.4,3,7.6,2.53,106
200,2016,ATL,NL,68,93,0.422,68,93,0.422,4.51,161,161,160,1,1,39,1447.2,1414,779,725,177,547,55,1227,70,4,83,6250,1.355,8.8,1.1,3.4,7.6,2.24,92
201,2008,CIN,NL,74,88,0.457,74,88,0.457,4.55,162,162,160,2,1,34,1442,1542,800,729,201,557,40,1227,67,7,52,6352,1.456,9.6,1.3,3.5,7.7,2.2,97
202,2011,CHC,NL,71,91,0.438,71,91,0.438,4.34,162,162,158,4,1,40,1434.1,1439,756,692,162,580,45,1224,53,5,51,6262,1.408,9,1,3.6,7.7,2.11,90
203,2016,COL,NL,75,87,0.463,75,87,0.463,4.92,162,162,160,2,2,37,1429.2,1532,860,781,181,547,38,1223,70,5,72,6289,1.454,9.6,1.1,3.4,7.7,2.24,99
204,2016,SDP,NL,68,94,0.42,68,94,0.42,4.44,162,162,161,1,0,35,1440,1425,770,711,183,569,44,1222,53,3,67,6228,1.385,8.9,1.1,3.6,7.6,2.15,90
205,2011,NYY,AL,97,65,0.599,97,65,0.599,3.73,162,162,157,5,3,47,1458.1,1423,657,605,152,507,43,1222,58,3,67,6216,1.323,8.8,0.9,3.1,7.5,2.41,116
206,2015,LAA,AL,85,77,0.525,85,77,0.525,3.94,162,162,160,2,2,46,1440.2,1355,675,631,166,466,45,1221,71,4,61,6096,1.264,8.5,1,2.9,7.6,2.62,96
207,2014,STL,NL,90,72,0.556,90,72,0.556,3.5,162,162,154,8,5,55,1448.2,1321,603,564,123,470,35,1221,61,5,44,6069,1.236,8.2,0.8,2.9,7.6,2.6,104
208,2011,CHW,AL,79,83,0.488,79,83,0.488,4.1,162,162,156,6,4,42,1460,1463,706,665,147,439,50,1220,44,4,55,6188,1.303,9,0.9,2.7,7.5,2.78,106
209,2000,ARI,NL,85,77,0.525,85,77,0.525,4.36,162,162,146,16,4,38,1443.2,1441,754,700,190,500,53,1220,42,10,30,6158,1.344,9,1.2,3.1,7.6,2.44,110
210,2002,HOU,NL,84,78,0.519,84,78,0.519,4,162,162,160,2,2,43,1445,1423,695,643,151,546,78,1219,55,3,38,6205,1.363,8.9,0.9,3.4,7.6,2.23,108
211,2015,BOS,AL,78,84,0.481,78,84,0.481,4.34,162,162,159,3,1,40,1448.1,1486,753,698,178,478,17,1218,62,10,79,6225,1.356,9.2,1.1,3,7.6,2.55,100
212,2013,ARI,NL,81,81,0.5,81,81,0.5,3.92,162,162,156,6,2,38,1495,1460,695,651,176,485,42,1218,60,3,84,6338,1.301,8.8,1.1,2.9,7.3,2.51,99
213,2012,STL,NL,88,74,0.543,88,74,0.543,3.71,162,162,158,4,2,42,1462.2,1420,648,603,134,436,28,1218,50,4,46,6158,1.269,8.7,0.8,2.7,7.5,2.79,103
214,2011,FLA,NL,72,90,0.444,72,90,0.444,3.95,162,162,155,7,4,40,1459.2,1403,702,641,149,500,72,1218,37,10,43,6200,1.304,8.7,0.9,3.1,7.5,2.44,99
215,2001,CLE,AL,91,71,0.562,91,71,0.562,4.65,162,162,159,3,0,42,1446.2,1512,821,747,148,573,44,1218,49,11,58,6312,1.441,9.4,0.9,3.6,7.6,2.13,97
216,2017,KCR,AL,80,82,0.494,80,82,0.494,4.63,162,162,161,1,1,39,1437.2,1480,791,740,196,519,24,1216,52,6,48,6218,1.39,9.3,1.2,3.2,7.6,2.34,97
217,2018,DET,AL,64,98,0.395,64,98,0.395,4.6,162,162,162,0,0,37,1425,1423,796,728,216,491,20,1215,60,4,54,6130,1.343,9,1.4,3.1,7.7,2.47,98
218,2015,ARI,NL,79,83,0.488,79,83,0.488,4.05,162,162,161,1,1,44,1467,1450,713,660,182,500,45,1215,48,3,51,6257,1.329,8.9,1.1,3.1,7.5,2.43,102
219,2014,BOS,AL,71,91,0.438,71,91,0.438,4.01,162,162,159,3,2,36,1465.2,1458,715,653,154,482,19,1213,47,5,51,6231,1.324,9,0.9,3,7.4,2.52,100
220,2011,BOS,AL,90,72,0.556,90,72,0.556,4.2,162,162,160,2,1,36,1457.1,1366,737,680,156,540,11,1213,90,7,58,6242,1.308,8.4,1,3.3,7.5,2.25,103
221,2000,CLE,AL,90,72,0.556,90,72,0.556,4.84,162,162,156,6,2,34,1442.1,1511,816,775,173,666,45,1213,42,3,50,6380,1.509,9.4,1.1,4.2,7.6,1.82,102
222,2001,LAD,NL,86,76,0.531,86,76,0.531,4.25,162,162,159,3,1,46,1450.2,1387,744,685,184,524,37,1212,72,11,44,6201,1.317,8.6,1.1,3.3,7.5,2.31,94
223,2014,SFG,NL,88,74,0.543,88,74,0.543,3.5,162,162,154,8,3,46,1449,1305,614,564,133,389,35,1211,57,6,49,5947,1.169,8.1,0.8,2.4,7.5,3.11,99
224,2007,CHC,NL,85,77,0.525,85,77,0.525,4.04,162,162,160,2,1,39,1446.2,1340,690,650,165,573,46,1211,59,3,42,6186,1.322,8.3,1,3.6,7.5,2.11,115
225,2010,HOU,NL,76,86,0.469,76,86,0.469,4.09,162,162,158,4,2,45,1439.1,1446,729,654,140,548,39,1210,40,9,57,6221,1.385,9,0.9,3.4,7.6,2.21,97
226,2013,NYM,NL,74,88,0.457,74,88,0.457,3.78,162,162,158,4,2,40,1476.2,1442,684,621,152,458,38,1209,54,3,47,6249,1.287,8.8,0.9,2.8,7.4,2.64,95
227,2013,KCR,AL,86,76,0.531,86,76,0.531,3.45,162,162,157,5,2,52,1448.1,1366,601,555,155,469,21,1208,41,4,60,6049,1.267,8.5,1,2.9,7.5,2.58,120
228,2013,TOR,AL,74,88,0.457,74,88,0.457,4.26,162,162,158,4,2,39,1452,1451,756,688,195,500,33,1208,65,7,54,6250,1.344,9,1.2,3.1,7.5,2.42,97
229,2010,BOS,AL,89,73,0.549,89,73,0.549,4.2,162,162,159,3,1,44,1456.2,1402,744,679,152,580,30,1207,53,3,58,6267,1.361,8.7,0.9,3.6,7.5,2.08,104
230,2012,SDP,NL,76,86,0.469,76,86,0.469,4.01,162,162,158,4,3,43,1435,1356,710,640,162,539,48,1205,48,8,49,6151,1.321,8.5,1,3.4,7.6,2.24,90
231,2008,LAD,NL,84,78,0.519,84,78,0.519,3.68,162,162,157,5,4,35,1447.1,1381,648,592,123,480,58,1205,48,4,47,6127,1.286,8.6,0.8,3,7.5,2.51,114
232,2018,BAL,AL,47,115,0.29,47,115,0.29,5.19,162,162,160,2,0,28,1431,1552,892,825,234,589,29,1203,67,8,81,6340,1.496,9.8,1.5,3.7,7.6,2.04,83
233,2017,DET,AL,64,98,0.395,64,98,0.395,5.36,162,162,160,2,1,32,1420.1,1587,894,846,218,538,42,1202,61,4,53,6298,1.496,10.1,1.4,3.4,7.6,2.23,84
234,2017,MIA,NL,77,85,0.475,77,85,0.475,4.82,162,162,161,1,1,34,1442.2,1450,822,772,193,627,59,1202,75,3,57,6318,1.44,9,1.2,3.9,7.5,1.92,83
235,2017,OAK,AL,75,87,0.463,75,87,0.463,4.67,162,162,161,1,1,35,1431,1444,826,743,210,502,17,1202,61,3,84,6167,1.36,9.1,1.3,3.2,7.6,2.39,90
236,2013,LAA,AL,78,84,0.481,78,84,0.481,4.24,162,162,158,4,2,41,1457.2,1475,737,687,167,533,36,1200,45,4,74,6298,1.378,9.1,1,3.3,7.4,2.25,89
237,2012,ARI,NL,81,81,0.5,81,81,0.5,3.94,162,162,158,4,2,39,1433.2,1432,688,628,155,417,18,1200,51,10,52,6063,1.29,9,1,2.6,7.5,2.88,104
238,2014,TOR,AL,83,79,0.512,83,79,0.512,4,162,162,159,3,2,45,1443,1400,686,642,151,490,23,1199,57,5,43,6150,1.31,8.7,0.9,3.1,7.5,2.45,95
239,2013,PHI,NL,73,89,0.451,73,89,0.451,4.34,162,162,156,6,2,32,1436.1,1465,749,692,152,506,33,1199,62,6,48,6213,1.372,9.2,1,3.2,7.5,2.37,87
240,2007,TBD,AL,66,96,0.407,66,96,0.407,5.53,162,162,160,2,1,28,1429.2,1649,944,879,199,568,31,1194,63,2,55,6403,1.551,10.4,1.3,3.6,7.5,2.1,82
241,2017,CHW,AL,67,95,0.414,67,95,0.414,4.78,162,162,162,0,0,25,1421.2,1384,820,755,242,632,36,1193,68,5,67,6200,1.418,8.8,1.5,4,7.6,1.89,90
242,2012,PIT,NL,79,83,0.488,79,83,0.488,3.91,162,162,160,2,1,45,1433.1,1357,674,623,153,490,30,1192,45,3,45,6097,1.289,8.5,1,3.1,7.5,2.43,97
243,2016,MIN,AL,59,103,0.364,59,103,0.364,5.09,162,162,158,4,1,26,1443,1617,889,816,221,479,26,1191,41,7,83,6314,1.453,10.1,1.4,3,7.4,2.49,83
244,2011,HOU,NL,56,106,0.346,56,106,0.346,4.51,162,162,160,2,0,25,1435,1477,796,719,188,560,59,1191,53,9,39,6268,1.42,9.3,1.2,3.5,7.5,2.13,84
245,2001,NYM,NL,82,80,0.506,82,80,0.506,4.08,162,162,156,6,3,48,1446,1418,713,655,186,438,60,1191,43,7,53,6107,1.284,8.8,1.2,2.7,7.4,2.72,102
246,2014,MIA,NL,77,85,0.475,77,85,0.475,3.79,162,162,159,3,3,42,1457.2,1481,674,614,114,458,35,1190,49,4,56,6217,1.33,9.1,0.7,2.8,7.3,2.6,98
247,2010,TBR,AL,96,66,0.593,96,66,0.593,3.78,162,162,156,6,3,51,1453.2,1347,649,611,175,478,34,1189,46,9,60,6103,1.255,8.3,1.1,3,7.4,2.49,103
248,2016,OAK,AL,69,93,0.426,69,93,0.426,4.51,162,162,160,2,1,42,1433.2,1459,761,719,185,464,28,1188,50,3,70,6144,1.341,9.2,1.2,2.9,7.5,2.56,91
249,2009,SDP,NL,75,87,0.463,75,87,0.463,4.37,162,162,160,2,1,45,1450.2,1422,769,705,167,603,58,1187,45,8,52,6273,1.396,8.8,1,3.7,7.4,1.97,87
250,2008,BOS,AL,95,67,0.586,95,67,0.586,4.01,162,162,157,5,2,47,1446.1,1369,694,645,147,548,17,1185,68,2,43,6180,1.325,8.5,0.9,3.4,7.4,2.16,116
251,2013,CHC,NL,66,96,0.407,66,96,0.407,4,162,162,159,3,1,39,1448,1332,689,643,160,540,43,1184,62,4,59,6149,1.293,8.3,1,3.4,7.4,2.19,97
252,2010,TOR,AL,85,77,0.525,85,77,0.525,4.23,162,162,157,5,2,45,1440.2,1407,728,677,150,539,35,1184,60,3,69,6165,1.351,8.8,0.9,3.4,7.4,2.2,100
253,2008,TOR,AL,86,76,0.531,86,76,0.531,3.49,162,162,147,15,5,44,1446.1,1330,610,561,134,467,42,1184,67,4,51,6067,1.242,8.3,0.8,2.9,7.4,2.54,122
254,2007,LAD,NL,82,80,0.506,82,80,0.506,4.2,162,162,158,4,0,43,1450,1443,727,677,146,518,34,1184,38,5,44,6196,1.352,9,0.9,3.2,7.3,2.29,106
255,2013,OAK,AL,96,66,0.593,96,66,0.593,3.56,162,162,156,6,4,46,1452,1339,625,574,163,428,23,1183,35,1,56,6069,1.217,8.3,1,2.7,7.3,2.76,109
256,2010,PHI,NL,97,65,0.599,97,65,0.599,3.68,162,162,148,14,6,40,1456.2,1402,640,596,168,416,42,1183,57,5,26,6095,1.248,8.7,1,2.6,7.3,2.84,111
257,2010,TEX,AL,90,72,0.556,90,72,0.556,3.93,162,162,155,7,0,46,1455.1,1355,687,636,162,551,24,1181,63,4,56,6213,1.31,8.4,1,3.4,7.3,2.14,114
258,2009,TOR,AL,75,87,0.463,75,87,0.463,4.46,162,162,152,10,4,25,1451.1,1509,771,720,181,551,26,1181,58,4,43,6281,1.419,9.4,1.1,3.4,7.3,2.14,100
259,2008,NYM,NL,89,73,0.549,89,73,0.549,4.07,162,162,157,5,2,43,1464.1,1415,715,663,163,590,53,1181,70,4,55,6338,1.369,8.7,1,3.6,7.3,2,104
260,2015,OAK,AL,68,94,0.42,68,94,0.42,4.16,162,162,157,5,3,28,1445,1402,729,668,172,474,19,1179,47,4,62,6128,1.298,8.7,1.1,3,7.3,2.49,94
261,2011,TEX,AL,96,66,0.593,96,66,0.593,3.79,162,162,152,10,7,38,1441.1,1327,677,607,170,461,21,1179,46,6,43,6021,1.241,8.3,1.1,2.9,7.4,2.56,117
262,2013,MIA,NL,62,100,0.383,62,100,0.383,3.71,162,162,160,2,1,36,1460.1,1376,646,602,121,526,58,1177,47,2,53,6166,1.302,8.5,0.7,3.2,7.3,2.24,104
263,2012,BAL,AL,93,69,0.574,93,69,0.574,3.9,162,162,161,1,1,55,1483,1433,705,642,184,481,36,1177,53,6,34,6278,1.291,8.7,1.1,2.9,7.1,2.45,109
264,2012,KCR,AL,72,90,0.444,72,90,0.444,4.3,162,162,160,2,1,44,1451.1,1504,746,693,163,542,44,1177,60,8,49,6251,1.41,9.3,1,3.4,7.3,2.17,98
265,2012,BOS,AL,69,93,0.426,69,93,0.426,4.72,162,162,156,6,2,35,1443,1449,806,757,190,529,33,1176,66,11,42,6209,1.371,9,1.2,3.3,7.3,2.22,90
266,2016,MIL,NL,73,89,0.451,73,89,0.451,4.1,162,162,162,0,0,46,1434.2,1450,733,653,178,532,33,1175,66,2,48,6188,1.382,9.1,1.1,3.3,7.4,2.21,105
267,2014,BAL,AL,96,66,0.593,96,66,0.593,3.44,162,162,159,3,2,53,1461.1,1342,593,558,151,472,25,1174,59,2,42,6104,1.241,8.3,0.9,2.9,7.2,2.49,115
268,2007,MIL,NL,83,79,0.512,83,79,0.512,4.44,162,162,159,3,0,49,1444.1,1513,776,713,161,507,37,1174,52,2,57,6285,1.399,9.4,1,3.2,7.3,2.32,100
269,2005,MIL,NL,81,81,0.5,81,81,0.5,3.98,162,162,155,7,2,46,1438,1382,697,636,169,569,52,1173,45,8,66,6208,1.357,8.6,1.1,3.6,7.3,2.06,108
270,2013,SDP,NL,76,86,0.469,76,86,0.469,3.98,162,162,159,3,1,40,1455,1407,700,643,156,525,31,1171,40,2,51,6179,1.328,8.7,1,3.2,7.2,2.23,86
271,2012,HOU,NL,55,107,0.34,55,107,0.34,4.57,162,162,159,3,2,31,1423.1,1493,794,722,173,540,40,1170,48,6,75,6238,1.428,9.4,1.1,3.4,7.4,2.17,89
272,2013,BAL,AL,85,77,0.525,85,77,0.525,4.2,162,162,160,2,1,57,1453,1438,709,678,202,473,32,1169,50,3,38,6144,1.315,8.9,1.3,2.9,7.2,2.47,98
273,2011,TOR,AL,81,81,0.5,81,81,0.5,4.33,162,162,155,7,3,33,1458.2,1433,761,701,179,540,28,1169,77,3,73,6286,1.353,8.8,1.1,3.3,7.2,2.16,99
274,2014,KCR,AL,89,73,0.549,89,73,0.549,3.51,162,162,159,3,2,53,1450.2,1386,624,565,128,440,14,1168,56,6,58,6101,1.259,8.6,0.8,2.7,7.2,2.65,113
275,2010,FLA,NL,80,82,0.494,80,82,0.494,4.09,162,162,157,5,2,39,1438.2,1433,717,654,134,549,42,1168,51,4,49,6217,1.378,9,0.8,3.4,7.3,2.13,102
276,2017,MIN,AL,85,77,0.525,85,77,0.525,4.6,162,162,156,6,3,42,1436,1487,788,734,224,483,37,1166,69,8,52,6205,1.372,9.3,1.4,3,7.3,2.41,97
277,2012,SEA,AL,75,87,0.463,75,87,0.463,3.76,162,162,154,8,6,43,1456.2,1359,651,609,166,449,39,1166,49,5,61,6062,1.241,8.4,1,2.8,7.2,2.6,102
278,2015,SFG,NL,84,78,0.519,84,78,0.519,3.73,162,162,155,7,4,41,1444.1,1344,627,599,155,431,28,1165,50,4,40,6009,1.229,8.4,1,2.7,7.3,2.7,103
279,2006,LAA,AL,89,73,0.549,89,73,0.549,4.04,162,162,157,5,3,50,1452.2,1410,732,652,158,471,27,1164,50,3,85,6149,1.295,8.7,1,2.9,7.2,2.47,112
280,2006,MIN,AL,96,66,0.593,96,66,0.593,3.95,162,162,161,1,0,40,1439.1,1490,683,632,182,356,25,1164,36,3,40,6066,1.283,9.3,1.1,2.2,7.3,3.27,114
281,2005,HOU,NL,89,73,0.549,89,73,0.549,3.52,163,163,157,6,2,45,1443,1336,609,564,155,440,29,1164,59,8,38,6023,1.231,8.3,1,2.7,7.3,2.65,121
282,2004,ANA,AL,92,70,0.568,92,70,0.568,4.28,162,162,160,2,2,50,1454.1,1476,734,692,170,502,27,1164,44,7,61,6246,1.36,9.1,1.1,3.1,7.2,2.32,104
283,2000,NYM,NL,94,68,0.58,94,68,0.58,4.16,162,162,154,8,2,49,1450.1,1398,738,671,164,574,42,1164,60,7,34,6276,1.36,8.7,1,3.6,7.2,2.03,107
284,2006,NYM,NL,97,65,0.599,97,65,0.599,4.16,162,162,157,5,3,43,1461.1,1402,731,675,180,527,39,1161,62,5,37,6240,1.32,8.6,1.1,3.2,7.2,2.2,106
285,2015,KCR,AL,95,67,0.586,95,67,0.586,3.74,162,162,160,2,1,56,1451.2,1372,641,603,155,489,10,1160,52,2,62,6112,1.282,8.5,1,3,7.2,2.37,112
286,2011,OAK,AL,74,88,0.457,74,88,0.457,3.71,162,162,156,6,1,39,1447.2,1380,679,597,136,519,24,1160,41,3,53,6159,1.312,8.6,0.8,3.2,7.2,2.24,109
287,2006,HOU,NL,82,80,0.506,82,80,0.506,4.09,162,162,157,5,2,42,1468.2,1425,719,668,182,480,65,1160,54,2,44,6219,1.297,8.7,1.1,2.9,7.1,2.42,109
288,2005,PHI,NL,88,74,0.543,88,74,0.543,4.21,162,162,158,4,0,40,1435,1379,726,672,189,487,51,1159,72,9,36,6119,1.3,8.6,1.2,3.1,7.3,2.38,105
289,2009,ARI,NL,70,92,0.432,70,92,0.432,4.44,162,162,158,4,1,36,1447.2,1470,782,714,168,525,27,1158,53,2,79,6267,1.378,9.1,1,3.3,7.2,2.21,101
290,2018,KCR,AL,58,104,0.358,58,104,0.358,4.95,162,162,160,2,0,33,1432,1542,833,787,205,549,28,1157,51,4,68,6284,1.46,9.7,1.3,3.5,7.3,2.11,88
291,2012,LAA,AL,89,73,0.549,89,73,0.549,4.02,162,162,156,6,5,38,1433.1,1339,699,640,186,483,20,1157,40,2,38,6034,1.271,8.4,1.2,3,7.3,2.4,95
292,2002,BOS,AL,93,69,0.574,93,69,0.574,3.75,162,162,157,5,3,51,1445.2,1339,665,603,146,430,29,1157,84,6,31,6049,1.224,8.3,0.9,2.7,7.2,2.69,122
293,2007,LAA,AL,94,68,0.58,94,68,0.58,4.23,162,162,157,5,3,43,1434.2,1480,731,674,151,477,22,1156,51,5,69,6161,1.364,9.3,0.9,3,7.3,2.42,107
294,2016,TEX,AL,95,67,0.586,95,67,0.586,4.38,162,162,161,1,0,56,1443,1441,757,703,201,534,16,1154,53,5,45,6186,1.369,9,1.3,3.3,7.2,2.16,104
295,2010,NYY,AL,95,67,0.586,95,67,0.586,4.06,162,162,159,3,0,39,1442.1,1349,693,651,179,540,37,1154,62,6,69,6102,1.31,8.4,1.1,3.4,7.2,2.14,107
296,2009,COL,NL,92,70,0.568,92,70,0.568,4.24,162,162,157,5,2,45,1438.2,1427,715,677,141,528,51,1154,46,5,48,6171,1.359,8.9,0.9,3.3,7.2,2.19,112
297,2000,LAD,NL,86,76,0.531,86,76,0.531,4.1,162,162,153,9,3,36,1445,1379,729,659,176,600,22,1154,75,6,60,6249,1.37,8.6,1.1,3.7,7.2,1.92,106
298,2015,PHI,NL,63,99,0.389,63,99,0.389,4.69,162,162,161,1,1,35,1436.1,1592,809,749,191,488,37,1153,61,7,60,6332,1.448,10,1.2,3.1,7.2,2.36,82
299,2009,KCR,AL,65,97,0.401,65,97,0.401,4.83,162,162,152,10,5,34,1425.2,1486,842,765,166,600,28,1153,51,6,89,6265,1.463,9.4,1,3.8,7.3,1.92,92
300,2009,PHI,NL,93,69,0.574,93,69,0.574,4.16,162,162,154,8,5,44,1455.2,1479,709,673,189,489,31,1153,75,2,28,6263,1.352,9.1,1.2,3,7.1,2.36,101
301,2004,ARI,NL,51,111,0.315,51,111,0.315,4.98,162,162,157,5,2,33,1436,1480,899,795,197,668,79,1153,75,8,71,6418,1.496,9.3,1.2,4.2,7.2,1.73,92
302,2015,MIA,NL,71,91,0.438,71,91,0.438,4.04,162,162,162,0,0,35,1427,1374,678,640,141,508,25,1152,52,3,53,6050,1.319,8.7,0.9,3.2,7.3,2.27,95
303,2014,CHW,AL,73,89,0.451,73,89,0.451,4.3,162,162,159,3,0,36,1441,1468,758,688,140,557,42,1152,69,3,75,6255,1.405,9.2,0.9,3.5,7.2,2.07,88
304,2010,CHW,AL,88,74,0.543,88,74,0.543,4.09,162,162,156,6,2,43,1446.1,1471,704,658,136,490,41,1149,34,9,59,6180,1.356,9.2,0.8,3,7.1,2.34,105
305,2007,BOS,AL,96,66,0.593,96,66,0.593,3.87,162,162,157,5,3,45,1438.2,1350,657,618,151,482,20,1149,62,0,33,6071,1.273,8.4,0.9,3,7.2,2.38,123
306,2015,ATL,NL,67,95,0.414,67,95,0.414,4.41,162,162,159,3,2,44,1425.1,1462,760,699,170,550,45,1148,53,9,53,6156,1.412,9.2,1.1,3.5,7.2,2.09,88
307,2008,CHW,AL,89,74,0.546,89,74,0.546,4.11,163,163,159,4,0,34,1457.2,1471,729,665,156,460,42,1147,48,3,54,6218,1.325,9.1,1,2.8,7.1,2.49,112
308,2006,MIL,NL,75,87,0.463,75,87,0.463,4.83,162,162,155,7,5,43,1425.2,1454,833,765,177,514,34,1145,74,2,57,6210,1.38,9.2,1.1,3.2,7.2,2.23,95
309,2012,COL,NL,64,98,0.395,64,98,0.395,5.21,162,162,162,0,0,36,1422.1,1637,890,824,198,566,61,1144,47,6,94,6384,1.549,10.4,1.3,3.6,7.2,2.02,89
310,2009,HOU,NL,74,88,0.457,74,88,0.457,4.54,162,162,157,5,1,39,1430,1521,770,722,176,546,56,1144,50,4,43,6237,1.445,9.6,1.1,3.4,7.2,2.1,91
311,2011,TBR,AL,91,71,0.562,91,71,0.562,3.58,162,162,147,15,5,32,1449,1263,614,577,161,504,38,1143,46,3,45,6010,1.219,7.8,1,3.1,7.1,2.27,105
312,2008,TBR,AL,97,65,0.599,97,65,0.599,3.82,162,162,155,7,5,52,1457.2,1349,671,618,166,526,29,1143,46,3,52,6145,1.286,8.3,1,3.2,7.1,2.17,116
313,2000,CHC,NL,65,97,0.401,65,97,0.401,5.26,162,162,152,10,1,39,1455,1505,904,850,231,658,45,1143,62,4,45,6451,1.487,9.3,1.4,4.1,7.1,1.74,87
314,2012,TOR,AL,73,89,0.451,73,89,0.451,4.64,162,162,157,5,4,29,1443.2,1439,784,745,204,574,20,1142,55,7,56,6216,1.394,9,1.3,3.6,7.1,1.99,91
315,2007,FLA,NL,71,91,0.438,71,91,0.438,4.96,162,162,162,0,0,40,1443.2,1617,891,795,176,661,60,1142,76,9,67,6544,1.578,10.1,1.1,4.1,7.1,1.73,88
316,2008,NYY,AL,89,73,0.549,89,73,0.549,4.28,162,162,161,1,0,42,1441.2,1478,727,686,143,489,37,1141,51,5,55,6175,1.364,9.2,0.9,3.1,7.1,2.33,103
317,2003,BOS,AL,95,67,0.586,95,67,0.586,4.49,162,162,157,5,0,36,1464.2,1503,809,731,153,488,41,1141,76,0,44,6355,1.359,9.2,0.9,3,7,2.34,104
318,2011,SDP,NL,71,91,0.438,71,91,0.438,3.43,162,162,162,0,0,44,1449.2,1324,611,552,125,521,56,1139,37,6,45,6065,1.273,8.2,0.8,3.2,7.1,2.19,104
319,2003,HOU,NL,87,75,0.537,87,75,0.537,3.87,162,162,161,1,0,50,1450,1350,677,623,161,565,53,1139,74,4,40,6176,1.321,8.4,1,3.5,7.1,2.02,114
320,2006,PHI,NL,85,77,0.525,85,77,0.525,4.61,162,162,158,4,2,42,1460,1561,812,748,211,512,63,1138,62,4,58,6366,1.42,9.6,1.3,3.2,7,2.22,102
321,2014,HOU,AL,70,92,0.432,70,92,0.432,4.14,162,162,155,7,2,31,1439,1437,723,662,139,484,32,1137,52,7,57,6154,1.335,9,0.9,3,7.1,2.35,94
322,2016,LAA,AL,74,88,0.457,74,88,0.457,4.28,162,162,158,4,3,29,1421.1,1480,727,676,208,498,27,1136,56,10,47,6120,1.392,9.4,1.3,3.2,7.2,2.28,94
323,2012,OAK,AL,94,68,0.58,94,68,0.58,3.5,162,162,161,1,0,47,1470,1360,614,571,147,462,34,1136,46,5,40,6131,1.239,8.3,0.9,2.8,7,2.46,112
324,2007,SDP,NL,89,74,0.546,89,74,0.546,3.72,163,163,162,1,0,45,1484.2,1406,666,614,119,474,48,1136,48,6,42,6254,1.266,8.5,0.7,2.9,6.9,2.4,108
325,2002,NYY,AL,103,58,0.64,103,58,0.64,3.89,161,161,152,9,5,53,1452,1441,697,627,144,403,44,1135,48,2,59,6159,1.27,8.9,0.9,2.5,7,2.82,114
326,2007,NYM,NL,88,74,0.543,88,74,0.543,4.27,162,162,160,2,2,39,1452.1,1415,750,689,165,570,40,1134,61,3,36,6293,1.367,8.8,1,3.5,7,1.99,101
327,2005,SDP,NL,82,80,0.506,82,80,0.506,4.13,162,162,158,4,3,45,1455.2,1452,726,668,146,503,45,1133,46,3,36,6253,1.343,9,0.9,3.1,7,2.25,94
328,2001,ATL,NL,88,74,0.543,88,74,0.543,3.59,162,162,157,5,5,41,1447.1,1363,643,578,153,499,77,1133,33,8,41,6089,1.287,8.5,1,3.1,7,2.27,124
329,2004,BOS,AL,98,64,0.605,98,64,0.605,4.19,162,162,158,4,1,36,1451.2,1430,768,676,159,447,28,1132,92,1,39,6222,1.293,8.9,1,2.8,7,2.53,116
330,2003,FLA,NL,91,71,0.562,91,71,0.562,4.04,162,162,155,7,2,36,1445.1,1415,692,649,128,530,40,1132,40,11,51,6165,1.346,8.8,0.8,3.3,7,2.14,105
331,2002,LAD,NL,92,70,0.568,92,70,0.568,3.69,162,162,158,4,2,56,1457.2,1311,643,598,165,555,45,1132,46,3,33,6139,1.28,8.1,1,3.4,7,2.04,103
332,2010,CIN,NL,91,71,0.562,91,71,0.562,4.02,162,162,158,4,2,43,1453.1,1404,685,649,158,524,32,1130,50,6,48,6182,1.327,8.7,1,3.2,7,2.16,102
333,2010,LAA,AL,80,82,0.494,80,82,0.494,4.04,162,162,152,10,3,39,1449.1,1422,702,651,148,565,33,1130,46,6,80,6252,1.371,8.8,0.9,3.5,7,2,99
334,2012,CHC,NL,61,101,0.377,61,101,0.377,4.51,162,162,161,1,0,28,1413.2,1399,759,708,175,573,36,1128,65,5,44,6140,1.395,8.9,1.1,3.6,7.2,1.97,91
335,2008,FLA,NL,84,77,0.522,84,77,0.522,4.44,161,161,159,2,1,36,1435.1,1421,767,708,161,586,66,1127,58,4,59,6271,1.398,8.9,1,3.7,7.1,1.92,98
336,2011,NYM,NL,77,85,0.475,77,85,0.475,4.19,162,162,156,6,2,43,1448.1,1482,742,674,147,514,48,1126,70,7,46,6316,1.378,9.2,0.9,3.2,7,2.19,88
337,2005,LAA,AL,95,67,0.586,95,67,0.586,3.68,162,162,155,7,3,54,1464.1,1419,643,598,158,443,24,1126,48,1,70,6158,1.272,8.7,1,2.7,6.9,2.54,116
338,2013,MIL,NL,74,88,0.457,74,88,0.457,3.84,162,162,158,4,2,40,1442.2,1401,687,615,175,466,29,1125,43,2,51,6100,1.294,8.7,1.1,2.9,7,2.41,101
339,2009,TBR,AL,84,78,0.519,84,78,0.519,4.36,162,162,159,3,3,41,1427.1,1421,754,691,183,515,22,1125,46,5,46,6146,1.356,9,1.2,3.2,7.1,2.18,100
340,2005,FLA,NL,83,79,0.512,83,79,0.512,4.19,162,162,148,14,8,42,1442.1,1459,732,671,116,563,57,1125,65,3,45,6236,1.402,9.1,0.7,3.5,7,2,96
341,2009,OAK,AL,75,87,0.463,75,87,0.463,4.29,162,162,160,2,2,38,1447,1486,761,690,156,523,30,1124,36,2,43,6243,1.388,9.2,1,3.3,7,2.15,103
342,2004,MIN,AL,92,70,0.568,92,70,0.568,4.04,162,162,158,4,4,48,1476,1523,715,663,167,431,27,1123,54,1,45,6269,1.324,9.3,1,2.6,6.8,2.61,117
343,2000,PHI,NL,65,97,0.401,65,97,0.401,4.79,162,162,154,8,3,34,1438.1,1458,830,766,201,640,32,1123,42,3,54,6314,1.459,9.1,1.3,4,7,1.75,98
344,2018,TEX,AL,67,95,0.414,67,95,0.414,4.92,162,162,161,1,0,42,1431,1516,848,783,222,491,23,1121,72,8,57,6231,1.403,9.5,1.4,3.1,7.1,2.28,97
345,2000,BOS,AL,85,77,0.525,85,77,0.525,4.24,162,162,155,7,4,46,1452.2,1433,745,684,173,498,40,1121,58,2,33,6225,1.329,8.9,1.1,3.1,6.9,2.25,120
346,2009,CHW,AL,79,83,0.488,79,83,0.488,4.16,162,162,158,4,1,36,1439.2,1438,732,665,169,507,41,1119,41,5,55,6155,1.351,9,1.1,3.2,7,2.21,113
347,2003,NYY,AL,101,61,0.623,101,61,0.623,4.03,163,163,155,8,3,49,1462,1512,716,655,145,375,36,1119,49,0,33,6209,1.291,9.3,0.9,2.3,6.9,2.98,110
348,2001,FLA,NL,76,86,0.469,76,86,0.469,4.32,162,162,157,5,3,32,1438,1397,744,691,151,617,53,1119,70,3,40,6227,1.401,8.7,0.9,3.9,7,1.81,98
349,2011,COL,NL,73,89,0.451,73,89,0.451,4.44,162,162,157,5,2,41,1447.2,1471,774,714,176,522,47,1118,48,7,65,6215,1.377,9.1,1.1,3.2,7,2.14,103
350,2015,TOR,AL,93,69,0.574,93,69,0.574,3.81,162,162,155,7,2,34,1441,1353,670,610,173,397,20,1117,59,4,62,5984,1.214,8.5,1.1,2.5,7,2.81,108
351,2001,OAK,AL,102,60,0.63,102,60,0.63,3.59,162,162,149,13,6,44,1463.1,1384,645,583,153,440,49,1117,46,3,42,6115,1.246,8.5,0.9,2.7,6.9,2.54,122
352,2004,FLA,NL,83,79,0.512,83,79,0.512,4.1,162,162,156,6,3,53,1439.1,1395,700,655,166,513,61,1116,51,3,35,6110,1.326,8.7,1,3.2,7,2.18,101
353,2011,DET,AL,95,67,0.586,95,67,0.586,4.04,162,162,158,4,2,52,1440,1406,711,647,149,492,34,1115,52,5,69,6108,1.318,8.8,0.9,3.1,7,2.27,103
354,2006,ARI,NL,76,86,0.469,76,86,0.469,4.49,162,162,154,8,4,34,1459.2,1503,788,728,168,536,44,1115,61,4,53,6341,1.397,9.3,1,3.3,6.9,2.08,106
355,2004,CLE,AL,80,82,0.494,80,82,0.494,4.82,162,162,154,8,3,32,1466.2,1553,857,785,201,579,47,1115,62,6,43,6450,1.454,9.5,1.2,3.6,6.8,1.93,91
356,2012,MIA,NL,69,93,0.426,69,93,0.426,4.1,162,162,157,5,3,38,1440.2,1448,724,657,133,495,61,1113,55,4,36,6186,1.349,9,0.8,3.1,7,2.25,100
357,2015,COL,NL,68,94,0.42,68,94,0.42,5.04,162,162,158,4,1,36,1426,1579,844,799,183,579,42,1112,48,6,66,6308,1.513,10,1.2,3.7,7,1.92,92
358,2011,CIN,NL,79,83,0.488,79,83,0.488,4.16,162,162,158,4,2,39,1467.2,1414,720,678,185,539,47,1112,59,13,51,6259,1.331,8.7,1.1,3.3,6.8,2.06,95
359,2014,TEX,AL,67,95,0.414,67,95,0.414,4.49,162,162,156,6,4,33,1426,1510,773,712,160,505,43,1110,61,7,61,6195,1.413,9.5,1,3.2,7,2.2,89
360,2008,MIL,NL,90,72,0.556,90,72,0.556,3.87,162,162,150,12,6,45,1455.1,1415,689,626,175,528,32,1110,42,5,53,6209,1.335,8.8,1.1,3.3,6.9,2.1,109
361,2007,HOU,NL,73,89,0.451,73,89,0.451,4.7,162,162,160,2,1,38,1464.2,1566,813,765,206,510,62,1109,63,3,40,6417,1.417,9.6,1.3,3.1,6.8,2.17,95
362,2002,SDP,NL,66,96,0.407,66,96,0.407,4.65,162,162,157,5,2,40,1436.1,1522,815,742,177,582,61,1108,66,4,51,6333,1.465,9.5,1.1,3.6,6.9,1.9,81
363,2017,TEX,AL,78,84,0.481,78,84,0.481,4.7,162,162,160,2,1,29,1434.1,1443,816,749,214,559,22,1107,74,7,63,6211,1.396,9.1,1.3,3.5,6.9,1.98,103
364,2002,NYM,NL,75,86,0.466,75,86,0.466,3.91,161,161,152,9,6,36,1442.2,1408,703,626,163,543,75,1107,55,7,22,6212,1.352,8.8,1,3.4,6.9,2.04,103
365,2010,NYM,NL,79,83,0.488,79,83,0.488,3.73,162,162,154,8,4,36,1453,1438,652,602,135,545,55,1106,52,5,48,6245,1.365,8.9,0.8,3.4,6.9,2.03,105
366,2008,LAA,AL,100,62,0.617,100,62,0.617,4,162,162,155,7,1,66,1451.1,1455,697,645,160,457,32,1106,63,2,50,6161,1.317,9,1,2.8,6.9,2.42,112
367,2007,ATL,NL,84,78,0.519,84,78,0.519,4.11,162,162,161,1,1,36,1456.1,1442,733,665,172,537,89,1106,42,5,48,6263,1.359,8.9,1.1,3.3,6.8,2.06,107
368,2009,MIL,NL,80,82,0.494,80,82,0.494,4.84,162,162,161,1,0,44,1435,1498,818,772,207,607,60,1104,65,1,61,6352,1.467,9.4,1.3,3.8,6.9,1.82,85
369,2002,FLA,NL,79,83,0.488,79,83,0.488,4.36,162,162,151,11,6,36,1456.2,1449,763,706,151,631,46,1104,58,7,55,6340,1.428,9,0.9,3.9,6.8,1.75,92
370,2001,MON,NL,68,94,0.42,68,94,0.42,4.69,162,162,157,5,3,28,1431.2,1509,812,746,190,525,40,1103,61,4,55,6250,1.421,9.5,1.2,3.3,6.9,2.1,95
371,2009,DET,AL,86,77,0.528,86,77,0.528,4.34,163,163,159,4,1,42,1447,1449,745,698,182,594,42,1102,41,6,48,6240,1.412,9,1.1,3.7,6.9,1.86,104
372,2015,DET,AL,74,87,0.46,74,87,0.46,4.64,161,161,154,7,4,35,1447,1491,803,746,193,489,32,1100,46,8,60,6188,1.368,9.3,1.2,3,6.8,2.25,86
373,2008,SDP,NL,63,99,0.389,63,99,0.389,4.41,162,162,159,3,0,30,1458.1,1466,764,714,165,561,61,1100,38,4,43,6286,1.39,9,1,3.5,6.8,1.96,87
374,2000,STL,NL,95,67,0.586,95,67,0.586,4.4,162,162,152,10,4,37,1433.2,1403,771,701,196,606,28,1100,62,9,49,6200,1.401,8.8,1.2,3.8,6.9,1.82,107
375,2011,STL,NL,90,72,0.556,90,72,0.556,3.79,162,162,155,7,5,47,1462,1461,692,615,136,448,44,1098,46,3,48,6211,1.306,9,0.8,2.8,6.8,2.45,99
376,2004,MIL,NL,67,94,0.416,67,94,0.416,4.26,161,161,155,6,1,42,1442,1440,757,683,164,476,27,1098,51,5,59,6204,1.329,9,1,3,6.9,2.31,103
377,2006,SDP,NL,88,74,0.543,88,74,0.543,3.88,162,162,158,4,2,50,1463.2,1385,679,631,176,468,63,1097,50,4,34,6175,1.266,8.5,1.1,2.9,6.7,2.34,105
378,2015,TEX,AL,88,74,0.543,88,74,0.543,4.25,162,162,157,5,3,45,1442.2,1459,733,682,171,508,29,1095,63,5,51,6215,1.363,9.1,1.1,3.2,6.8,2.16,100
379,2008,HOU,NL,86,75,0.534,86,75,0.534,4.39,161,161,157,4,3,48,1425.1,1453,743,695,197,492,53,1095,50,9,22,6125,1.365,9.2,1.2,3.1,6.9,2.23,96
380,2010,STL,NL,86,76,0.531,86,76,0.531,3.57,162,162,155,7,3,32,1453.2,1412,641,577,133,477,32,1094,48,4,42,6137,1.299,8.7,0.8,3,6.8,2.29,109
381,2007,MIN,AL,79,83,0.488,79,83,0.488,4.18,162,162,157,5,3,38,1436.2,1505,725,667,185,420,33,1094,51,5,46,6133,1.34,9.4,1.2,2.6,6.9,2.6,103
382,2000,ATL,NL,95,67,0.586,95,67,0.586,4.06,162,162,149,13,6,53,1440.1,1428,714,649,165,484,52,1093,37,6,23,6165,1.327,8.9,1,3,6.8,2.26,114
383,2003,SDP,NL,64,98,0.395,64,98,0.395,4.87,162,162,160,2,0,31,1431.2,1458,831,775,208,611,52,1091,62,3,64,6303,1.445,9.2,1.3,3.8,6.9,1.79,82
384,2004,BAL,AL,78,84,0.481,78,84,0.481,4.71,162,162,154,8,4,27,1455.2,1488,830,761,159,687,43,1090,62,9,68,6459,1.494,9.2,1,4.2,6.7,1.59,97
385,2011,SEA,AL,67,95,0.414,67,95,0.414,3.91,162,162,150,12,3,39,1433,1369,675,623,145,436,27,1088,51,6,68,6014,1.26,8.6,0.9,2.7,6.8,2.5,97
386,2007,ARI,NL,90,72,0.556,90,72,0.556,4.13,162,162,155,7,4,51,1441,1446,732,662,169,546,38,1088,61,9,48,6216,1.382,9,1.1,3.4,6.8,1.99,115
387,2006,FLA,NL,78,84,0.481,78,84,0.481,4.37,162,162,156,6,2,41,1433.1,1465,772,696,166,622,58,1088,74,4,47,6294,1.456,9.2,1,3.9,6.8,1.75,99
388,2002,MON,NL,83,79,0.512,83,79,0.512,3.98,162,162,153,9,1,39,1453,1475,718,642,165,508,80,1088,46,5,51,6246,1.365,9.1,1,3.1,6.7,2.14,107
389,2001,SDP,NL,79,83,0.488,79,83,0.488,4.52,162,162,157,5,1,46,1440.2,1519,812,724,219,476,54,1088,56,5,46,6278,1.385,9.5,1.4,3,6.8,2.29,88
390,2007,BAL,AL,69,93,0.426,69,93,0.426,5.19,162,162,158,4,1,30,1438.2,1491,868,829,161,696,37,1087,72,8,55,6418,1.52,9.3,1,4.4,6.8,1.56,89
391,2012,CLE,AL,68,94,0.42,68,94,0.42,4.79,162,162,160,2,1,43,1442,1503,845,767,174,543,27,1086,55,6,67,6283,1.419,9.4,1.1,3.4,6.8,2,82
392,2001,PHI,NL,86,76,0.531,86,76,0.531,4.16,162,162,154,8,3,47,1445.1,1417,719,668,170,527,60,1086,70,6,40,6198,1.345,8.8,1.1,3.3,6.8,2.06,102
393,2008,KCR,AL,75,87,0.463,75,87,0.463,4.5,162,162,160,2,0,44,1445.2,1473,781,723,159,515,15,1085,41,5,68,6214,1.375,9.2,1,3.2,6.8,2.11,96
394,2013,HOU,AL,51,111,0.315,51,111,0.315,4.79,162,162,160,2,1,32,1440,1530,848,767,191,616,32,1084,56,6,61,6370,1.49,9.6,1.2,3.9,6.8,1.76,85
395,2001,STL,NL,93,69,0.574,93,69,0.574,3.96,162,162,154,8,4,38,1435.1,1389,684,631,196,526,36,1083,72,6,45,6121,1.334,8.7,1.2,3.3,6.8,2.06,110
396,2008,PHI,NL,92,70,0.568,92,70,0.568,3.89,162,162,158,4,3,47,1449.2,1444,680,627,160,533,64,1081,57,3,34,6229,1.364,9,1,3.3,6.7,2.03,112
397,2011,KCR,AL,71,91,0.438,71,91,0.438,4.45,162,162,160,2,0,37,1451.1,1487,762,717,163,557,42,1080,58,7,69,6280,1.408,9.2,1,3.5,6.7,1.94,92
398,2001,SFG,NL,90,72,0.556,90,72,0.556,4.19,162,162,159,3,1,47,1463.1,1437,748,682,145,579,49,1080,33,3,50,6294,1.378,8.8,0.9,3.6,6.6,1.87,95
399,2004,PIT,NL,72,89,0.447,72,89,0.447,4.31,161,161,158,3,2,46,1428,1451,744,684,149,576,64,1079,63,3,45,6197,1.419,9.1,0.9,3.6,6.8,1.87,100
400,2004,SDP,NL,87,75,0.537,87,75,0.537,4.03,162,162,159,3,2,44,1441,1460,705,645,184,422,39,1079,48,2,27,6135,1.306,9.1,1.1,2.6,6.7,2.56,97
401,2008,ATL,NL,72,90,0.444,72,90,0.444,4.47,162,162,160,2,1,26,1440.2,1439,778,715,156,586,80,1076,42,5,42,6244,1.406,9,1,3.7,6.7,1.84,94
402,2006,TOR,AL,87,75,0.537,87,75,0.537,4.37,162,162,156,6,1,42,1428.1,1447,754,694,185,504,56,1076,59,13,53,6151,1.366,9.1,1.2,3.2,6.8,2.13,105
403,2000,SFG,NL,97,65,0.599,97,65,0.599,4.21,162,162,153,9,4,47,1444.1,1452,747,676,151,623,26,1076,41,4,43,6270,1.437,9,0.9,3.9,6.7,1.73,102
404,2005,OAK,AL,88,74,0.543,88,74,0.543,3.7,162,162,153,9,2,38,1450.2,1315,658,596,154,504,42,1075,60,3,41,6080,1.254,8.2,1,3.1,6.7,2.13,118
405,2002,PHI,NL,80,81,0.497,80,81,0.497,4.17,161,161,156,5,3,47,1449.2,1381,724,671,153,570,54,1075,70,5,68,6222,1.346,8.6,0.9,3.5,6.7,1.89,93
406,2014,COL,NL,66,96,0.407,66,96,0.407,4.86,162,162,161,1,1,24,1431,1528,818,772,173,531,32,1074,54,8,72,6248,1.439,9.6,1.1,3.3,6.8,2.02,88
407,2000,SDP,NL,76,86,0.469,76,86,0.469,4.52,162,162,157,5,0,46,1459.2,1443,815,733,191,649,50,1071,68,7,66,6414,1.433,8.9,1.2,4,6.6,1.65,95
408,2010,ARI,NL,65,97,0.401,65,97,0.401,4.81,162,162,159,3,1,35,1432,1503,836,765,210,548,38,1070,58,4,82,6260,1.432,9.4,1.3,3.4,6.7,1.95,89
409,2010,OAK,AL,81,81,0.5,81,81,0.5,3.58,162,162,155,7,3,38,1431.2,1315,626,570,153,512,29,1070,38,8,42,6011,1.276,8.3,1,3.2,6.7,2.09,115
410,2006,BOS,AL,86,76,0.531,86,76,0.531,4.83,162,162,159,3,1,46,1441.2,1570,825,773,181,509,25,1070,68,3,52,6292,1.442,9.8,1.1,3.2,6.7,2.1,99
411,2004,PHI,NL,86,76,0.531,86,76,0.531,4.47,162,162,158,4,4,43,1462.2,1488,781,726,214,502,60,1070,66,3,40,6308,1.361,9.2,1.3,3.1,6.6,2.13,101
412,2000,PIT,NL,69,93,0.426,69,93,0.426,4.94,162,162,157,5,2,27,1449,1554,888,796,163,711,61,1070,60,6,67,6514,1.563,9.7,1,4.4,6.6,1.5,94
413,2009,CIN,NL,78,84,0.481,78,84,0.481,4.18,162,162,156,6,4,41,1458,1420,723,677,188,577,36,1069,65,1,45,6253,1.37,8.8,1.2,3.6,6.6,1.85,101
414,2010,WSN,NL,69,93,0.426,69,93,0.426,4.13,162,162,160,2,1,37,1435,1469,742,659,151,512,57,1068,46,7,33,6214,1.38,9.2,0.9,3.2,6.7,2.09,98
415,2007,CIN,NL,72,90,0.444,72,90,0.444,4.95,162,162,156,6,2,34,1449.2,1605,853,798,198,482,47,1068,73,5,54,6354,1.44,10,1.2,3,6.6,2.22,94
416,2006,LAD,NL,88,74,0.543,88,74,0.543,4.23,162,162,161,1,0,40,1460.1,1524,751,686,152,492,40,1068,41,8,54,6289,1.381,9.4,0.9,3,6.6,2.17,107
417,2007,TOR,AL,83,79,0.512,83,79,0.512,4,162,162,151,11,2,44,1448.2,1383,699,644,157,479,34,1067,55,3,42,6108,1.285,8.6,1,3,6.6,2.23,112
418,2006,SEA,AL,78,84,0.481,78,84,0.481,4.6,162,162,156,6,2,47,1446.2,1500,792,739,183,560,50,1067,53,6,47,6294,1.424,9.3,1.1,3.5,6.6,1.91,97
419,2004,LAD,NL,93,69,0.574,93,69,0.574,4.01,162,162,160,2,2,51,1453.1,1386,684,647,178,521,47,1066,54,2,43,6155,1.312,8.6,1.1,3.2,6.6,2.05,103
420,2013,COL,NL,74,88,0.457,74,88,0.457,4.44,162,162,161,1,0,35,1436,1545,760,708,136,517,52,1064,40,15,62,6248,1.436,9.7,0.9,3.2,6.7,2.06,101
421,2000,HOU,NL,72,90,0.444,72,90,0.444,5.42,162,162,154,8,1,30,1437.2,1596,944,865,234,598,25,1064,60,3,55,6455,1.526,10,1.5,3.7,6.7,1.78,92
422,2008,WSN,NL,59,102,0.366,59,102,0.366,4.66,161,161,159,2,0,28,1434,1496,825,743,190,588,44,1063,51,8,59,6310,1.453,9.4,1.2,3.7,6.7,1.81,93
423,2002,SEA,AL,93,69,0.574,93,69,0.574,4.07,162,162,154,8,3,43,1445.1,1422,699,654,178,441,34,1063,49,3,42,6117,1.289,8.9,1.1,2.7,6.6,2.41,105
424,2009,LAA,AL,97,65,0.599,97,65,0.599,4.45,162,162,153,9,6,51,1445,1513,761,715,180,523,35,1062,58,2,67,6252,1.409,9.4,1.1,3.3,6.6,2.03,99
425,2008,OAK,AL,75,86,0.466,75,86,0.466,4.01,161,161,157,4,1,33,1435.1,1364,690,640,135,576,45,1061,54,4,30,6112,1.352,8.6,0.8,3.6,6.7,1.84,103
426,2006,PIT,NL,67,95,0.414,67,95,0.414,4.55,162,162,160,2,1,39,1435,1545,797,725,156,620,62,1060,70,6,61,6354,1.509,9.7,1,3.9,6.6,1.71,98
427,2003,PHI,NL,86,76,0.531,86,76,0.531,4.06,162,162,153,9,7,33,1443.2,1386,697,651,142,536,51,1060,77,4,53,6195,1.331,8.6,0.9,3.3,6.6,1.98,99
428,2011,ARI,NL,94,68,0.58,94,68,0.58,3.8,162,162,157,5,1,58,1443.1,1414,662,609,159,442,16,1058,53,7,39,6102,1.286,8.8,1,2.8,6.6,2.39,104
429,2011,LAA,AL,86,76,0.531,86,76,0.531,3.57,162,162,150,12,6,39,1465,1388,633,581,142,476,34,1058,36,4,55,6124,1.272,8.5,0.9,2.9,6.5,2.22,106
430,2004,NYY,AL,101,61,0.623,101,61,0.623,4.69,162,162,161,1,0,59,1443.2,1532,808,752,182,445,32,1058,60,4,57,6240,1.369,9.6,1.1,2.8,6.6,2.38,96
431,2002,ATL,NL,101,59,0.631,101,59,0.631,3.13,161,161,158,3,2,57,1467.1,1302,565,511,123,554,63,1058,42,4,40,6131,1.265,8,0.8,3.4,6.5,1.91,133
432,2002,CLE,AL,74,88,0.457,74,88,0.457,4.91,162,162,153,9,2,34,1424.1,1508,837,777,142,603,38,1058,57,8,52,6271,1.482,9.5,0.9,3.8,6.7,1.75,90
433,2001,COL,NL,73,89,0.451,73,89,0.451,5.29,162,162,154,8,4,26,1430,1522,906,841,239,598,71,1058,64,1,38,6306,1.483,9.6,1.5,3.8,6.7,1.77,101
434,2007,SFG,NL,71,91,0.438,71,91,0.438,4.2,162,162,157,5,0,37,1453.2,1442,720,678,133,593,41,1057,47,4,49,6299,1.4,8.9,0.8,3.7,6.5,1.78,107
435,2001,MIL,NL,68,94,0.42,68,94,0.42,4.65,162,162,159,3,2,28,1436.2,1452,806,742,197,667,107,1057,72,3,58,6338,1.475,9.1,1.2,4.2,6.6,1.58,92
436,2010,DET,AL,81,81,0.5,81,81,0.5,4.3,162,162,156,6,1,32,1444.1,1445,743,690,142,537,29,1056,65,9,75,6198,1.372,9,0.9,3.3,6.6,1.97,98
437,2003,CHW,AL,86,76,0.531,86,76,0.531,4.17,162,162,150,12,0,36,1431,1364,715,663,162,518,30,1056,53,4,39,6067,1.315,8.6,1,3.3,6.6,2.04,111
438,2006,CIN,NL,80,82,0.494,80,82,0.494,4.53,162,162,153,9,3,36,1445.2,1576,801,728,213,464,55,1053,60,9,40,6319,1.411,9.8,1.3,2.9,6.6,2.27,104
439,2009,MIN,AL,87,76,0.534,87,76,0.534,4.5,163,163,159,4,1,48,1453,1542,765,726,185,466,20,1052,58,3,43,6274,1.382,9.6,1.1,2.9,6.5,2.26,98
440,2005,BAL,AL,74,88,0.457,74,88,0.457,4.56,162,162,160,2,0,38,1427.2,1458,800,724,180,580,32,1052,52,11,70,6242,1.428,9.2,1.1,3.7,6.6,1.81,95
441,2001,SEA,AL,116,46,0.716,116,46,0.716,3.54,162,162,154,8,4,56,1465,1293,627,576,160,465,28,1051,64,1,40,6096,1.2,7.9,1,2.9,6.5,2.26,117
442,2000,FLA,NL,79,82,0.491,79,82,0.491,4.59,161,161,156,5,3,48,1429.2,1477,797,729,169,650,56,1051,43,10,49,6307,1.488,9.3,1.1,4.1,6.6,1.62,96
443,2007,PHI,NL,89,73,0.549,89,73,0.549,4.76,162,162,157,5,2,42,1458.1,1555,821,772,198,558,62,1050,72,3,46,6385,1.449,9.6,1.2,3.4,6.5,1.88,97
444,2005,CLE,AL,93,69,0.574,93,69,0.574,3.6,162,162,156,6,0,51,1453,1363,642,582,157,413,20,1050,41,4,26,6048,1.222,8.4,1,2.6,6.5,2.54,117
445,2011,WSN,NL,80,81,0.497,80,81,0.497,3.58,161,161,158,3,2,49,1449.1,1403,643,577,129,477,43,1049,52,6,49,6141,1.297,8.7,0.8,3,6.5,2.2,107
446,2009,STL,NL,91,71,0.562,91,71,0.562,3.66,162,162,154,8,4,43,1440.2,1407,640,586,123,460,23,1049,53,5,43,6087,1.296,8.8,0.8,2.9,6.6,2.28,112
447,2006,ATL,NL,79,83,0.488,79,83,0.488,4.6,162,162,156,6,2,38,1441.1,1529,805,736,183,572,69,1049,55,2,39,6350,1.458,9.5,1.1,3.6,6.6,1.83,97
448,2010,MIN,AL,94,68,0.58,94,68,0.58,3.95,162,162,153,9,3,40,1453,1493,671,638,155,383,19,1048,47,4,41,6106,1.291,9.2,1,2.4,6.5,2.74,103
449,2007,CLE,AL,96,66,0.593,96,66,0.593,4.05,162,162,153,9,4,49,1462.2,1519,704,659,146,410,42,1047,56,2,42,6206,1.319,9.3,0.9,2.5,6.4,2.55,112
450,2007,DET,AL,88,74,0.543,88,74,0.543,4.58,162,162,161,1,1,44,1447.2,1498,797,737,174,566,41,1047,68,8,75,6345,1.426,9.3,1.1,3.5,6.5,1.85,100
451,2015,MIN,AL,83,79,0.512,83,79,0.512,4.07,162,162,160,2,0,45,1443,1506,700,653,163,413,34,1046,41,2,54,6139,1.33,9.4,1,2.6,6.5,2.53,100
452,2011,BAL,AL,69,93,0.426,69,93,0.426,4.92,162,162,159,3,1,32,1446.2,1568,860,791,210,535,42,1044,45,4,32,6332,1.454,9.8,1.3,3.3,6.5,1.95,86
453,2009,SEA,AL,85,77,0.525,85,77,0.525,3.87,162,162,158,4,2,49,1452.2,1359,692,625,172,534,13,1043,43,5,61,6159,1.303,8.4,1.1,3.3,6.5,1.95,110
454,2000,MIN,AL,69,93,0.426,69,93,0.426,5.16,162,162,156,6,2,35,1432.2,1634,880,821,212,516,12,1042,35,4,68,6336,1.501,10.3,1.3,3.2,6.5,2.02,101
455,2008,COL,NL,74,88,0.457,74,88,0.457,4.77,162,162,159,3,1,36,1446,1547,822,766,148,562,49,1041,53,7,61,6338,1.459,9.6,0.9,3.5,6.5,1.85,99
456,2004,STL,NL,105,57,0.648,105,57,0.648,3.75,162,162,158,4,2,57,1453.1,1378,659,605,169,440,24,1041,67,4,42,6104,1.251,8.5,1,2.7,6.4,2.37,113
457,2001,TOR,AL,80,82,0.494,80,82,0.494,4.28,162,162,155,7,5,41,1462.2,1553,753,696,165,490,60,1041,76,8,33,6305,1.397,9.6,1,3,6.4,2.12,107
458,2005,CHW,AL,99,63,0.611,99,63,0.611,3.61,162,162,153,9,4,54,1475.2,1392,645,592,167,459,42,1040,52,9,65,6176,1.254,8.5,1,2.8,6.3,2.27,125
459,2000,NYY,AL,87,74,0.54,87,74,0.54,4.76,161,161,152,9,2,40,1424.2,1458,814,753,177,577,23,1040,52,6,49,6256,1.428,9.2,1.1,3.6,6.6,1.8,102
460,2005,ARI,NL,77,85,0.475,77,85,0.475,4.87,162,162,156,6,1,45,1456.1,1580,856,788,193,537,43,1038,62,5,58,6402,1.454,9.8,1.2,3.3,6.4,1.93,91
461,2000,CHW,AL,95,67,0.586,95,67,0.586,4.67,162,162,157,5,2,43,1450.2,1509,839,752,195,614,27,1037,54,8,43,6337,1.463,9.4,1.2,3.8,6.4,1.69,108
462,2007,OAK,AL,76,86,0.469,76,86,0.469,4.3,162,162,158,4,1,36,1448.1,1468,758,692,138,530,60,1036,43,4,52,6247,1.38,9.1,0.9,3.3,6.4,1.95,99
463,2004,SEA,AL,63,99,0.389,63,99,0.389,4.76,162,162,155,7,2,28,1459.2,1498,823,772,212,575,32,1036,72,7,45,6389,1.42,9.2,1.3,3.5,6.4,1.8,95
464,2010,KCR,AL,67,95,0.414,67,95,0.414,4.97,162,162,155,7,1,44,1437,1553,845,794,176,551,28,1035,47,7,55,6333,1.464,9.7,1.1,3.5,6.5,1.88,85
465,2004,OAK,AL,91,71,0.562,91,71,0.562,4.17,162,162,152,10,3,35,1471.2,1466,742,682,164,544,49,1034,68,5,39,6313,1.366,9,1,3.3,6.3,1.9,109
466,2003,MIL,NL,68,94,0.42,68,94,0.42,5.03,162,162,157,5,1,44,1452,1590,873,811,219,575,43,1034,61,8,57,6459,1.491,9.9,1.4,3.6,6.4,1.8,86
467,2004,MON,NL,67,95,0.414,67,95,0.414,4.33,162,162,151,11,4,31,1447,1477,769,696,191,582,78,1032,79,2,43,6307,1.423,9.2,1.2,3.6,6.4,1.77,105
468,2014,MIN,AL,70,92,0.432,70,92,0.432,4.58,162,162,160,2,0,38,1435,1588,777,730,147,408,24,1031,45,6,50,6212,1.391,10,0.9,2.6,6.5,2.53,86
469,2011,PIT,NL,72,90,0.444,72,90,0.444,4.05,162,162,157,5,3,43,1449.2,1513,712,652,152,535,65,1031,62,6,60,6317,1.413,9.4,0.9,3.3,6.4,1.93,92
470,2009,NYM,NL,70,92,0.432,70,92,0.432,4.46,162,162,159,3,2,39,1426,1452,757,707,158,616,60,1031,55,10,41,6284,1.45,9.2,1,3.9,6.5,1.67,92
471,2002,TEX,AL,72,90,0.444,72,90,0.444,5.16,162,162,158,4,2,33,1439.2,1528,882,826,194,669,32,1030,76,11,84,6446,1.526,9.6,1.2,4.2,6.4,1.54,92
472,2001,TBD,AL,62,100,0.383,62,100,0.383,4.96,162,162,161,1,1,30,1423.2,1513,887,784,207,569,21,1030,75,7,75,6288,1.462,9.6,1.3,3.6,6.5,1.81,90
473,2003,MON,NL,83,79,0.512,83,79,0.512,4.01,162,162,147,15,2,42,1437.2,1467,716,641,181,463,51,1028,71,4,71,6171,1.342,9.2,1.1,2.9,6.4,2.22,113
474,2010,PIT,NL,57,105,0.352,57,105,0.352,5,162,162,161,1,1,31,1411.2,1567,866,785,167,538,40,1026,66,10,56,6300,1.491,10,1.1,3.4,6.5,1.91,81
475,2002,MIL,NL,56,106,0.346,56,106,0.346,4.76,162,162,155,7,3,32,1432.1,1468,821,757,199,666,82,1026,62,8,64,6339,1.49,9.2,1.3,4.2,6.4,1.54,86
476,2002,MIN,AL,94,67,0.584,94,67,0.584,4.12,161,161,153,8,5,47,1444.2,1454,712,662,184,439,24,1026,45,3,62,6133,1.31,9.1,1.1,2.7,6.4,2.34,109
477,2004,ATL,NL,96,66,0.593,96,66,0.593,3.75,162,162,158,4,1,48,1450,1475,668,604,154,523,50,1025,27,6,36,6218,1.378,9.2,1,3.2,6.4,1.96,115
478,2011,CLE,AL,80,82,0.494,80,82,0.494,4.24,162,162,160,2,0,38,1453.1,1482,760,685,153,463,34,1024,60,3,42,6235,1.338,9.2,0.9,2.9,6.3,2.21,93
479,2002,OAK,AL,103,59,0.636,103,59,0.636,3.69,162,162,153,9,5,48,1452,1391,654,595,135,474,45,1021,62,9,40,6158,1.284,8.6,0.8,2.9,6.3,2.15,118
480,2007,SEA,AL,88,74,0.543,88,74,0.543,4.77,162,162,156,6,4,43,1434.1,1578,813,760,147,546,39,1020,62,10,59,6313,1.481,9.9,0.9,3.4,6.4,1.87,92
481,2004,SFG,NL,91,71,0.562,91,71,0.562,4.34,162,162,154,8,5,46,1457,1481,770,703,161,548,35,1020,47,2,52,6321,1.393,9.1,1,3.4,6.3,1.86,101
482,2006,NYY,AL,97,65,0.599,97,65,0.599,4.43,162,162,157,5,1,43,1443.2,1463,767,710,170,496,41,1019,59,7,46,6215,1.357,9.1,1.1,3.1,6.4,2.05,103
483,2003,OAK,AL,96,66,0.593,96,66,0.593,3.63,162,162,146,16,5,48,1441.2,1336,643,582,140,499,42,1018,54,10,41,6078,1.273,8.3,0.9,3.1,6.4,2.04,123
484,2000,BAL,AL,74,88,0.457,74,88,0.457,5.37,162,162,148,14,2,33,1433.1,1547,913,855,202,665,32,1017,36,1,51,6433,1.543,9.7,1.3,4.2,6.4,1.53,88
485,2009,TEX,AL,87,75,0.537,87,75,0.537,4.38,162,162,154,8,3,45,1434.2,1432,740,699,171,531,14,1016,70,8,45,6172,1.368,9,1.1,3.3,6.4,1.91,106
486,2008,SEA,AL,61,101,0.377,61,101,0.377,4.73,162,162,158,4,0,36,1435.1,1544,811,754,161,626,37,1016,53,5,60,6368,1.512,9.7,1,3.9,6.4,1.62,90
487,2006,BAL,AL,70,92,0.432,70,92,0.432,5.35,162,162,157,5,1,35,1419,1579,899,844,216,613,26,1016,48,4,59,6327,1.545,10,1.4,3.9,6.4,1.66,85
488,2007,CHW,AL,72,90,0.444,72,90,0.444,4.77,162,162,153,9,4,42,1440.2,1556,839,764,174,499,50,1015,59,0,45,6293,1.426,9.7,1.1,3.1,6.3,2.03,99
489,2000,CIN,NL,85,77,0.525,85,77,0.525,4.33,163,163,155,8,1,42,1456.1,1446,765,700,190,659,53,1015,43,5,96,6362,1.445,8.9,1.2,4.1,6.3,1.54,110
490,2004,CHW,AL,83,79,0.512,83,79,0.512,4.91,162,162,154,8,2,34,1432.1,1505,831,782,224,527,36,1013,48,3,43,6189,1.419,9.5,1.4,3.3,6.4,1.92,96
491,2006,CHW,AL,90,72,0.556,90,72,0.556,4.61,162,162,157,5,2,46,1449,1534,794,743,200,433,59,1012,58,1,51,6232,1.357,9.5,1.2,2.7,6.3,2.34,103
492,2005,NYM,NL,83,79,0.512,83,79,0.512,3.77,162,162,154,8,3,38,1435.2,1390,648,602,135,491,43,1012,56,4,32,6121,1.31,8.7,0.8,3.1,6.3,2.06,109
493,2000,MON,NL,67,95,0.414,67,95,0.414,5.14,162,162,158,4,2,39,1424.2,1575,902,814,181,579,40,1011,60,7,55,6340,1.512,9.9,1.1,3.7,6.4,1.75,94
494,2007,NYY,AL,94,68,0.58,94,68,0.58,4.5,162,162,161,1,0,34,1450.2,1498,777,725,150,578,33,1009,60,6,59,6308,1.431,9.3,0.9,3.6,6.3,1.75,101
495,2003,TEX,AL,71,91,0.438,71,91,0.438,5.69,162,162,158,4,2,43,1433.1,1625,969,906,208,603,45,1009,63,8,51,6413,1.554,10.2,1.3,3.8,6.3,1.67,89
496,2002,STL,NL,97,65,0.599,97,65,0.599,3.7,162,162,158,4,2,42,1446.1,1355,648,595,141,547,39,1009,60,2,40,6135,1.315,8.4,0.9,3.4,6.3,1.84,109
497,2010,BAL,AL,66,96,0.407,66,96,0.407,4.59,162,162,159,3,0,35,1436.1,1508,785,733,186,520,45,1007,59,5,45,6262,1.412,9.4,1.2,3.3,6.3,1.94,91
498,2003,SFG,NL,100,61,0.621,100,61,0.621,3.73,161,161,154,7,4,43,1437.1,1349,638,595,136,546,34,1006,43,8,68,6090,1.318,8.4,0.9,3.4,6.3,1.84,113
499,2005,LAD,NL,71,91,0.438,71,91,0.438,4.38,162,162,156,6,4,40,1427.2,1434,755,695,182,471,34,1004,64,6,36,6113,1.334,9,1.1,3,6.3,2.13,94
500,2006,DET,AL,95,67,0.586,95,67,0.586,3.85,162,162,159,3,1,46,1448,1420,675,620,160,489,35,1003,53,2,44,6145,1.318,8.8,1,3,6.2,2.05,118
501,2006,OAK,AL,93,69,0.574,93,69,0.574,4.22,162,162,157,5,2,54,1451.2,1525,727,680,162,529,47,1003,55,4,43,6279,1.415,9.5,1,3.3,6.2,1.9,106
502,2003,SEA,AL,93,69,0.574,93,69,0.574,3.76,162,162,154,8,3,38,1441,1340,637,602,173,466,24,1001,54,4,35,6025,1.253,8.4,1.1,2.9,6.3,2.15,115
503,2000,COL,NL,82,80,0.506,82,80,0.506,5.29,162,162,155,7,1,33,1430,1568,897,840,221,588,72,1001,72,5,40,6340,1.508,9.9,1.4,3.7,6.3,1.7,110
504,2002,ANA,AL,99,63,0.611,99,63,0.611,3.69,162,162,155,7,2,54,1452.1,1345,644,595,169,509,24,999,49,7,52,6097,1.277,8.3,1,3.2,6.2,1.96,120
505,2000,SEA,AL,91,71,0.562,91,71,0.562,4.53,162,162,158,4,4,44,1441.2,1442,780,726,167,634,37,998,38,6,43,6269,1.44,9,1,4,6.2,1.57,101
506,2007,PIT,NL,68,94,0.42,68,94,0.42,4.94,162,162,158,4,2,32,1447.2,1627,846,795,174,518,55,997,76,3,45,6374,1.482,10.1,1.1,3.2,6.2,1.92,89
507,2005,WSN,NL,81,81,0.5,81,81,0.5,3.87,162,162,158,4,1,51,1457.2,1456,673,627,140,539,77,997,72,8,49,6286,1.369,9,0.9,3.3,6.2,1.85,106
508,2003,MIN,AL,90,72,0.556,90,72,0.556,4.41,162,162,155,7,3,45,1462,1526,758,716,187,402,35,997,50,9,62,6246,1.319,9.4,1.2,2.5,6.1,2.48,103
509,2008,MIN,AL,88,75,0.54,88,75,0.54,4.18,163,163,158,5,2,42,1459,1568,745,677,183,406,38,995,31,4,45,6221,1.353,9.7,1.1,2.5,6.1,2.45,101
510,2004,DET,AL,72,90,0.444,72,90,0.444,4.93,162,162,155,7,4,35,1439.2,1542,844,788,190,530,33,995,54,6,71,6296,1.439,9.6,1.2,3.3,6.2,1.88,91
511,2007,KCR,AL,69,93,0.426,69,93,0.426,4.5,162,162,160,2,0,36,1437.2,1547,778,719,168,520,54,993,41,4,56,6253,1.438,9.7,1.1,3.3,6.2,1.91,102
512,2006,SFG,NL,76,85,0.472,76,85,0.472,4.64,161,161,154,7,3,37,1429.2,1422,790,737,153,584,37,992,70,7,50,6225,1.403,9,1,3.7,6.2,1.7,97
513,2004,CIN,NL,76,86,0.469,76,86,0.469,5.21,162,162,157,5,2,47,1443.2,1595,907,836,236,572,55,992,54,3,74,6451,1.501,9.9,1.5,3.6,6.2,1.73,82
514,2003,ATL,NL,101,61,0.623,101,61,0.623,4.1,162,162,158,4,1,51,1456.1,1425,740,663,147,555,69,992,42,4,53,6247,1.36,8.8,0.9,3.4,6.1,1.79,105
515,2002,SFG,NL,95,66,0.59,95,66,0.59,3.55,162,162,152,10,5,43,1437.1,1349,616,567,116,523,44,992,36,2,36,6056,1.302,8.4,0.7,3.3,6.2,1.9,109
516,2008,DET,AL,74,88,0.457,74,88,0.457,4.91,162,162,161,1,0,34,1445,1541,857,788,172,644,63,991,68,7,65,6411,1.512,9.6,1.1,4,6.2,1.54,91
517,2002,TOR,AL,78,84,0.481,78,84,0.481,4.81,162,162,156,6,2,41,1438,1504,828,768,177,590,56,991,71,4,57,6338,1.456,9.4,1.1,3.7,6.2,1.68,96
518,2009,CLE,AL,65,97,0.401,65,97,0.401,5.07,162,162,157,5,2,25,1434,1570,865,808,183,598,31,986,45,7,49,6354,1.512,9.9,1.1,3.8,6.2,1.65,84
519,2008,CLE,AL,81,81,0.5,81,81,0.5,4.46,162,162,152,10,5,31,1437,1530,761,712,170,444,28,986,51,5,44,6164,1.374,9.6,1.1,2.8,6.2,2.22,95
520,2013,MIN,AL,66,96,0.407,66,96,0.407,4.55,162,162,161,1,1,40,1450.1,1591,788,734,168,458,31,985,44,4,50,6257,1.413,9.9,1,2.8,6.1,2.15,90
521,2005,NYY,AL,95,67,0.586,95,67,0.586,4.54,162,162,154,8,4,46,1430.2,1495,789,721,164,463,25,985,84,6,37,6182,1.369,9.4,1,2.9,6.2,2.13,94
522,2003,TOR,AL,86,76,0.531,86,76,0.531,4.69,162,162,148,14,4,35,1435,1560,826,748,184,485,46,984,57,2,56,6270,1.425,9.8,1.2,3,6.2,2.03,101
523,2005,COL,NL,67,95,0.414,67,95,0.414,5.14,162,162,158,4,1,37,1418.2,1600,862,810,175,604,54,981,84,6,65,6385,1.554,10.2,1.1,3.8,6.2,1.62,94
524,2003,BAL,AL,71,91,0.438,71,91,0.438,4.76,163,163,154,9,1,41,1449.2,1579,820,767,198,526,43,981,80,4,42,6366,1.452,9.8,1.2,3.3,6.1,1.87,95
525,2003,ANA,AL,77,85,0.475,77,85,0.475,4.28,162,162,157,5,2,39,1431.1,1444,743,681,190,486,38,980,76,3,53,6161,1.348,9.1,1.2,3.1,6.2,2.02,103
526,2002,CIN,NL,78,84,0.481,78,84,0.481,4.29,162,162,160,2,1,42,1453.2,1502,774,693,173,550,63,980,56,2,52,6296,1.412,9.3,1.1,3.4,6.1,1.78,100
527,2006,TBD,AL,61,101,0.377,61,101,0.377,4.97,162,162,159,3,2,33,1420.1,1600,856,784,180,606,39,979,63,8,70,6374,1.553,10.1,1.1,3.8,6.2,1.62,92
528,2004,TEX,AL,89,73,0.549,89,73,0.549,4.54,162,162,157,5,2,52,1439.2,1536,794,727,182,547,29,979,81,11,34,6345,1.447,9.6,1.1,3.4,6.1,1.79,111
529,2000,DET,AL,79,83,0.488,79,83,0.488,4.73,162,162,156,6,1,44,1443.1,1583,827,759,177,496,22,978,47,5,51,6295,1.44,9.9,1.1,3.1,6.1,1.97,99
530,2000,TOR,AL,83,79,0.512,83,79,0.512,5.17,162,162,147,15,3,37,1437.2,1615,908,826,195,560,19,978,64,3,37,6377,1.513,10.1,1.2,3.5,6.1,1.75,98
531,2004,NYM,NL,71,91,0.438,71,91,0.438,4.1,162,162,160,2,2,31,1449,1452,731,660,156,592,70,977,49,8,30,6333,1.411,9,1,3.7,6.1,1.65,105
532,2007,TEX,AL,75,87,0.463,75,87,0.463,4.76,162,162,162,0,0,42,1429.2,1525,844,756,155,668,38,976,70,4,66,6389,1.534,9.6,1,4.2,6.1,1.46,96
533,2005,STL,NL,100,62,0.617,100,62,0.617,3.49,162,162,147,15,7,48,1445.2,1399,634,560,153,443,27,974,60,5,41,6047,1.274,8.7,1,2.8,6.1,2.2,122
534,2010,SEA,AL,61,101,0.377,61,101,0.377,3.95,162,162,151,11,2,38,1438,1402,698,631,157,452,33,973,40,11,73,6091,1.289,8.8,1,2.8,6.1,2.15,100
535,2006,TEX,AL,80,82,0.494,80,82,0.494,4.61,162,162,159,3,1,42,1431.1,1558,784,733,162,496,18,972,66,4,34,6237,1.435,9.8,1,3.1,6.1,1.96,101
536,2005,SFG,NL,75,87,0.463,75,87,0.463,4.35,162,162,158,4,0,46,1444.1,1456,745,698,151,592,42,972,42,3,38,6280,1.418,9.1,0.9,3.7,6.1,1.64,99
537,2006,STL,NL,83,78,0.516,83,78,0.516,4.54,161,161,155,6,3,38,1429.2,1475,762,721,193,504,35,970,80,3,35,6196,1.384,9.3,1.2,3.2,6.1,1.92,98
538,2003,STL,NL,85,77,0.525,85,77,0.525,4.62,162,162,153,9,3,41,1463.2,1544,796,751,210,508,36,969,65,1,53,6375,1.402,9.5,1.3,3.1,6,1.91,90
539,2010,CLE,AL,69,93,0.426,69,93,0.426,4.3,162,162,152,10,2,34,1433,1477,752,684,147,572,36,967,66,3,54,6224,1.43,9.3,0.9,3.6,6.1,1.69,92
540,2007,COL,NL,90,73,0.552,90,73,0.552,4.32,163,163,159,4,1,39,1472,1497,758,706,164,504,61,967,59,8,35,6293,1.359,9.2,1,3.1,5.9,1.92,112
541,2002,BAL,AL,67,95,0.414,67,95,0.414,4.46,162,162,154,8,1,31,1450.2,1491,773,719,208,549,34,967,54,1,54,6258,1.406,9.3,1.3,3.4,6,1.76,97
542,2000,MIL,NL,73,89,0.451,73,89,0.451,4.63,163,163,161,2,1,29,1466.1,1501,826,755,174,728,87,967,65,6,60,6497,1.52,9.2,1.1,4.5,5.9,1.33,99
543,2005,MIN,AL,83,79,0.512,83,79,0.512,3.72,162,162,153,9,4,44,1464.2,1458,662,606,169,348,38,965,43,4,35,6072,1.233,9,1,2.1,5.9,2.77,120
544,2001,MIN,AL,85,77,0.525,85,77,0.525,4.51,162,162,150,12,5,45,1441.2,1494,766,723,192,445,16,965,56,2,58,6187,1.345,9.3,1.2,2.8,6,2.17,101
545,2008,PIT,NL,67,95,0.414,67,95,0.414,5.1,162,162,159,3,2,34,1455,1631,884,824,176,657,31,963,49,9,64,6528,1.573,10.1,1.1,4.1,6,1.47,82
546,2008,TEX,AL,79,83,0.488,79,83,0.488,5.37,162,162,156,6,2,36,1442,1647,967,860,176,625,44,963,72,9,62,6506,1.576,10.3,1.1,3.9,6,1.54,83
547,2000,OAK,AL,91,70,0.565,91,70,0.565,4.58,161,161,154,7,4,43,1435.1,1535,813,730,158,615,57,963,48,1,46,6355,1.498,9.6,1,3.9,6,1.57,103
548,2006,WSN,NL,71,91,0.438,71,91,0.438,5.03,162,162,161,1,1,32,1436.1,1535,872,803,193,584,93,960,92,10,47,6424,1.475,9.6,1.2,3.7,6,1.64,85
549,2005,BOS,AL,95,67,0.586,95,67,0.586,4.74,162,162,156,6,0,38,1429,1550,805,753,164,440,28,959,89,4,56,6227,1.393,9.8,1,2.8,6,2.18,96
550,2005,PIT,NL,67,95,0.414,67,95,0.414,4.44,162,162,158,4,3,35,1436,1456,769,708,162,612,65,958,65,4,53,6264,1.44,9.1,1,3.8,6,1.57,95
551,2005,TOR,AL,80,82,0.494,80,82,0.494,4.06,162,162,153,9,3,35,1447,1475,705,653,185,444,29,958,68,5,39,6166,1.326,9.2,1.2,2.8,6,2.16,110
552,2008,STL,NL,86,76,0.531,86,76,0.531,4.2,162,162,160,2,1,42,1454.1,1517,725,679,163,496,21,957,51,2,50,6264,1.384,9.4,1,3.1,5.9,1.93,101
553,2004,TOR,AL,67,94,0.416,67,94,0.416,4.93,161,161,155,6,4,37,1421,1505,823,778,181,608,47,956,58,11,60,6281,1.487,9.5,1.1,3.9,6.1,1.57,98
554,2005,CIN,NL,73,89,0.451,73,89,0.451,5.18,163,163,161,2,0,31,1433,1657,889,824,219,492,47,955,80,3,53,6397,1.5,10.4,1.4,3.1,6,1.94,83
555,2000,TBD,AL,69,92,0.429,69,92,0.429,4.86,161,161,151,10,3,38,1431.1,1553,842,773,198,533,33,955,66,3,57,6283,1.457,9.8,1.2,3.4,6,1.79,102
556,2006,COL,NL,76,86,0.469,76,86,0.469,4.66,162,162,157,5,4,34,1447.1,1549,812,749,155,553,81,952,66,2,43,6318,1.452,9.6,1,3.4,5.9,1.72,106
557,2001,TEX,AL,73,89,0.451,73,89,0.451,5.71,162,162,158,4,1,37,1438.1,1670,968,913,222,596,33,951,63,9,70,6469,1.575,10.4,1.4,3.7,6,1.6,82
558,2005,TBD,AL,67,95,0.414,67,95,0.414,5.4,162,162,161,1,0,43,1421.2,1570,936,853,194,615,41,949,64,5,53,6384,1.537,9.9,1.2,3.9,6,1.54,81
559,2006,CLE,AL,78,84,0.481,78,84,0.481,4.43,162,162,149,13,6,24,1423.1,1583,782,701,166,429,35,948,51,2,46,6190,1.414,10,1,2.7,6,2.21,101
560,2004,COL,NL,68,94,0.42,68,94,0.42,5.54,162,162,159,3,0,36,1435.1,1634,923,883,198,697,84,947,71,6,66,6535,1.624,10.2,1.2,4.4,5.9,1.36,89
561,2001,ANA,AL,75,87,0.463,75,87,0.463,4.2,162,162,156,6,0,43,1437.2,1452,730,671,168,525,47,947,64,2,46,6195,1.375,9.1,1.1,3.3,5.9,1.8,107
562,2007,STL,NL,78,84,0.481,78,84,0.481,4.67,162,162,160,2,0,34,1435.2,1514,829,745,168,509,25,945,73,6,39,6283,1.409,9.5,1.1,3.2,5.9,1.86,95
563,2002,CHW,AL,81,81,0.5,81,81,0.5,4.57,162,162,155,7,4,35,1423,1422,798,723,190,528,31,945,60,6,54,6131,1.37,9,1.2,3.3,6,1.79,99
564,2012,MIN,AL,66,96,0.407,66,96,0.407,4.77,162,162,159,3,1,35,1438.2,1536,832,762,198,465,43,943,57,2,60,6214,1.391,9.6,1.2,2.9,5.9,2.03,86
565,2003,CLE,AL,68,94,0.42,68,94,0.42,4.21,162,162,157,5,2,34,1459.2,1477,778,682,179,501,37,943,64,7,49,6254,1.355,9.1,1.1,3.1,5.8,1.88,105
566,2001,CIN,NL,66,96,0.407,66,96,0.407,4.78,162,162,160,2,1,35,1442.1,1572,850,766,198,515,46,943,48,4,53,6324,1.447,9.8,1.2,3.2,5.9,1.83,96
567,2011,MIN,AL,63,99,0.389,63,99,0.389,4.6,162,162,155,7,3,32,1421.2,1564,804,726,161,480,37,940,54,5,47,6210,1.438,9.9,1,3,6,1.96,89
568,2001,BAL,AL,63,98,0.391,63,98,0.391,4.7,162,162,152,10,2,31,1432.1,1504,829,748,194,528,28,938,74,5,37,6273,1.419,9.5,1.2,3.3,5.9,1.78,92
569,2009,BAL,AL,64,98,0.395,64,98,0.395,5.16,162,162,160,2,0,31,1429,1633,876,820,218,546,45,933,51,7,31,6359,1.525,10.3,1.4,3.4,5.9,1.71,89
570,2005,TEX,AL,79,83,0.488,79,83,0.488,4.97,162,162,160,2,1,46,1440.1,1589,858,795,159,522,31,932,60,4,44,6371,1.466,9.9,1,3.3,5.8,1.79,93
571,2003,CIN,NL,69,93,0.426,69,93,0.426,5.09,162,162,158,4,1,38,1446.2,1578,886,818,209,590,61,932,48,3,46,6423,1.499,9.8,1.3,3.7,5.8,1.58,81
572,2007,WSN,NL,73,89,0.451,73,89,0.451,4.58,162,162,162,0,0,46,1446.2,1502,783,736,187,580,44,931,42,4,52,6333,1.439,9.3,1.2,3.6,5.8,1.61,93
573,2005,ATL,NL,90,72,0.556,90,72,0.556,3.98,162,162,154,8,3,38,1443.2,1487,674,639,145,520,52,929,32,5,42,6186,1.39,9.3,0.9,3.2,5.8,1.79,107
574,2000,KCR,AL,77,85,0.475,77,85,0.475,5.48,162,162,152,10,3,29,1439.1,1585,930,877,239,693,35,927,42,5,77,6443,1.583,9.9,1.5,4.3,5.8,1.34,93
575,2003,PIT,NL,75,87,0.463,75,87,0.463,4.65,162,162,155,7,3,44,1444,1527,801,746,178,502,58,926,61,2,50,6293,1.405,9.5,1.1,3.1,5.8,1.84,95
576,2002,TBD,AL,55,106,0.342,55,106,0.342,5.29,161,161,149,12,1,25,1440.1,1567,918,847,215,620,24,925,94,10,62,6424,1.518,9.8,1.3,3.9,5.8,1.49,84
577,2005,KCR,AL,56,106,0.346,56,106,0.346,5.56,162,162,158,4,0,25,1413.2,1640,935,873,178,580,33,924,74,9,69,6370,1.57,10.4,1.1,3.7,5.9,1.59,80
578,2004,TBD,AL,70,91,0.435,70,91,0.435,4.82,161,161,158,3,0,35,1417,1459,842,759,192,580,35,923,93,7,55,6261,1.439,9.3,1.2,3.7,5.9,1.59,94
579,2008,BAL,AL,68,93,0.422,68,93,0.422,5.15,161,161,157,4,1,35,1422,1538,869,814,184,687,44,922,80,7,72,6414,1.565,9.7,1.2,4.3,5.8,1.34,87
580,2001,CHW,AL,83,79,0.512,83,79,0.512,4.55,162,162,154,8,3,51,1433.1,1465,795,725,181,500,38,921,88,5,57,6200,1.371,9.2,1.1,3.1,5.8,1.84,102
581,2002,COL,NL,73,89,0.451,73,89,0.451,5.21,162,162,161,1,0,43,1426.1,1554,898,826,225,582,49,920,64,6,42,6345,1.498,9.8,1.4,3.7,5.8,1.58,92
582,2002,PIT,NL,72,89,0.447,72,89,0.447,4.24,161,161,159,2,1,47,1412.2,1447,730,665,163,572,93,920,55,5,34,6131,1.429,9.2,1,3.6,5.9,1.61,101
583,2009,PIT,NL,62,99,0.385,62,99,0.385,4.59,161,161,156,5,2,28,1418.1,1491,768,724,152,563,37,919,47,3,52,6144,1.448,9.5,1,3.6,5.8,1.63,91
584,2000,TEX,AL,71,91,0.438,71,91,0.438,5.52,162,162,159,3,0,39,1429,1683,974,876,202,661,40,918,63,6,40,6559,1.64,10.6,1.3,4.2,5.8,1.39,91
585,2009,WSN,NL,59,103,0.364,59,103,0.364,5.02,162,162,156,6,1,33,1424.1,1533,874,794,173,629,59,911,48,5,74,6349,1.518,9.7,1.1,4,5.8,1.45,85
586,2001,KCR,AL,65,97,0.401,65,97,0.401,4.87,162,162,157,5,0,30,1439.2,1537,858,779,209,576,26,911,61,2,73,6289,1.468,9.6,1.3,3.6,5.7,1.58,99
587,2002,KCR,AL,62,100,0.383,62,100,0.383,5.22,162,162,150,12,4,30,1441,1587,891,835,212,572,48,909,52,6,68,6386,1.498,9.9,1.3,3.6,5.7,1.59,96
588,2001,PIT,NL,62,100,0.383,62,100,0.383,5.05,162,162,154,8,2,36,1416.1,1493,858,794,167,549,74,908,80,4,49,6222,1.442,9.5,1.1,3.5,5.8,1.65,90
589,2005,DET,AL,71,91,0.438,71,91,0.438,4.52,162,162,155,7,0,37,1435.2,1504,787,721,193,461,33,907,51,5,53,6139,1.369,9.4,1.2,2.9,5.7,1.97,94
590,2003,NYM,NL,66,95,0.41,66,95,0.41,4.5,161,161,158,3,3,38,1413.1,1497,754,706,168,576,71,907,45,7,45,6204,1.467,9.5,1.1,3.7,5.8,1.57,94
591,2006,KCR,AL,62,100,0.383,62,100,0.383,5.67,162,162,159,3,2,35,1426.2,1648,971,899,213,637,45,904,60,9,85,6434,1.602,10.4,1.3,4,5.7,1.42,83
592,2005,SEA,AL,69,93,0.426,69,93,0.426,4.49,162,162,156,6,2,39,1427.2,1483,751,712,179,496,32,892,57,4,36,6172,1.386,9.3,1.1,3.1,5.6,1.8,94
593,2004,KCR,AL,58,104,0.358,58,104,0.358,5.16,162,162,156,6,2,25,1420.1,1638,905,815,208,518,49,887,56,10,60,6320,1.518,10.4,1.3,3.3,5.6,1.71,93
594,2003,TBD,AL,63,99,0.389,63,99,0.389,4.93,162,162,155,7,3,30,1436.2,1454,852,787,196,639,37,877,95,9,65,6340,1.457,9.1,1.2,4,5.5,1.37,90
595,2003,COL,NL,74,88,0.457,74,88,0.457,5.24,162,162,159,3,0,34,1419.2,1629,892,826,200,552,51,866,84,8,48,6364,1.536,10.3,1.3,3.5,5.5,1.57,95
596,2003,KCR,AL,83,79,0.512,83,79,0.512,5.06,162,162,155,7,3,36,1438.2,1569,867,809,190,566,33,865,66,9,60,6366,1.484,9.8,1.2,3.5,5.4,1.53,97
597,2001,DET,AL,66,96,0.407,66,96,0.407,5.01,162,162,146,16,1,34,1429.1,1624,876,795,180,553,56,859,73,4,40,6361,1.523,10.2,1.1,3.5,5.4,1.55,86
598,2000,ANA,AL,82,80,0.506,82,80,0.506,5.02,162,162,157,5,2,46,1448,1534,869,807,228,662,44,846,36,10,47,6401,1.517,9.5,1.4,4.1,5.3,1.28,101
599,2002,DET,AL,55,106,0.342,55,106,0.342,4.94,161,161,150,11,4,33,1414.1,1593,864,776,163,463,34,794,62,8,59,6215,1.454,10.1,1,2.9,5.1,1.71,87
600,2003,DET,AL,43,119,0.265,43,119,0.265,5.32,162,162,159,3,0,27,1438.2,1616,928,850,195,557,35,764,56,5,52,6376,1.51,10.1,1.2,3.5,4.8,1.37,81
601,2020,CLE,AL,35,25,0.583,35,25,0.583,3.29,60,60,59,1,0,20,536,440,209,196,68,157,8,621,27,1,20,2176,1.114,7.4,1.1,2.6,10.4,3.96,141
602,2020,CIN,NL,31,29,0.517,31,29,0.517,3.89,60,60,57,3,2,9,504,401,243,218,67,213,6,615,29,5,23,2125,1.218,7.2,1.2,3.8,11,2.89,131
603,2020,MIL,NL,29,31,0.483,29,31,0.483,4.18,60,60,59,1,0,14,517.1,446,264,240,67,189,1,614,35,2,21,2186,1.227,7.8,1.2,3.3,10.7,3.25,111
604,2020,NYM,NL,26,34,0.433,26,34,0.433,5.01,60,60,60,0,0,11,513.1,511,308,286,81,219,7,574,29,0,24,2262,1.422,9,1.4,3.8,10.1,2.62,87
605,2020,SDP,NL,37,23,0.617,37,23,0.617,3.87,60,60,59,1,1,13,520.1,456,241,224,70,170,2,565,22,3,19,2160,1.203,7.9,1.2,2.9,9.8,3.32,108
606,2020,TBR,AL,40,20,0.667,40,20,0.667,3.56,60,60,60,0,0,23,527.2,475,229,209,70,168,4,552,29,1,30,2212,1.219,8.1,1.2,2.9,9.4,3.29,115
607,2020,BOS,AL,24,36,0.4,24,36,0.4,5.58,60,60,60,0,0,14,524,587,351,325,98,252,4,537,31,3,28,2389,1.601,10.1,1.7,4.3,9.2,2.13,85
608,2020,PIT,NL,19,41,0.317,19,41,0.317,4.68,60,60,59,1,0,6,513,451,298,267,80,249,3,536,37,2,28,2227,1.365,7.9,1.4,4.4,9.4,2.15,98
609,2020,MIN,AL,36,24,0.6,36,24,0.6,3.58,60,60,60,0,0,17,513.1,448,215,204,62,170,0,535,21,1,20,2130,1.204,7.9,1.1,3,9.4,3.15,120
610,2020,PHI,NL,28,32,0.467,28,32,0.467,5.2,60,60,57,3,2,11,497,550,311,287,80,185,12,532,28,3,14,2197,1.479,10,1.4,3.4,9.6,2.88,86
611,2020,NYY,AL,33,27,0.55,33,27,0.55,4.35,60,60,58,2,1,14,500.2,455,270,242,83,168,5,528,25,2,22,2133,1.244,8.2,1.5,3,9.5,3.14,99
612,2020,HOU,AL,29,31,0.483,29,31,0.483,4.31,60,60,60,0,0,16,524,472,275,251,70,217,7,526,29,4,25,2239,1.315,8.1,1.2,3.7,9,2.42,104
613,2020,ARI,NL,25,35,0.417,25,35,0.417,4.84,60,60,60,0,0,13,518.1,506,295,279,93,235,20,524,23,1,23,2279,1.43,8.8,1.6,4.1,9.1,2.23,97
614,2020,CHC,NL,34,26,0.567,34,26,0.567,3.99,60,60,58,2,2,16,518.1,451,240,230,74,182,7,523,17,4,22,2153,1.221,7.8,1.3,3.2,9.1,2.87,110
615,2020,CHW,AL,35,25,0.583,35,25,0.583,3.81,60,60,59,1,1,13,527,448,246,223,71,217,6,523,23,0,24,2235,1.262,7.7,1.2,3.7,8.9,2.41,117
616,2020,LAA,AL,26,34,0.433,26,34,0.433,5.09,60,60,59,1,0,12,525.1,492,321,297,82,199,8,523,21,1,25,2256,1.315,8.4,1.4,3.4,9,2.63,94
617,2020,TOR,AL,32,28,0.533,32,28,0.533,4.63,60,60,60,0,0,17,525,517,312,270,81,250,7,519,14,2,15,2309,1.461,8.9,1.4,4.3,8.9,2.08,95
618,2020,KCR,AL,26,34,0.433,26,34,0.433,4.3,60,60,59,1,1,19,517,500,272,247,76,211,7,517,29,3,28,2233,1.375,8.7,1.3,3.7,9,2.45,111
619,2020,LAD,NL,43,17,0.717,43,17,0.717,3.02,60,60,60,0,0,15,538.2,424,213,181,66,145,4,517,21,0,24,2172,1.056,7.1,1.1,2.4,8.6,3.57,143
620,2020,WSN,NL,26,34,0.433,26,34,0.433,5.09,60,60,58,2,0,12,503.2,548,301,285,94,216,22,508,22,4,23,2273,1.517,9.8,1.7,3.9,9.1,2.35,87
621,2020,ATL,NL,35,25,0.583,35,25,0.583,4.46,60,60,60,0,0,13,524.1,494,288,260,69,220,13,506,33,2,23,2276,1.362,8.5,1.2,3.8,8.7,2.3,109
622,2020,OAK,AL,36,24,0.6,36,24,0.6,3.77,60,60,59,1,1,17,515.1,471,232,216,69,165,6,506,15,1,16,2164,1.234,8.2,1.2,2.9,8.8,3.07,111
623,2020,TEX,AL,22,38,0.367,22,38,0.367,5.02,60,60,58,2,1,10,516.2,479,312,288,81,236,3,489,30,2,21,2273,1.384,8.3,1.4,4.1,8.5,2.07,92
624,2020,SFG,NL,29,31,0.483,29,31,0.483,4.64,60,60,59,1,0,13,517.2,474,297,267,69,210,2,488,34,5,20,2240,1.321,8.2,1.2,3.7,8.5,2.32,92
625,2020,BAL,AL,25,35,0.417,25,35,0.417,4.51,60,60,60,0,0,11,518.2,489,294,260,79,192,2,487,34,4,35,2246,1.313,8.5,1.4,3.3,8.5,2.54,105
626,2020,SEA,AL,27,33,0.45,27,33,0.45,5.03,60,60,59,1,0,15,516.2,482,303,289,79,230,7,469,37,1,23,2249,1.378,8.4,1.4,4,8.2,2.04,85
627,2020,STL,NL,30,28,0.517,30,28,0.517,3.92,58,58,56,2,0,13,473.1,376,229,206,69,204,8,464,26,1,21,1989,1.225,7.1,1.3,3.9,8.8,2.27,110
628,2020,MIA,NL,31,29,0.517,31,29,0.517,4.86,60,60,59,1,0,18,504,506,304,272,82,226,14,451,26,4,11,2214,1.452,9,1.5,4,8.1,2,96
629,2020,DET,AL,23,35,0.397,23,35,0.397,5.63,58,58,57,1,0,11,492.2,511,318,308,91,192,2,444,34,0,18,2174,1.427,9.3,1.7,3.5,8.1,2.31,82
630,2020,COL,NL,26,34,0.433,26,34,0.433,5.59,60,60,59,1,0,16,526.1,579,353,327,83,205,5,393,40,1,29,2335,1.49,9.9,1.4,3.5,6.7,1.92,94
