Year-Tm,Year,Tm,Lg,G,W,L,W-L%,#Bat,R/G-hit,PA-hit,AB-hit,R-hit,H-hit,2B-hit,3B-hit,HR-hit,RBI-hit,SB-hit,CS-hit,BB-hit,SO-hit,BA-hit,OBP-hit,SLG-hit,OPS-hit,TB-hit,GDP-hit,HBP-hit,SH-hit,SF-hit,IBB-hit,LOB-hit,OPS+-hit,ERA-pitch,CG-pitch,SHO-pitch,SV-pitch,IP-pitch,H-pitch,R-pitch,ER-pitch,HR-pitch,BB-pitch,IBB-pitch,SO-pitch,HBP-pitch,BK-pitch,WP-pitch,BF-pitch,WHIP-pitch,H9-pitch,HR9-pitch,BB9-pitch,SO9-pitch,SO/W-pitch,ERA+-pitch,Winner
2019MIN,2019,MIN,AL,162.0,101.0,61.0,0.623,39.0,5.8,6392.0,5732.0,939.0,1547.0,318.0,23.0,307.0,906.0,28.0,21.0,525.0,1334.0,0.27,0.33799999999999997,0.494,0.8320000000000001,2832.0,101.0,81.0,10.0,41.0,21.0,1115.0,119.0,4.18,1,0,50,1463.1,1456,754,680,198,452,10,1463,61,5,71,6246,1.304,9.0,1.2,2.8,9.0,3.24,108,False
2019NYY,2019,NYY,AL,162.0,103.0,59.0,0.636,39.0,5.82,6245.0,5583.0,943.0,1493.0,290.0,17.0,306.0,904.0,55.0,22.0,569.0,1437.0,0.267,0.33899999999999997,0.49,0.8290000000000001,2735.0,113.0,49.0,10.0,33.0,18.0,1039.0,117.0,4.31,1,1,50,1443.0,1374,739,691,248,507,12,1534,44,5,55,6133,1.304,8.6,1.5,3.2,9.6,3.03,106,False
2019HOU,2019,HOU,AL,162.0,107.0,55.0,0.66,36.0,5.68,6394.0,5613.0,920.0,1538.0,323.0,28.0,288.0,891.0,67.0,27.0,645.0,1166.0,0.27399999999999997,0.35200000000000004,0.495,0.848,2781.0,146.0,66.0,10.0,57.0,17.0,1168.0,120.0,3.66,2,1,47,1462.1,1205,640,595,230,448,0,1671,41,8,41,5995,1.13,7.4,1.4,2.8,10.3,3.73,127,False
2019LAD,2019,LAD,NL,162.0,106.0,56.0,0.654,46.0,5.47,6282.0,5493.0,886.0,1414.0,302.0,20.0,279.0,861.0,57.0,10.0,607.0,1356.0,0.257,0.33799999999999997,0.47200000000000003,0.81,2593.0,100.0,81.0,55.0,45.0,47.0,1124.0,112.0,3.39,3,1,44,1445.2,1201,613,545,185,392,24,1519,66,7,40,5913,1.102,7.5,1.2,2.4,9.5,3.88,123,False
2018NYY,2018,NYY,AL,162.0,100.0,62.0,0.617,43.0,5.25,6271.0,5515.0,851.0,1374.0,269.0,23.0,267.0,821.0,63.0,21.0,625.0,1421.0,0.249,0.32899999999999996,0.451,0.7809999999999999,2490.0,107.0,62.0,10.0,59.0,21.0,1100.0,112.0,3.78,2,2,49,1456.2,1311,669,611,177,494,9,1634,58,4,73,6141,1.239,8.1,1.1,3.1,10.1,3.31,112,False
2019OAK,2019,OAK,AL,162.0,97.0,65.0,0.599,39.0,5.22,6269.0,5561.0,845.0,1384.0,292.0,23.0,257.0,800.0,49.0,21.0,578.0,1338.0,0.249,0.327,0.44799999999999995,0.7759999999999999,2493.0,140.0,87.0,7.0,36.0,17.0,1081.0,109.0,3.97,1,1,45,1465.0,1342,680,646,201,477,19,1299,66,4,74,6153,1.242,8.2,1.2,2.9,8.0,2.72,107,False
2010TOR,2010,TOR,AL,162.0,85.0,77.0,0.525,35.0,4.66,6072.0,5495.0,755.0,1364.0,319.0,21.0,257.0,732.0,58.0,20.0,471.0,1164.0,0.248,0.312,0.45399999999999996,0.7659999999999999,2496.0,114.0,55.0,16.0,34.0,25.0,1017.0,105.0,4.23,5,2,45,1440.2,1407,728,677,150,539,35,1184,60,3,69,6165,1.351,8.8,0.9,3.4,7.4,2.2,100,False
2019CHC,2019,CHC,NL,162.0,84.0,78.0,0.519,52.0,5.02,6195.0,5461.0,814.0,1378.0,270.0,26.0,256.0,783.0,45.0,24.0,581.0,1460.0,0.252,0.331,0.452,0.7829999999999999,2468.0,127.0,83.0,30.0,39.0,33.0,1071.0,103.0,4.1,1,1,38,1442.1,1376,717,657,195,534,16,1444,80,1,60,6190,1.324,8.6,1.2,3.3,9.0,2.7,106,False
2016BAL,2016,BAL,AL,162.0,89.0,73.0,0.5489999999999999,40.0,4.59,6089.0,5524.0,744.0,1413.0,265.0,6.0,253.0,710.0,19.0,13.0,468.0,1324.0,0.256,0.317,0.44299999999999995,0.76,2449.0,119.0,44.0,17.0,36.0,19.0,1065.0,101.0,4.22,1,0,54,1432.0,1408,715,671,183,545,23,1248,51,3,59,6122,1.364,8.8,1.2,3.4,7.8,2.29,102,False
2019MIL,2019,MIL,NL,162.0,89.0,73.0,0.5489999999999999,50.0,4.75,6309.0,5542.0,769.0,1366.0,279.0,17.0,250.0,744.0,101.0,25.0,629.0,1563.0,0.24600000000000002,0.32899999999999996,0.43799999999999994,0.767,2429.0,120.0,72.0,20.0,38.0,42.0,1180.0,97.0,4.4,0,0,50,1459.2,1364,766,714,225,570,28,1497,60,3,41,6251,1.325,8.4,1.4,3.5,9.2,2.63,102,False
2019ATL,2019,ATL,NL,162.0,97.0,65.0,0.599,50.0,5.28,6302.0,5560.0,855.0,1432.0,277.0,29.0,249.0,824.0,89.0,28.0,619.0,1467.0,0.258,0.336,0.452,0.789,2514.0,104.0,60.0,25.0,35.0,39.0,1138.0,97.0,4.2,1,0,44,1450.2,1421,743,677,203,548,33,1393,69,3,70,6243,1.357,8.8,1.3,3.4,8.6,2.54,113,False
2019TOR,2019,TOR,AL,162.0,67.0,95.0,0.414,47.0,4.48,6091.0,5493.0,726.0,1299.0,270.0,21.0,247.0,697.0,51.0,20.0,509.0,1514.0,0.23600000000000002,0.305,0.428,0.733,2352.0,107.0,45.0,14.0,28.0,10.0,1003.0,94.0,4.79,1,0,33,1440.2,1450,828,767,228,604,25,1332,69,6,70,6313,1.426,9.1,1.4,3.8,8.3,2.21,95,False
2019BOS,2019,BOS,AL,162.0,84.0,78.0,0.519,38.0,5.56,6475.0,5770.0,901.0,1554.0,345.0,27.0,245.0,857.0,68.0,30.0,590.0,1382.0,0.26899999999999996,0.34,0.466,0.8059999999999999,2688.0,127.0,49.0,20.0,44.0,36.0,1170.0,107.0,4.7,1,1,33,1471.0,1423,828,768,215,605,22,1633,76,6,81,6400,1.379,8.7,1.3,3.7,10.0,2.7,104,False
2012NYY,2012,NYY,AL,162.0,95.0,67.0,0.586,39.0,4.96,6231.0,5524.0,804.0,1462.0,280.0,13.0,245.0,774.0,93.0,27.0,565.0,1176.0,0.265,0.337,0.45299999999999996,0.79,2503.0,136.0,62.0,31.0,49.0,31.0,1135.0,112.0,3.85,6,2,51,1445.1,1401,668,619,190,431,32,1318,49,9,53,6085,1.268,8.7,1.2,2.7,8.2,3.06,110,False
2009NYY,2009,NYY,AL,162.0,103.0,59.0,0.636,37.0,5.65,6449.0,5660.0,915.0,1604.0,325.0,21.0,244.0,881.0,111.0,28.0,663.0,1014.0,0.28300000000000003,0.36200000000000004,0.478,0.8390000000000001,2703.0,144.0,54.0,31.0,39.0,35.0,1238.0,114.0,4.28,3,1,51,1450.0,1386,753,689,181,574,28,1260,71,5,66,6247,1.3519999999999999,8.6,1.1,3.6,7.8,2.2,108,False
2019NYM,2019,NYM,NL,162.0,86.0,76.0,0.531,53.0,4.88,6290.0,5624.0,791.0,1445.0,280.0,17.0,242.0,767.0,56.0,27.0,516.0,1384.0,0.257,0.32799999999999996,0.442,0.77,2485.0,129.0,95.0,28.0,27.0,34.0,1128.0,104.0,4.25,3,3,38,1461.0,1405,737,690,204,500,40,1520,60,2,47,6232,1.304,8.7,1.3,3.1,9.4,3.04,98,False
2017NYY,2017,NYY,AL,162.0,91.0,71.0,0.562,44.0,5.3,6354.0,5594.0,858.0,1463.0,266.0,23.0,241.0,821.0,90.0,22.0,616.0,1386.0,0.262,0.33899999999999997,0.447,0.785,2498.0,119.0,64.0,18.0,56.0,22.0,1184.0,105.0,3.75,2,1,36,1448.1,1248,660,603,192,504,18,1560,53,4,83,6078,1.21,7.8,1.2,3.1,9.7,3.1,121,False
2019SEA,2019,SEA,AL,162.0,68.0,94.0,0.42,51.0,4.68,6199.0,5500.0,758.0,1305.0,254.0,28.0,239.0,730.0,115.0,47.0,588.0,1581.0,0.237,0.316,0.424,0.74,2332.0,83.0,58.0,14.0,37.0,7.0,1080.0,99.0,5.0,3,2,34,1439.1,1484,893,799,260,505,25,1239,51,4,75,6268,1.382,9.3,1.6,3.2,7.7,2.45,88,False
2017HOU,2017,HOU,AL,162.0,101.0,61.0,0.623,40.0,5.53,6271.0,5611.0,896.0,1581.0,346.0,20.0,238.0,854.0,98.0,42.0,509.0,1087.0,0.282,0.34600000000000003,0.478,0.823,2681.0,139.0,70.0,11.0,61.0,27.0,1094.0,123.0,4.12,1,0,45,1446.0,1314,700,662,192,522,17,1593,70,4,86,6111,1.27,8.2,1.2,3.2,9.9,3.05,99,False
2018LAD,2018,LAD,NL,163.0,92.0,71.0,0.564,52.0,4.93,6358.0,5572.0,804.0,1394.0,296.0,33.0,235.0,756.0,75.0,24.0,647.0,1436.0,0.25,0.33299999999999996,0.442,0.774,2461.0,119.0,61.0,39.0,39.0,47.0,1163.0,109.0,3.4,0,0,48,1476.0,1279,610,557,179,422,39,1565,61,10,39,6096,1.1520000000000001,7.8,1.1,2.6,9.5,3.71,115,False
2004CHC,2004,CHC,NL,162.0,89.0,73.0,0.5489999999999999,43.0,4.87,6281.0,5628.0,789.0,1508.0,308.0,29.0,235.0,755.0,66.0,28.0,489.0,1080.0,0.268,0.32799999999999996,0.45799999999999996,0.7859999999999999,2579.0,120.0,38.0,78.0,48.0,46.0,1121.0,99.0,3.83,3,2,42,1465.2,1363,665,623,169,545,33,1346,76,9,50,6262,1.3019999999999998,8.4,1.0,3.3,8.3,2.47,116,False
2017OAK,2017,OAK,AL,162.0,75.0,87.0,0.46299999999999997,44.0,4.56,6126.0,5464.0,739.0,1344.0,305.0,15.0,234.0,708.0,57.0,22.0,565.0,1491.0,0.24600000000000002,0.319,0.436,0.755,2381.0,129.0,43.0,13.0,40.0,15.0,1075.0,104.0,4.67,1,1,35,1431.0,1444,826,743,210,502,17,1202,61,3,84,6167,1.36,9.1,1.3,3.2,7.6,2.39,90,False
2017BAL,2017,BAL,AL,162.0,75.0,87.0,0.46299999999999997,41.0,4.59,6140.0,5650.0,743.0,1469.0,269.0,12.0,232.0,713.0,32.0,13.0,392.0,1412.0,0.26,0.312,0.435,0.747,2458.0,138.0,50.0,10.0,37.0,12.0,1041.0,100.0,4.97,1,1,35,1441.0,1505,841,796,242,579,21,1233,60,6,53,6293,1.446,9.4,1.5,3.6,7.7,2.13,88,False
2019WSN,2019,WSN,NL,162.0,93.0,69.0,0.574,50.0,5.39,6267.0,5512.0,873.0,1460.0,298.0,27.0,231.0,824.0,116.0,29.0,584.0,1308.0,0.265,0.342,0.45399999999999996,0.7959999999999999,2505.0,117.0,81.0,48.0,42.0,33.0,1114.0,105.0,4.28,1,1,40,1439.1,1340,724,684,202,517,41,1511,61,5,53,6134,1.29,8.4,1.3,3.2,9.4,2.92,104,False
2007MIL,2007,MIL,NL,162.0,83.0,79.0,0.512,40.0,4.94,6238.0,5554.0,801.0,1455.0,310.0,37.0,231.0,774.0,96.0,32.0,501.0,1137.0,0.262,0.32899999999999996,0.456,0.785,2532.0,112.0,76.0,60.0,47.0,60.0,1117.0,101.0,4.44,3,0,49,1444.1,1513,776,713,161,507,37,1174,52,2,57,6285,1.399,9.4,1.0,3.2,7.3,2.32,100,False
2015HOU,2015,HOU,AL,162.0,86.0,76.0,0.531,39.0,4.5,6073.0,5459.0,729.0,1363.0,278.0,26.0,230.0,691.0,121.0,48.0,486.0,1392.0,0.25,0.315,0.43700000000000006,0.752,2383.0,102.0,56.0,28.0,43.0,22.0,1036.0,107.0,3.57,5,3,39,1441.0,1308,618,572,148,423,17,1280,43,2,61,5965,1.2009999999999998,8.2,0.9,2.6,8.0,3.03,110,False
2017TBR,2017,TBR,AL,162.0,80.0,82.0,0.494,40.0,4.28,6147.0,5478.0,694.0,1340.0,226.0,32.0,228.0,671.0,88.0,34.0,545.0,1538.0,0.245,0.317,0.42200000000000004,0.7390000000000001,2314.0,115.0,55.0,16.0,48.0,33.0,1114.0,99.0,3.99,0,0,53,1445.0,1324,704,640,193,503,37,1352,48,4,83,6099,1.264,8.2,1.2,3.1,8.4,2.69,106,False
2019CIN,2019,CIN,NL,162.0,75.0,87.0,0.46299999999999997,47.0,4.33,6100.0,5450.0,701.0,1328.0,235.0,27.0,227.0,679.0,80.0,38.0,492.0,1436.0,0.244,0.315,0.42200000000000004,0.736,2298.0,111.0,89.0,30.0,33.0,25.0,1073.0,84.0,4.18,0,0,46,1438.0,1270,711,668,214,536,31,1552,58,8,35,6057,1.256,7.9,1.3,3.4,9.7,2.9,114,False
2018OAK,2018,OAK,AL,162.0,97.0,65.0,0.599,39.0,5.02,6255.0,5579.0,813.0,1407.0,322.0,20.0,227.0,778.0,35.0,21.0,550.0,1381.0,0.252,0.325,0.439,0.764,2450.0,136.0,76.0,6.0,44.0,18.0,1085.0,110.0,3.82,2,2,44,1465.2,1303,674,622,184,474,19,1237,53,2,86,6099,1.212,8.0,1.1,2.9,7.6,2.61,109,False
2016STL,2016,STL,NL,162.0,86.0,76.0,0.531,41.0,4.81,6223.0,5548.0,779.0,1415.0,299.0,32.0,225.0,745.0,35.0,26.0,526.0,1318.0,0.255,0.325,0.442,0.767,2453.0,117.0,70.0,37.0,41.0,28.0,1113.0,104.0,4.08,2,2,38,1448.1,1432,712,656,159,475,35,1290,52,1,50,6164,1.317,8.9,1.0,3.0,8.0,2.72,100,False
2019COL,2019,COL,NL,162.0,71.0,91.0,0.43799999999999994,50.0,5.15,6288.0,5660.0,835.0,1502.0,323.0,41.0,224.0,803.0,71.0,31.0,489.0,1503.0,0.265,0.326,0.456,0.782,2579.0,111.0,43.0,51.0,43.0,25.0,1075.0,90.0,5.58,1,1,28,1448.2,1576,958,898,270,589,33,1264,57,7,63,6423,1.494,9.8,1.7,3.7,7.9,2.15,92,False
2017MIL,2017,MIL,NL,162.0,86.0,76.0,0.531,50.0,4.52,6135.0,5467.0,732.0,1363.0,267.0,22.0,224.0,695.0,128.0,41.0,547.0,1571.0,0.249,0.322,0.429,0.7509999999999999,2346.0,116.0,53.0,42.0,26.0,34.0,1088.0,94.0,4.0,1,0,54,1445.2,1381,697,642,185,553,45,1346,64,2,50,6164,1.338,8.6,1.2,3.4,8.4,2.43,110,False
2017NYM,2017,NYM,NL,162.0,70.0,92.0,0.43200000000000005,52.0,4.54,6169.0,5510.0,735.0,1379.0,286.0,28.0,224.0,713.0,58.0,23.0,529.0,1291.0,0.25,0.32,0.434,0.755,2393.0,118.0,57.0,36.0,37.0,31.0,1099.0,101.0,5.01,2,0,34,1434.2,1538,863,799,220,593,51,1374,55,5,55,6378,1.485,9.6,1.4,3.7,8.6,2.32,83,False
2009PHI,2009,PHI,NL,162.0,93.0,69.0,0.574,41.0,5.06,6338.0,5578.0,820.0,1439.0,312.0,35.0,224.0,788.0,119.0,28.0,589.0,1155.0,0.258,0.33399999999999996,0.447,0.7809999999999999,2493.0,90.0,71.0,55.0,45.0,47.0,1192.0,104.0,4.16,8,5,44,1455.2,1479,709,673,189,489,31,1153,75,2,28,6263,1.3519999999999999,9.1,1.2,3.0,7.1,2.36,101,False
2019CLE,2019,CLE,AL,162.0,93.0,69.0,0.574,48.0,4.75,6124.0,5425.0,769.0,1354.0,286.0,18.0,223.0,731.0,103.0,35.0,563.0,1332.0,0.25,0.32299999999999995,0.43200000000000005,0.7559999999999999,2345.0,110.0,50.0,40.0,46.0,30.0,1072.0,94.0,3.79,6,5,42,1437.2,1308,657,606,207,450,19,1508,62,2,42,6008,1.2229999999999999,8.2,1.3,2.8,9.4,3.35,127,False
2019TEX,2019,TEX,AL,162.0,78.0,84.0,0.48100000000000004,39.0,5.0,6204.0,5540.0,810.0,1374.0,296.0,24.0,223.0,765.0,131.0,38.0,534.0,1578.0,0.248,0.319,0.431,0.75,2387.0,98.0,67.0,17.0,44.0,18.0,1066.0,88.0,5.09,4,1,33,1437.2,1515,878,813,241,583,11,1379,70,3,68,6354,1.459,9.5,1.5,3.6,8.6,2.37,102,False
2017CHC,2017,CHC,NL,162.0,92.0,70.0,0.568,47.0,5.07,6283.0,5496.0,822.0,1402.0,274.0,29.0,223.0,785.0,62.0,31.0,622.0,1401.0,0.255,0.33799999999999997,0.43700000000000006,0.775,2403.0,134.0,82.0,48.0,32.0,54.0,1147.0,99.0,3.95,2,1,38,1447.1,1294,695,636,194,554,29,1439,66,4,73,6108,1.2770000000000001,8.0,1.2,3.4,8.9,2.6,112,False
2016SEA,2016,SEA,AL,162.0,86.0,76.0,0.531,40.0,4.74,6227.0,5583.0,768.0,1446.0,251.0,17.0,223.0,735.0,56.0,28.0,506.0,1288.0,0.259,0.326,0.43,0.7559999999999999,2400.0,138.0,72.0,24.0,41.0,29.0,1099.0,106.0,4.0,2,2,49,1457.0,1410,707,647,213,460,30,1318,55,7,52,6147,1.2830000000000001,8.7,1.3,2.8,8.1,2.87,102,False
2017TOR,2017,TOR,AL,162.0,76.0,86.0,0.469,44.0,4.28,6154.0,5499.0,693.0,1320.0,269.0,5.0,222.0,661.0,53.0,24.0,542.0,1327.0,0.24,0.312,0.41200000000000003,0.7240000000000001,2265.0,153.0,51.0,25.0,35.0,12.0,1064.0,91.0,4.42,2,0,45,1465.0,1460,784,720,203,549,25,1372,48,4,53,6316,1.371,9.0,1.2,3.4,8.4,2.5,102,False
2011NYY,2011,NYY,AL,162.0,97.0,65.0,0.599,35.0,5.35,6306.0,5518.0,867.0,1452.0,267.0,33.0,222.0,836.0,147.0,46.0,627.0,1138.0,0.263,0.34299999999999997,0.444,0.7879999999999999,2451.0,146.0,74.0,36.0,51.0,34.0,1114.0,110.0,3.73,5,3,47,1458.1,1423,657,605,152,507,43,1222,58,3,67,6216,1.3230000000000002,8.8,0.9,3.1,7.5,2.41,116,False
2017LAD,2017,LAD,NL,162.0,104.0,58.0,0.642,52.0,4.75,6191.0,5408.0,770.0,1347.0,312.0,20.0,221.0,730.0,77.0,28.0,649.0,1380.0,0.249,0.33399999999999996,0.43700000000000006,0.7709999999999999,2362.0,119.0,64.0,31.0,38.0,41.0,1146.0,104.0,3.38,2,0,51,1444.2,1226,580,543,184,442,33,1549,40,10,40,5925,1.155,7.6,1.1,2.8,9.6,3.5,123,False
2016TOR,2016,TOR,AL,162.0,89.0,73.0,0.5489999999999999,38.0,4.69,6233.0,5479.0,759.0,1358.0,276.0,18.0,221.0,728.0,54.0,24.0,632.0,1362.0,0.248,0.33,0.426,0.755,2333.0,153.0,55.0,26.0,40.0,16.0,1120.0,101.0,3.79,0,0,43,1459.1,1340,666,615,183,461,10,1314,59,7,50,6113,1.234,8.3,1.1,2.8,8.1,2.85,113,False
2000CLE,2000,CLE,AL,162.0,90.0,72.0,0.556,39.0,5.86,6512.0,5683.0,950.0,1639.0,310.0,30.0,221.0,889.0,113.0,34.0,685.0,1057.0,0.28800000000000003,0.36700000000000005,0.47,0.8370000000000001,2672.0,134.0,51.0,41.0,52.0,27.0,1260.0,110.0,4.84,6,2,34,1442.1,1511,816,775,173,666,45,1213,42,3,50,6380,1.5090000000000001,9.4,1.1,4.2,7.6,1.82,102,False
2019ARI,2019,ARI,NL,162.0,85.0,77.0,0.525,45.0,5.02,6315.0,5633.0,813.0,1419.0,288.0,40.0,220.0,778.0,88.0,14.0,540.0,1360.0,0.252,0.32299999999999995,0.434,0.757,2447.0,120.0,70.0,31.0,40.0,36.0,1119.0,94.0,4.25,0,0,45,1465.0,1400,743,691,220,516,38,1427,62,4,49,6230,1.308,8.6,1.4,3.2,8.8,2.77,106,False
2019LAA,2019,LAA,AL,162.0,72.0,90.0,0.444,46.0,4.75,6251.0,5542.0,769.0,1368.0,268.0,21.0,220.0,734.0,65.0,20.0,586.0,1276.0,0.247,0.324,0.42200000000000004,0.746,2338.0,143.0,67.0,4.0,42.0,29.0,1125.0,94.0,5.12,0,0,32,1442.2,1417,868,820,267,576,11,1404,82,9,98,6289,1.381,8.8,1.7,3.6,8.8,2.44,93,False
2017ARI,2017,ARI,NL,162.0,93.0,69.0,0.574,45.0,5.01,6224.0,5525.0,812.0,1405.0,314.0,39.0,220.0,776.0,103.0,30.0,578.0,1456.0,0.254,0.32899999999999996,0.445,0.774,2457.0,106.0,54.0,39.0,27.0,44.0,1118.0,94.0,3.67,2,1,43,1441.0,1309,659,588,171,516,45,1482,38,5,82,6072,1.266,8.2,1.1,3.2,9.3,2.87,128,False
2019SDP,2019,SDP,NL,162.0,70.0,92.0,0.43200000000000005,54.0,4.21,6019.0,5391.0,682.0,1281.0,224.0,24.0,219.0,652.0,70.0,37.0,504.0,1581.0,0.23800000000000002,0.308,0.41,0.718,2210.0,120.0,55.0,37.0,31.0,19.0,1008.0,90.0,4.63,0,0,47,1432.1,1394,789,737,215,463,19,1475,68,6,60,6160,1.296,8.8,1.4,2.9,9.3,3.19,90,False
2017CIN,2017,CIN,NL,162.0,68.0,94.0,0.42,47.0,4.65,6213.0,5484.0,753.0,1390.0,249.0,38.0,219.0,715.0,120.0,39.0,565.0,1329.0,0.253,0.32899999999999996,0.433,0.7609999999999999,2372.0,116.0,72.0,50.0,42.0,41.0,1135.0,97.0,5.17,2,1,33,1430.0,1442,869,821,248,631,37,1300,77,7,62,6286,1.45,9.1,1.6,4.0,8.2,2.06,87,False
2018MIL,2018,MIL,NL,163.0,96.0,67.0,0.589,53.0,4.63,6210.0,5542.0,754.0,1398.0,252.0,24.0,218.0,711.0,124.0,32.0,537.0,1458.0,0.252,0.32299999999999995,0.424,0.747,2352.0,128.0,58.0,29.0,41.0,32.0,1106.0,99.0,3.73,0,0,49,1461.0,1259,659,606,173,553,34,1428,61,5,50,6114,1.24,7.8,1.1,3.4,8.8,2.58,110,False
2016NYM,2016,NYM,NL,162.0,87.0,75.0,0.537,46.0,4.14,6115.0,5459.0,671.0,1342.0,240.0,19.0,218.0,649.0,42.0,18.0,517.0,1302.0,0.24600000000000002,0.316,0.41700000000000004,0.733,2274.0,123.0,62.0,35.0,41.0,43.0,1120.0,97.0,3.58,1,1,55,1447.1,1397,617,575,152,439,39,1396,35,7,50,6067,1.2690000000000001,8.7,0.9,2.7,8.7,3.18,113,False
2019TBR,2019,TBR,AL,162.0,96.0,66.0,0.593,48.0,4.75,6285.0,5628.0,769.0,1427.0,291.0,29.0,217.0,730.0,94.0,37.0,542.0,1493.0,0.254,0.325,0.431,0.757,2427.0,114.0,73.0,8.0,34.0,20.0,1130.0,103.0,3.67,0,0,46,1474.1,1274,656,602,181,453,27,1621,60,7,59,6086,1.171,7.8,1.1,2.8,9.9,3.58,119,False
2018TOR,2018,TOR,AL,162.0,73.0,89.0,0.451,51.0,4.38,6076.0,5477.0,709.0,1336.0,320.0,16.0,217.0,680.0,47.0,30.0,499.0,1387.0,0.244,0.312,0.42700000000000005,0.7390000000000001,2339.0,118.0,58.0,5.0,37.0,15.0,1036.0,102.0,4.85,0,0,39,1433.2,1476,832,773,208,551,19,1298,67,5,71,6265,1.4140000000000001,9.3,1.3,3.5,8.1,2.36,88,False
2015BAL,2015,BAL,AL,162.0,81.0,81.0,0.5,43.0,4.4,6007.0,5485.0,713.0,1370.0,246.0,20.0,217.0,686.0,44.0,25.0,418.0,1331.0,0.25,0.307,0.42100000000000004,0.728,2307.0,127.0,51.0,20.0,32.0,23.0,990.0,97.0,4.05,0,0,43,1434.2,1406,693,646,174,483,27,1233,54,0,46,6085,1.317,8.8,1.1,3.0,7.7,2.55,102,False
2018CLE,2018,CLE,AL,162.0,91.0,71.0,0.562,41.0,5.05,6300.0,5595.0,818.0,1447.0,297.0,19.0,216.0,786.0,135.0,36.0,554.0,1189.0,0.259,0.332,0.434,0.7659999999999999,2430.0,98.0,80.0,25.0,44.0,32.0,1147.0,106.0,3.77,5,2,41,1457.2,1349,648,611,200,407,29,1544,59,2,54,6071,1.205,8.3,1.2,2.5,9.5,3.79,115,False
2016TBR,2016,TBR,AL,162.0,68.0,94.0,0.42,39.0,4.15,6046.0,5481.0,672.0,1333.0,288.0,32.0,216.0,647.0,60.0,37.0,449.0,1482.0,0.243,0.307,0.426,0.733,2333.0,88.0,69.0,18.0,28.0,20.0,1060.0,100.0,4.2,1,1,42,1426.1,1395,713,665,210,491,25,1357,32,7,61,6076,1.3219999999999998,8.8,1.3,3.1,8.6,2.76,96,False
2019PHI,2019,PHI,NL,162.0,81.0,81.0,0.5,56.0,4.78,6261.0,5571.0,774.0,1369.0,311.0,26.0,215.0,742.0,78.0,18.0,562.0,1453.0,0.24600000000000002,0.319,0.42700000000000005,0.746,2377.0,97.0,57.0,34.0,34.0,47.0,1129.0,92.0,4.53,3,1,36,1453.2,1452,794,732,258,546,38,1392,71,7,45,6274,1.374,9.0,1.6,3.4,8.6,2.55,98,False
2017WSN,2017,WSN,NL,162.0,97.0,65.0,0.599,49.0,5.06,6214.0,5553.0,819.0,1477.0,311.0,31.0,215.0,796.0,108.0,30.0,542.0,1327.0,0.266,0.332,0.449,0.782,2495.0,116.0,31.0,43.0,45.0,56.0,1101.0,99.0,3.88,3,1,46,1446.2,1300,672,624,189,495,39,1457,60,5,44,6068,1.2409999999999999,8.1,1.2,3.1,9.1,2.94,116,False
2016TEX,2016,TEX,AL,162.0,95.0,67.0,0.586,40.0,4.72,6089.0,5525.0,765.0,1446.0,257.0,23.0,215.0,746.0,99.0,36.0,436.0,1220.0,0.262,0.322,0.433,0.755,2394.0,114.0,70.0,18.0,40.0,23.0,1038.0,96.0,4.38,1,0,56,1443.0,1441,757,703,201,534,16,1154,53,5,45,6186,1.369,9.0,1.3,3.3,7.2,2.16,104,False
2018LAA,2018,LAA,AL,162.0,80.0,82.0,0.494,44.0,4.45,6108.0,5472.0,721.0,1323.0,249.0,23.0,214.0,690.0,89.0,22.0,514.0,1300.0,0.242,0.313,0.413,0.726,2260.0,111.0,73.0,7.0,39.0,38.0,1071.0,99.0,4.15,1,1,35,1437.1,1353,722,663,205,546,17,1386,65,3,87,6108,1.321,8.5,1.3,3.4,8.7,2.54,102,False
2012BAL,2012,BAL,AL,162.0,93.0,69.0,0.574,39.0,4.4,6160.0,5560.0,712.0,1375.0,270.0,16.0,214.0,677.0,58.0,29.0,480.0,1315.0,0.247,0.311,0.41700000000000004,0.728,2319.0,152.0,50.0,38.0,30.0,24.0,1027.0,97.0,3.9,1,1,55,1483.0,1433,705,642,184,481,36,1177,53,6,34,6278,1.291,8.7,1.1,2.9,7.1,2.45,109,False
2019BAL,2019,BAL,AL,162.0,54.0,108.0,0.33299999999999996,45.0,4.5,6189.0,5596.0,729.0,1379.0,252.0,25.0,213.0,698.0,84.0,30.0,462.0,1435.0,0.24600000000000002,0.31,0.415,0.725,2320.0,111.0,71.0,22.0,37.0,8.0,1063.0,92.0,5.67,0,0,27,1442.2,1544,981,909,305,561,11,1248,80,6,75,6396,1.459,9.6,1.9,3.5,7.8,2.22,83,False
2017CLE,2017,CLE,AL,162.0,102.0,60.0,0.63,36.0,5.05,6234.0,5511.0,818.0,1449.0,333.0,29.0,212.0,780.0,88.0,23.0,604.0,1153.0,0.263,0.33899999999999997,0.449,0.7879999999999999,2476.0,125.0,50.0,23.0,45.0,30.0,1158.0,104.0,3.3,7,3,37,1440.2,1267,564,529,163,406,15,1614,45,1,48,5866,1.161,7.9,1.0,2.5,10.1,3.98,138,False
2015NYY,2015,NYY,AL,162.0,87.0,75.0,0.537,49.0,4.72,6268.0,5567.0,764.0,1397.0,272.0,19.0,212.0,737.0,63.0,25.0,554.0,1227.0,0.251,0.32299999999999995,0.42100000000000004,0.7440000000000001,2343.0,105.0,63.0,24.0,54.0,23.0,1151.0,102.0,4.03,3,0,48,1457.2,1416,698,653,182,474,16,1370,56,4,78,6191,1.297,8.7,1.1,2.9,8.5,2.89,101,False
2013BAL,2013,BAL,AL,162.0,85.0,77.0,0.525,41.0,4.6,6144.0,5620.0,745.0,1460.0,298.0,14.0,212.0,719.0,79.0,29.0,416.0,1125.0,0.26,0.313,0.431,0.7440000000000001,2422.0,105.0,36.0,27.0,45.0,36.0,1053.0,101.0,4.2,2,1,57,1453.0,1438,709,678,202,473,32,1169,50,3,38,6144,1.315,8.9,1.3,2.9,7.2,2.47,98,False
2009BOS,2009,BOS,AL,162.0,95.0,67.0,0.586,43.0,5.38,6344.0,5543.0,872.0,1495.0,335.0,25.0,212.0,822.0,126.0,39.0,659.0,1120.0,0.27,0.35200000000000004,0.45399999999999996,0.8059999999999999,2516.0,137.0,70.0,19.0,51.0,39.0,1210.0,106.0,4.35,8,2,41,1436.2,1494,736,695,167,530,24,1230,68,5,42,6283,1.409,9.4,1.0,3.3,7.7,2.32,107,False
2001CLE,2001,CLE,AL,162.0,91.0,71.0,0.562,36.0,5.54,6357.0,5600.0,897.0,1559.0,294.0,37.0,212.0,868.0,79.0,41.0,577.0,1076.0,0.278,0.35,0.45799999999999996,0.807,2563.0,126.0,69.0,49.0,62.0,32.0,1136.0,111.0,4.65,3,0,42,1446.2,1512,821,747,148,573,44,1218,49,11,58,6312,1.4409999999999998,9.4,0.9,3.6,7.6,2.13,97,False
2016DET,2016,DET,AL,161.0,86.0,75.0,0.534,36.0,4.66,6127.0,5526.0,750.0,1476.0,252.0,30.0,211.0,719.0,58.0,29.0,493.0,1303.0,0.267,0.331,0.43799999999999994,0.769,2421.0,135.0,53.0,17.0,38.0,32.0,1105.0,106.0,4.24,3,1,47,1428.0,1417,721,673,182,462,25,1232,51,4,44,6048,1.3159999999999998,8.9,1.1,2.9,7.8,2.67,101,False
2014BAL,2014,BAL,AL,162.0,96.0,66.0,0.593,39.0,4.35,6130.0,5596.0,705.0,1434.0,264.0,16.0,211.0,681.0,44.0,20.0,401.0,1285.0,0.256,0.311,0.42200000000000004,0.7340000000000001,2363.0,112.0,62.0,35.0,36.0,29.0,1088.0,104.0,3.44,3,2,53,1461.1,1342,593,558,151,472,25,1174,59,2,42,6104,1.2409999999999999,8.3,0.9,2.9,7.2,2.49,115,False
2012CHW,2012,CHW,AL,162.0,85.0,77.0,0.525,35.0,4.62,6111.0,5518.0,748.0,1409.0,228.0,29.0,211.0,726.0,109.0,43.0,461.0,1203.0,0.255,0.318,0.42200000000000004,0.74,2328.0,112.0,65.0,31.0,36.0,24.0,1038.0,98.0,4.02,6,2,37,1445.2,1365,676,646,186,503,29,1246,68,9,66,6098,1.2919999999999998,8.5,1.2,3.1,7.8,2.48,106,False
2010BOS,2010,BOS,AL,162.0,89.0,73.0,0.5489999999999999,43.0,5.05,6356.0,5646.0,818.0,1511.0,358.0,22.0,211.0,782.0,68.0,17.0,587.0,1140.0,0.268,0.33899999999999997,0.451,0.79,2546.0,130.0,47.0,29.0,46.0,43.0,1200.0,109.0,4.2,3,1,44,1456.2,1402,744,679,152,580,30,1207,53,3,58,6267,1.361,8.7,0.9,3.6,7.5,2.08,104,False
2000LAD,2000,LAD,NL,162.0,86.0,76.0,0.531,46.0,4.93,6312.0,5481.0,798.0,1408.0,265.0,28.0,211.0,756.0,95.0,42.0,668.0,1083.0,0.257,0.341,0.431,0.7709999999999999,2362.0,129.0,51.0,66.0,46.0,42.0,1188.0,99.0,4.1,9,3,36,1445.0,1379,729,659,176,600,22,1154,75,6,60,6249,1.37,8.6,1.1,3.7,7.2,1.92,106,False
2019STL,2019,STL,NL,162.0,91.0,71.0,0.562,43.0,4.72,6167.0,5449.0,764.0,1336.0,246.0,24.0,210.0,714.0,116.0,29.0,561.0,1420.0,0.245,0.322,0.415,0.737,2260.0,110.0,76.0,40.0,39.0,15.0,1107.0,95.0,3.82,1,1,52,1444.1,1284,662,613,191,545,41,1399,69,4,46,6068,1.266,8.0,1.2,3.4,8.7,2.57,110,False
2018COL,2018,COL,NL,163.0,91.0,72.0,0.5579999999999999,41.0,4.79,6178.0,5541.0,780.0,1418.0,280.0,42.0,210.0,748.0,95.0,33.0,507.0,1397.0,0.256,0.322,0.435,0.757,2412.0,114.0,51.0,42.0,37.0,38.0,1067.0,90.0,4.33,0,0,51,1452.1,1377,745,699,184,525,24,1409,52,8,70,6154,1.31,8.5,1.1,3.3,8.7,2.68,109,False
2011TEX,2011,TEX,AL,162.0,96.0,66.0,0.593,33.0,5.28,6261.0,5659.0,855.0,1599.0,310.0,32.0,210.0,807.0,143.0,45.0,475.0,930.0,0.28300000000000003,0.34,0.46,0.8,2603.0,135.0,39.0,39.0,49.0,35.0,1126.0,110.0,3.79,10,7,38,1441.1,1327,677,607,170,461,21,1179,46,6,43,6021,1.2409999999999999,8.3,1.1,2.9,7.4,2.56,117,False
2009TOR,2009,TOR,AL,162.0,75.0,87.0,0.46299999999999997,36.0,4.93,6362.0,5696.0,798.0,1516.0,339.0,13.0,209.0,766.0,73.0,23.0,548.0,1028.0,0.266,0.33299999999999996,0.44,0.773,2508.0,130.0,45.0,24.0,49.0,23.0,1195.0,102.0,4.46,10,4,25,1451.1,1509,771,720,181,551,26,1181,58,4,43,6281,1.419,9.4,1.1,3.4,7.3,2.14,100,False
2018BOS,2018,BOS,AL,162.0,108.0,54.0,0.667,40.0,5.41,6302.0,5623.0,876.0,1509.0,355.0,31.0,208.0,829.0,125.0,31.0,569.0,1253.0,0.268,0.33899999999999997,0.45299999999999996,0.792,2550.0,130.0,55.0,7.0,48.0,38.0,1124.0,112.0,3.75,2,0,46,1458.2,1305,647,608,176,512,8,1558,84,3,51,6166,1.246,8.1,1.1,3.2,9.6,3.04,118,False
2016BOS,2016,BOS,AL,162.0,93.0,69.0,0.574,43.0,5.42,6320.0,5670.0,878.0,1598.0,343.0,25.0,208.0,836.0,83.0,24.0,558.0,1160.0,0.282,0.348,0.461,0.81,2615.0,137.0,43.0,8.0,40.0,34.0,1162.0,112.0,4.0,9,1,43,1440.0,1342,694,640,176,490,16,1362,65,0,52,6073,1.272,8.4,1.1,3.1,8.5,2.78,112,False
2001ARI,2001,ARI,NL,162.0,92.0,70.0,0.568,47.0,5.05,6349.0,5595.0,818.0,1494.0,284.0,35.0,208.0,776.0,71.0,38.0,587.0,1052.0,0.267,0.341,0.442,0.7829999999999999,2472.0,105.0,57.0,71.0,36.0,73.0,1183.0,94.0,3.88,12,5,34,1459.2,1352,677,629,195,461,30,1297,59,6,45,6090,1.242,8.3,1.2,2.8,8.0,2.81,121,False
2001HOU,2001,HOU,NL,162.0,93.0,69.0,0.574,45.0,5.23,6325.0,5528.0,847.0,1500.0,313.0,29.0,208.0,805.0,64.0,49.0,581.0,1119.0,0.271,0.34700000000000003,0.451,0.7979999999999999,2495.0,128.0,89.0,71.0,56.0,52.0,1151.0,100.0,4.39,7,1,48,1454.2,1453,769,709,221,486,22,1228,70,3,42,6236,1.3330000000000002,9.0,1.4,3.0,7.6,2.53,106,False
2017MIN,2017,MIN,AL,162.0,85.0,77.0,0.525,34.0,5.03,6261.0,5557.0,815.0,1444.0,286.0,31.0,206.0,781.0,95.0,28.0,593.0,1342.0,0.26,0.33399999999999996,0.434,0.768,2410.0,105.0,46.0,26.0,39.0,26.0,1147.0,104.0,4.6,6,3,42,1436.0,1487,788,734,224,483,37,1166,69,8,52,6205,1.3719999999999999,9.3,1.4,3.0,7.3,2.41,97,False
2001LAD,2001,LAD,NL,162.0,86.0,76.0,0.531,41.0,4.68,6169.0,5493.0,758.0,1399.0,264.0,27.0,206.0,714.0,89.0,42.0,519.0,1062.0,0.255,0.32299999999999995,0.425,0.748,2335.0,115.0,56.0,57.0,44.0,45.0,1075.0,99.0,4.25,3,1,46,1450.2,1387,744,685,184,524,37,1212,72,11,44,6201,1.317,8.6,1.1,3.3,7.5,2.31,94,False
2018HOU,2018,HOU,AL,162.0,103.0,59.0,0.636,36.0,4.92,6146.0,5453.0,797.0,1390.0,278.0,18.0,205.0,763.0,71.0,26.0,565.0,1197.0,0.255,0.32899999999999996,0.425,0.754,2319.0,156.0,61.0,14.0,45.0,19.0,1052.0,106.0,3.11,3,2,46,1455.0,1164,534,503,152,435,4,1687,66,4,67,5913,1.099,7.2,0.9,2.7,10.4,3.88,134,False
2018STL,2018,STL,NL,162.0,88.0,74.0,0.5429999999999999,49.0,4.69,6200.0,5498.0,759.0,1369.0,248.0,9.0,205.0,725.0,63.0,32.0,525.0,1380.0,0.249,0.321,0.409,0.73,2250.0,92.0,80.0,46.0,48.0,40.0,1101.0,99.0,3.85,1,1,43,1455.2,1354,691,623,144,593,49,1337,67,4,63,6271,1.338,8.4,0.9,3.7,8.3,2.25,101,False
2016COL,2016,COL,NL,162.0,75.0,87.0,0.46299999999999997,47.0,5.22,6236.0,5614.0,845.0,1544.0,318.0,47.0,204.0,805.0,66.0,39.0,494.0,1330.0,0.275,0.336,0.457,0.794,2568.0,113.0,40.0,54.0,34.0,35.0,1089.0,97.0,4.92,2,2,37,1429.2,1532,860,781,181,547,38,1223,70,5,72,6289,1.454,9.6,1.1,3.4,7.7,2.24,99,False
2016WSN,2016,WSN,NL,162.0,95.0,67.0,0.586,43.0,4.71,6201.0,5490.0,763.0,1403.0,268.0,29.0,203.0,735.0,121.0,39.0,536.0,1252.0,0.256,0.326,0.426,0.7509999999999999,2338.0,102.0,64.0,48.0,63.0,49.0,1105.0,96.0,3.52,1,0,46,1459.2,1272,612,571,155,468,43,1476,57,4,47,6036,1.192,7.8,1.0,2.9,9.1,3.15,122,False
2011BOS,2011,BOS,AL,162.0,90.0,72.0,0.556,36.0,5.4,6414.0,5710.0,875.0,1600.0,352.0,35.0,203.0,842.0,102.0,42.0,578.0,1108.0,0.28,0.349,0.461,0.81,2631.0,136.0,50.0,22.0,50.0,52.0,1190.0,116.0,4.2,2,1,36,1457.1,1366,737,680,156,540,11,1213,90,7,58,6242,1.308,8.4,1.0,3.3,7.5,2.25,103,False
2001NYY,2001,NYY,AL,161.0,95.0,65.0,0.594,40.0,4.99,6233.0,5577.0,804.0,1488.0,289.0,20.0,203.0,774.0,161.0,53.0,519.0,1035.0,0.267,0.33399999999999996,0.435,0.769,2426.0,119.0,64.0,30.0,43.0,38.0,1123.0,100.0,4.04,7,3,57,1451.2,1429,713,651,158,465,29,1266,55,6,54,6174,1.305,8.9,1.0,2.9,7.8,2.72,112,False
2012MIL,2012,MIL,NL,162.0,83.0,79.0,0.512,46.0,4.79,6225.0,5557.0,776.0,1442.0,300.0,39.0,202.0,741.0,158.0,39.0,466.0,1240.0,0.259,0.325,0.43700000000000006,0.762,2426.0,111.0,90.0,76.0,35.0,35.0,1104.0,101.0,4.22,0,0,44,1453.2,1458,733,682,169,525,20,1402,31,5,57,6245,1.364,9.0,1.0,3.3,8.7,2.67,98,False
2010NYY,2010,NYY,AL,162.0,95.0,67.0,0.586,37.0,5.3,6379.0,5567.0,859.0,1485.0,275.0,32.0,201.0,823.0,103.0,30.0,662.0,1136.0,0.267,0.35,0.436,0.7859999999999999,2427.0,124.0,73.0,33.0,44.0,36.0,1228.0,108.0,4.06,3,0,39,1442.1,1349,693,651,179,540,37,1154,62,6,69,6102,1.31,8.4,1.1,3.4,7.2,2.14,107,False
2017SEA,2017,SEA,AL,162.0,78.0,84.0,0.48100000000000004,41.0,4.63,6166.0,5551.0,750.0,1436.0,281.0,17.0,200.0,714.0,89.0,35.0,487.0,1267.0,0.259,0.325,0.424,0.7490000000000001,2351.0,131.0,78.0,14.0,35.0,31.0,1084.0,103.0,4.45,1,0,39,1440.2,1399,772,713,237,490,28,1244,53,7,73,6132,1.311,8.7,1.5,3.1,7.8,2.54,94,False
2016MIN,2016,MIN,AL,162.0,59.0,103.0,0.364,42.0,4.46,6245.0,5618.0,722.0,1409.0,288.0,35.0,200.0,690.0,91.0,32.0,513.0,1426.0,0.251,0.316,0.42100000000000004,0.738,2367.0,96.0,44.0,27.0,43.0,24.0,1124.0,98.0,5.09,4,1,26,1443.0,1617,889,816,221,479,26,1191,41,7,83,6314,1.453,10.1,1.4,3.0,7.4,2.49,83,False
2012TEX,2012,TEX,AL,162.0,93.0,69.0,0.574,32.0,4.99,6216.0,5590.0,808.0,1526.0,303.0,32.0,200.0,780.0,91.0,44.0,478.0,1103.0,0.273,0.33399999999999996,0.446,0.78,2493.0,121.0,57.0,36.0,53.0,44.0,1113.0,105.0,4.02,7,2,43,1441.2,1378,707,644,175,446,15,1286,41,8,53,6067,1.265,8.6,1.1,2.8,8.0,2.88,109,False
2006NYM,2006,NYM,NL,162.0,97.0,65.0,0.599,49.0,5.15,6291.0,5558.0,834.0,1469.0,323.0,41.0,200.0,800.0,146.0,35.0,547.0,1071.0,0.264,0.33399999999999996,0.445,0.78,2474.0,114.0,62.0,77.0,47.0,63.0,1115.0,100.0,4.16,5,3,43,1461.1,1402,731,675,180,527,39,1161,62,5,37,6240,1.32,8.6,1.1,3.2,7.2,2.2,106,False
2002CHC,2002,CHC,NL,162.0,67.0,95.0,0.414,44.0,4.36,6242.0,5496.0,706.0,1351.0,259.0,29.0,200.0,676.0,63.0,21.0,585.0,1269.0,0.24600000000000002,0.321,0.413,0.7340000000000001,2268.0,117.0,44.0,78.0,39.0,52.0,1173.0,94.0,4.31,11,3,23,1441.1,1373,759,690,167,606,53,1333,58,2,44,6236,1.3730000000000002,8.6,1.0,3.8,8.3,2.2,94,False
2016CHC,2016,CHC,NL,162.0,103.0,58.0,0.64,45.0,4.99,6335.0,5503.0,808.0,1409.0,293.0,30.0,199.0,767.0,66.0,34.0,656.0,1339.0,0.256,0.34299999999999997,0.429,0.772,2359.0,107.0,96.0,42.0,37.0,45.0,1217.0,104.0,3.15,5,2,38,1459.2,1125,556,511,163,495,24,1441,63,0,80,5933,1.11,6.9,1.0,3.1,8.9,2.91,133,False
2016HOU,2016,HOU,AL,162.0,84.0,78.0,0.519,38.0,4.47,6204.0,5545.0,724.0,1367.0,291.0,29.0,198.0,689.0,102.0,44.0,554.0,1452.0,0.247,0.319,0.41700000000000004,0.735,2310.0,134.0,47.0,27.0,31.0,31.0,1086.0,103.0,4.06,2,1,44,1468.0,1441,701,663,181,453,19,1396,39,2,98,6180,1.29,8.8,1.1,2.8,8.6,3.08,97,False
2015SEA,2015,SEA,AL,162.0,76.0,86.0,0.469,43.0,4.05,6131.0,5544.0,656.0,1379.0,262.0,22.0,198.0,624.0,69.0,45.0,478.0,1336.0,0.249,0.311,0.41100000000000003,0.722,2279.0,123.0,36.0,38.0,35.0,31.0,1080.0,101.0,4.16,6,5,45,1463.0,1430,726,677,181,491,41,1283,70,5,72,6223,1.3130000000000002,8.8,1.1,3.0,7.9,2.61,92,False
2001BOS,2001,BOS,AL,161.0,82.0,79.0,0.509,39.0,4.8,6264.0,5605.0,772.0,1493.0,316.0,29.0,198.0,739.0,46.0,35.0,520.0,1131.0,0.266,0.33399999999999996,0.439,0.773,2461.0,132.0,70.0,28.0,41.0,50.0,1161.0,101.0,4.18,3,2,48,1448.1,1412,745,672,146,544,50,1259,93,7,54,6272,1.351,8.8,0.9,3.4,7.8,2.31,108,False
2000NYM,2000,NYM,NL,162.0,94.0,68.0,0.58,47.0,4.98,6328.0,5486.0,807.0,1445.0,281.0,20.0,198.0,761.0,66.0,46.0,675.0,1037.0,0.263,0.34600000000000003,0.43,0.7759999999999999,2360.0,122.0,45.0,70.0,51.0,42.0,1214.0,98.0,4.16,8,2,49,1450.1,1398,738,671,164,574,42,1164,60,7,34,6276,1.36,8.7,1.0,3.6,7.2,2.03,107,False
2017STL,2017,STL,NL,162.0,83.0,79.0,0.512,48.0,4.7,6219.0,5470.0,761.0,1402.0,284.0,28.0,196.0,728.0,81.0,31.0,593.0,1348.0,0.256,0.33399999999999996,0.426,0.76,2330.0,139.0,65.0,47.0,44.0,36.0,1118.0,99.0,4.02,3,3,43,1450.0,1393,705,647,183,493,50,1351,67,0,38,6153,1.301,8.6,1.1,3.1,8.4,2.74,106,False
2017MIA,2017,MIA,NL,162.0,77.0,85.0,0.475,43.0,4.8,6248.0,5602.0,778.0,1497.0,271.0,31.0,194.0,743.0,91.0,30.0,486.0,1282.0,0.267,0.331,0.431,0.7609999999999999,2412.0,119.0,67.0,50.0,41.0,48.0,1130.0,107.0,4.82,1,1,34,1442.2,1450,822,772,193,627,59,1202,75,3,57,6318,1.44,9.0,1.2,3.9,7.5,1.92,83,False
2016MIL,2016,MIL,NL,162.0,73.0,89.0,0.451,50.0,4.14,6061.0,5330.0,671.0,1299.0,249.0,19.0,194.0,641.0,181.0,56.0,599.0,1543.0,0.244,0.322,0.40700000000000003,0.7290000000000001,2168.0,131.0,37.0,53.0,39.0,34.0,1071.0,92.0,4.1,0,0,46,1434.2,1450,733,653,178,532,33,1175,66,2,48,6188,1.382,9.1,1.1,3.3,7.4,2.21,105,False
2012WSN,2012,WSN,NL,162.0,98.0,64.0,0.605,43.0,4.51,6221.0,5615.0,731.0,1468.0,301.0,25.0,194.0,688.0,105.0,35.0,479.0,1325.0,0.261,0.322,0.428,0.75,2401.0,110.0,41.0,50.0,36.0,43.0,1127.0,101.0,3.34,3,1,51,1468.1,1296,594,545,129,497,32,1325,47,4,62,6133,1.2209999999999999,7.9,0.8,3.0,8.1,2.67,120,False
2005CHC,2005,CHC,NL,162.0,79.0,83.0,0.488,46.0,4.34,6161.0,5584.0,703.0,1506.0,323.0,23.0,194.0,674.0,65.0,39.0,419.0,920.0,0.27,0.324,0.44,0.764,2457.0,131.0,50.0,69.0,37.0,49.0,1133.0,95.0,4.19,8,2,39,1440.0,1357,714,671,186,576,48,1256,50,7,57,6185,1.3419999999999999,8.5,1.2,3.6,7.9,2.18,105,False
2001CHC,2001,CHC,NL,162.0,88.0,74.0,0.5429999999999999,43.0,4.8,6219.0,5406.0,777.0,1409.0,268.0,32.0,194.0,748.0,67.0,36.0,577.0,1077.0,0.261,0.336,0.43,0.7659999999999999,2323.0,132.0,66.0,117.0,53.0,72.0,1156.0,101.0,4.03,8,2,41,1437.0,1357,701,643,164,550,43,1344,50,5,48,6159,1.327,8.5,1.0,3.4,8.4,2.44,103,False
2017KCR,2017,KCR,AL,162.0,80.0,82.0,0.494,40.0,4.33,6027.0,5536.0,702.0,1436.0,260.0,24.0,193.0,660.0,91.0,31.0,390.0,1166.0,0.259,0.311,0.42,0.731,2323.0,160.0,45.0,17.0,37.0,19.0,1005.0,93.0,4.63,1,1,39,1437.2,1480,791,740,196,519,24,1216,52,6,48,6218,1.39,9.3,1.2,3.2,7.6,2.34,97,False
2017COL,2017,COL,NL,162.0,87.0,75.0,0.537,41.0,5.09,6201.0,5534.0,824.0,1510.0,293.0,38.0,192.0,793.0,59.0,34.0,519.0,1408.0,0.273,0.33799999999999997,0.444,0.7809999999999999,2455.0,143.0,44.0,62.0,41.0,46.0,1088.0,90.0,4.51,1,1,47,1437.2,1453,757,721,190,532,20,1270,50,10,69,6177,1.381,9.1,1.2,3.3,8.0,2.39,112,False
2018WSN,2018,WSN,NL,162.0,82.0,80.0,0.506,53.0,4.76,6288.0,5517.0,771.0,1402.0,284.0,25.0,191.0,737.0,119.0,33.0,631.0,1289.0,0.254,0.335,0.419,0.753,2309.0,104.0,59.0,41.0,40.0,56.0,1180.0,98.0,4.04,2,1,40,1446.0,1320,682,649,198,487,37,1417,76,6,42,6087,1.25,8.2,1.2,3.0,8.8,2.91,106,False
2016ARI,2016,ARI,NL,162.0,69.0,93.0,0.426,50.0,4.64,6260.0,5665.0,752.0,1479.0,285.0,56.0,190.0,709.0,137.0,31.0,463.0,1427.0,0.261,0.32,0.43200000000000005,0.752,2446.0,117.0,50.0,43.0,38.0,43.0,1113.0,93.0,5.09,2,2,31,1451.1,1563,890,821,202,603,57,1318,57,7,69,6437,1.492,9.7,1.3,3.7,8.2,2.19,88,False
2009COL,2009,COL,NL,162.0,92.0,70.0,0.568,45.0,4.96,6241.0,5398.0,804.0,1408.0,300.0,50.0,190.0,760.0,106.0,55.0,660.0,1277.0,0.261,0.34299999999999997,0.441,0.784,2378.0,111.0,47.0,76.0,60.0,40.0,1147.0,96.0,4.24,5,2,45,1438.2,1427,715,677,141,528,51,1154,46,5,48,6171,1.359,8.9,0.9,3.3,7.2,2.19,112,False
2017SDP,2017,SDP,NL,162.0,71.0,91.0,0.43799999999999994,52.0,3.73,5954.0,5356.0,604.0,1251.0,227.0,31.0,189.0,576.0,89.0,33.0,460.0,1499.0,0.23399999999999999,0.299,0.39299999999999996,0.6920000000000001,2107.0,99.0,53.0,52.0,33.0,20.0,1037.0,83.0,4.7,2,1,45,1430.1,1417,816,747,226,554,28,1325,75,11,73,6169,1.3780000000000001,8.9,1.4,3.5,8.3,2.39,90,False
2016LAD,2016,LAD,NL,162.0,91.0,71.0,0.562,55.0,4.48,6164.0,5518.0,725.0,1376.0,272.0,21.0,189.0,680.0,45.0,26.0,525.0,1321.0,0.249,0.319,0.409,0.728,2257.0,120.0,58.0,30.0,32.0,31.0,1106.0,95.0,3.7,3,3,47,1453.1,1266,638,598,165,464,51,1510,53,5,58,6014,1.19,7.8,1.0,2.9,9.4,3.25,109,False
2018BAL,2018,BAL,AL,162.0,47.0,115.0,0.29,45.0,3.84,6034.0,5507.0,622.0,1317.0,242.0,15.0,188.0,593.0,81.0,22.0,422.0,1412.0,0.239,0.298,0.391,0.6890000000000001,2153.0,132.0,57.0,13.0,35.0,19.0,1027.0,89.0,5.19,2,0,28,1431.0,1552,892,825,234,589,29,1203,67,8,81,6340,1.496,9.8,1.5,3.7,7.6,2.04,83,False
2013SEA,2013,SEA,AL,162.0,71.0,91.0,0.43799999999999994,41.0,3.85,6172.0,5558.0,624.0,1318.0,249.0,17.0,188.0,597.0,49.0,23.0,529.0,1353.0,0.237,0.306,0.39,0.695,2165.0,122.0,31.0,26.0,28.0,21.0,1131.0,98.0,4.32,4,2,43,1465.0,1467,754,703,174,478,48,1297,42,1,74,6257,1.328,9.0,1.1,2.9,8.0,2.71,86,False
2017DET,2017,DET,AL,162.0,64.0,98.0,0.395,37.0,4.54,6150.0,5556.0,735.0,1435.0,289.0,35.0,187.0,699.0,65.0,34.0,503.0,1313.0,0.258,0.324,0.424,0.748,2355.0,128.0,52.0,11.0,27.0,21.0,1104.0,98.0,5.36,2,1,32,1420.1,1587,894,846,218,538,42,1202,61,4,53,6298,1.496,10.1,1.4,3.4,7.6,2.23,84,False
2015LAD,2015,LAD,NL,162.0,92.0,70.0,0.568,55.0,4.12,6090.0,5385.0,667.0,1346.0,263.0,26.0,187.0,638.0,59.0,34.0,563.0,1258.0,0.25,0.326,0.413,0.7390000000000001,2222.0,135.0,60.0,49.0,30.0,31.0,1121.0,106.0,3.46,6,3,47,1445.2,1317,595,555,145,395,32,1396,38,10,52,5932,1.1840000000000002,8.2,0.9,2.5,8.7,3.53,107,False
2012LAA,2012,LAA,AL,162.0,89.0,73.0,0.5489999999999999,35.0,4.73,6121.0,5536.0,767.0,1518.0,273.0,22.0,187.0,732.0,134.0,33.0,449.0,1113.0,0.27399999999999997,0.332,0.433,0.764,2396.0,138.0,47.0,47.0,41.0,29.0,1079.0,114.0,4.02,6,5,38,1433.1,1339,699,640,186,483,20,1157,40,2,38,6034,1.271,8.4,1.2,3.0,7.3,2.4,95,False
2008CIN,2008,CIN,NL,162.0,74.0,88.0,0.457,48.0,4.35,6188.0,5465.0,704.0,1351.0,269.0,24.0,187.0,677.0,85.0,47.0,560.0,1125.0,0.247,0.321,0.408,0.7290000000000001,2229.0,101.0,50.0,72.0,41.0,50.0,1138.0,89.0,4.55,2,1,34,1442.0,1542,800,729,201,557,40,1227,67,7,52,6352,1.456,9.6,1.3,3.5,7.7,2.2,97,False
2007TBD,2007,TBD,AL,162.0,66.0,96.0,0.40700000000000003,36.0,4.83,6280.0,5593.0,782.0,1500.0,291.0,36.0,187.0,750.0,131.0,48.0,545.0,1324.0,0.268,0.336,0.433,0.769,2424.0,119.0,53.0,34.0,52.0,31.0,1166.0,103.0,5.53,2,1,28,1429.2,1649,944,879,199,568,31,1194,63,2,55,6403,1.551,10.4,1.3,3.6,7.5,2.1,82,False
2004HOU,2004,HOU,NL,162.0,92.0,70.0,0.568,42.0,4.96,6269.0,5468.0,803.0,1458.0,294.0,36.0,187.0,756.0,89.0,30.0,590.0,999.0,0.267,0.342,0.436,0.778,2385.0,128.0,61.0,98.0,52.0,54.0,1175.0,99.0,4.05,2,2,47,1443.0,1416,698,650,174,525,61,1282,68,3,45,6201,1.345,8.8,1.1,3.3,8.0,2.44,107,False
2018PHI,2018,PHI,NL,162.0,80.0,82.0,0.494,48.0,4.18,6136.0,5424.0,677.0,1270.0,241.0,30.0,186.0,653.0,69.0,26.0,582.0,1520.0,0.23399999999999999,0.314,0.39299999999999996,0.7070000000000001,2129.0,102.0,64.0,32.0,32.0,33.0,1120.0,89.0,4.15,0,0,44,1445.2,1366,728,666,171,500,35,1465,60,7,81,6138,1.291,8.5,1.1,3.1,9.1,2.93,100,False
2017CHW,2017,CHW,AL,162.0,67.0,95.0,0.414,39.0,4.36,6059.0,5513.0,706.0,1412.0,256.0,37.0,186.0,670.0,71.0,31.0,401.0,1397.0,0.256,0.314,0.41700000000000004,0.731,2300.0,124.0,76.0,35.0,33.0,17.0,1055.0,96.0,4.78,0,0,25,1421.2,1384,820,755,242,632,36,1193,68,5,67,6200,1.4180000000000001,8.8,1.5,4.0,7.6,1.89,90,False
2017LAA,2017,LAA,AL,162.0,80.0,82.0,0.494,42.0,4.38,6073.0,5415.0,710.0,1314.0,251.0,14.0,186.0,678.0,136.0,44.0,523.0,1198.0,0.243,0.315,0.397,0.7120000000000001,2151.0,141.0,70.0,17.0,46.0,30.0,1033.0,92.0,4.2,1,1,43,1440.2,1373,709,672,224,470,25,1312,44,6,57,6030,1.2790000000000001,8.6,1.4,2.9,8.2,2.79,102,False
2013OAK,2013,OAK,AL,162.0,96.0,66.0,0.593,41.0,4.73,6209.0,5521.0,767.0,1403.0,301.0,25.0,186.0,725.0,74.0,28.0,573.0,1178.0,0.254,0.327,0.419,0.745,2312.0,108.0,45.0,21.0,49.0,29.0,1126.0,107.0,3.56,6,4,46,1452.0,1339,625,574,163,428,23,1183,35,1,56,6069,1.217,8.3,1.0,2.7,7.3,2.76,109,False
2011TOR,2011,TOR,AL,162.0,81.0,81.0,0.5,38.0,4.59,6210.0,5559.0,743.0,1384.0,285.0,34.0,186.0,704.0,131.0,52.0,525.0,1184.0,0.249,0.317,0.413,0.73,2295.0,108.0,48.0,31.0,47.0,41.0,1090.0,96.0,4.33,7,3,33,1458.2,1433,761,701,179,540,28,1169,77,3,73,6286,1.3530000000000002,8.8,1.1,3.3,7.2,2.16,99,False
2016CLE,2016,CLE,AL,161.0,94.0,67.0,0.584,39.0,4.83,6155.0,5484.0,777.0,1435.0,308.0,29.0,185.0,733.0,134.0,31.0,531.0,1246.0,0.262,0.32899999999999996,0.43,0.759,2356.0,137.0,49.0,31.0,60.0,16.0,1084.0,96.0,3.86,5,3,37,1445.0,1330,676,619,186,461,34,1398,34,7,49,6033,1.239,8.3,1.2,2.9,8.7,3.03,118,False
2013TOR,2013,TOR,AL,162.0,74.0,88.0,0.457,41.0,4.4,6152.0,5537.0,712.0,1398.0,273.0,24.0,185.0,669.0,112.0,41.0,510.0,1123.0,0.252,0.318,0.41100000000000003,0.7290000000000001,2274.0,133.0,38.0,29.0,38.0,19.0,1065.0,99.0,4.26,4,2,39,1452.0,1451,756,688,195,500,33,1208,65,7,54,6250,1.344,9.0,1.2,3.1,7.5,2.42,97,False
2011MIL,2011,MIL,NL,162.0,96.0,66.0,0.593,48.0,4.45,6113.0,5447.0,721.0,1422.0,276.0,31.0,185.0,693.0,94.0,31.0,481.0,1083.0,0.261,0.325,0.425,0.75,2315.0,114.0,56.0,85.0,44.0,53.0,1110.0,102.0,3.64,1,1,47,1442.0,1348,638,583,147,440,16,1257,33,5,70,6048,1.24,8.4,0.9,2.7,7.8,2.86,109,False
2008CHC,2008,CHC,NL,161.0,97.0,64.0,0.602,42.0,5.31,6384.0,5588.0,855.0,1552.0,329.0,21.0,184.0,811.0,87.0,34.0,636.0,1186.0,0.278,0.354,0.44299999999999995,0.797,2475.0,134.0,50.0,65.0,45.0,48.0,1237.0,103.0,3.87,2,1,44,1451.0,1329,671,624,160,548,45,1264,65,7,48,6194,1.294,8.2,1.0,3.4,7.8,2.31,118,False
2016NYY,2016,NYY,AL,162.0,84.0,78.0,0.519,42.0,4.2,6059.0,5458.0,680.0,1378.0,245.0,20.0,183.0,647.0,72.0,22.0,475.0,1188.0,0.252,0.315,0.405,0.72,2212.0,121.0,42.0,21.0,49.0,19.0,1098.0,91.0,4.16,0,0,48,1428.1,1358,702,661,214,444,15,1393,57,2,52,6023,1.262,8.6,1.3,2.8,8.8,3.14,104,False
2019CHW,2019,CHW,AL,161.0,72.0,89.0,0.447,40.0,4.4,6042.0,5529.0,708.0,1443.0,260.0,20.0,182.0,676.0,63.0,28.0,378.0,1549.0,0.261,0.314,0.414,0.728,2289.0,114.0,66.0,36.0,32.0,13.0,1071.0,92.0,4.9,6,2,33,1413.0,1438,832,770,238,582,30,1312,51,5,71,6159,1.43,9.2,1.5,3.7,8.4,2.25,94,False
2018CHW,2018,CHW,AL,162.0,62.0,100.0,0.38299999999999995,38.0,4.05,6071.0,5523.0,656.0,1332.0,259.0,40.0,182.0,639.0,98.0,41.0,425.0,1594.0,0.24100000000000002,0.302,0.401,0.703,2217.0,99.0,66.0,24.0,32.0,18.0,1050.0,93.0,4.85,0,0,34,1437.0,1404,848,774,196,653,25,1259,89,9,94,6339,1.431,8.8,1.2,4.1,7.9,1.93,88,False
2010MIL,2010,MIL,NL,162.0,77.0,85.0,0.475,43.0,4.63,6304.0,5606.0,750.0,1471.0,293.0,33.0,182.0,710.0,81.0,26.0,546.0,1216.0,0.262,0.335,0.424,0.759,2376.0,115.0,81.0,35.0,35.0,35.0,1220.0,103.0,4.59,3,3,35,1439.0,1487,804,734,173,582,42,1258,48,3,71,6324,1.4380000000000002,9.3,1.1,3.6,7.9,2.16,88,False
2013ATL,2013,ATL,NL,162.0,96.0,66.0,0.593,44.0,4.25,6133.0,5441.0,688.0,1354.0,247.0,21.0,181.0,656.0,64.0,31.0,542.0,1384.0,0.249,0.321,0.402,0.723,2186.0,119.0,55.0,58.0,35.0,36.0,1132.0,99.0,3.18,1,0,53,1450.1,1326,548,512,127,409,35,1232,51,3,50,5989,1.196,8.2,0.8,2.5,7.6,3.01,118,False
2000ARI,2000,ARI,NL,162.0,85.0,77.0,0.525,41.0,4.89,6241.0,5527.0,792.0,1466.0,282.0,44.0,179.0,756.0,97.0,44.0,535.0,975.0,0.265,0.33299999999999996,0.429,0.763,2373.0,114.0,59.0,61.0,58.0,37.0,1128.0,88.0,4.36,16,4,38,1443.2,1441,754,700,190,500,53,1220,42,10,30,6158,1.344,9.0,1.2,3.1,7.6,2.44,110,False
2013BOS,2013,BOS,AL,162.0,97.0,65.0,0.599,38.0,5.27,6382.0,5651.0,853.0,1566.0,363.0,29.0,178.0,819.0,123.0,19.0,581.0,1308.0,0.27699999999999997,0.349,0.446,0.795,2521.0,137.0,72.0,24.0,50.0,51.0,1212.0,116.0,3.8,5,2,33,1453.2,1366,656,613,156,524,10,1294,47,5,47,6143,1.3,8.5,1.0,3.2,8.0,2.47,109,False
2016SDP,2016,SDP,NL,162.0,68.0,94.0,0.42,58.0,4.23,6001.0,5419.0,686.0,1275.0,257.0,26.0,177.0,654.0,125.0,45.0,449.0,1500.0,0.235,0.299,0.39,0.6890000000000001,2115.0,93.0,58.0,36.0,36.0,30.0,965.0,86.0,4.44,1,0,35,1440.0,1425,770,711,183,569,44,1222,53,3,67,6228,1.385,8.9,1.1,3.6,7.6,2.15,90,False
2015NYM,2015,NYM,NL,162.0,90.0,72.0,0.556,48.0,4.22,6145.0,5527.0,683.0,1351.0,295.0,17.0,177.0,654.0,51.0,25.0,488.0,1290.0,0.244,0.312,0.4,0.7120000000000001,2211.0,130.0,68.0,29.0,32.0,42.0,1098.0,96.0,3.45,1,1,50,1462.2,1341,613,561,152,383,43,1337,44,2,46,6046,1.179,8.3,0.9,2.4,8.2,3.49,111,False
2015WSN,2015,WSN,NL,162.0,83.0,79.0,0.512,44.0,4.34,6117.0,5428.0,703.0,1363.0,265.0,13.0,177.0,665.0,57.0,23.0,539.0,1344.0,0.251,0.321,0.40299999999999997,0.7240000000000001,2185.0,129.0,44.0,55.0,51.0,38.0,1114.0,96.0,3.62,4,3,41,1434.2,1366,635,577,145,364,37,1342,55,4,39,5975,1.206,8.6,0.9,2.3,8.4,3.69,110,False
2014TOR,2014,TOR,AL,162.0,83.0,79.0,0.512,47.0,4.46,6167.0,5549.0,723.0,1435.0,282.0,24.0,177.0,690.0,78.0,21.0,502.0,1151.0,0.259,0.32299999999999995,0.414,0.736,2296.0,128.0,41.0,35.0,40.0,27.0,1122.0,108.0,4.0,3,2,45,1443.0,1400,686,642,151,490,23,1199,57,5,43,6150,1.31,8.7,0.9,3.1,7.5,2.45,95,False
2002BOS,2002,BOS,AL,162.0,93.0,69.0,0.574,32.0,5.3,6332.0,5640.0,859.0,1560.0,348.0,33.0,177.0,810.0,80.0,28.0,545.0,944.0,0.27699999999999997,0.345,0.444,0.789,2505.0,139.0,72.0,22.0,53.0,39.0,1175.0,106.0,3.75,5,3,51,1445.2,1339,665,603,146,430,29,1157,84,6,31,6049,1.224,8.3,0.9,2.7,7.2,2.69,122,False
2018ARI,2018,ARI,NL,162.0,82.0,80.0,0.506,49.0,4.28,6157.0,5460.0,693.0,1283.0,259.0,50.0,176.0,658.0,79.0,25.0,560.0,1460.0,0.235,0.31,0.397,0.7070000000000001,2170.0,110.0,52.0,38.0,45.0,36.0,1086.0,86.0,3.73,2,1,39,1463.0,1313,644,606,174,522,43,1448,57,5,69,6139,1.254,8.1,1.1,3.2,8.9,2.77,113,False
2018SEA,2018,SEA,AL,162.0,89.0,73.0,0.5489999999999999,41.0,4.18,6087.0,5513.0,677.0,1402.0,256.0,32.0,176.0,644.0,79.0,37.0,430.0,1221.0,0.254,0.314,0.408,0.722,2250.0,128.0,70.0,29.0,41.0,17.0,1084.0,102.0,4.13,3,1,60,1448.2,1396,711,664,195,400,21,1328,72,3,57,6073,1.24,8.7,1.2,2.5,8.3,3.32,99,False
2015LAA,2015,LAA,AL,162.0,85.0,77.0,0.525,43.0,4.08,5990.0,5417.0,661.0,1331.0,243.0,21.0,176.0,621.0,52.0,34.0,435.0,1150.0,0.24600000000000002,0.307,0.396,0.7020000000000001,2144.0,116.0,58.0,37.0,40.0,34.0,1013.0,97.0,3.94,2,2,46,1440.2,1355,675,631,166,466,45,1221,71,4,61,6096,1.264,8.5,1.0,2.9,7.6,2.62,96,False
2013DET,2013,DET,AL,162.0,93.0,69.0,0.574,37.0,4.91,6388.0,5735.0,796.0,1625.0,292.0,23.0,176.0,767.0,35.0,20.0,531.0,1073.0,0.28300000000000003,0.34600000000000003,0.434,0.78,2491.0,146.0,43.0,32.0,47.0,40.0,1250.0,111.0,3.61,3,1,39,1462.2,1369,624,587,128,462,29,1428,42,7,63,6119,1.252,8.4,0.8,2.8,8.8,3.09,116,False
2013TEX,2013,TEX,AL,163.0,91.0,72.0,0.5579999999999999,37.0,4.48,6196.0,5585.0,730.0,1465.0,262.0,23.0,176.0,691.0,149.0,46.0,462.0,1067.0,0.262,0.32299999999999995,0.41200000000000003,0.735,2301.0,124.0,61.0,45.0,42.0,26.0,1110.0,100.0,3.63,4,2,46,1463.1,1370,636,590,157,498,35,1309,48,5,68,6146,1.2770000000000001,8.4,1.0,3.1,8.1,2.63,114,False
2018ATL,2018,ATL,NL,162.0,90.0,72.0,0.556,58.0,4.69,6251.0,5582.0,759.0,1433.0,314.0,29.0,175.0,717.0,90.0,36.0,511.0,1290.0,0.257,0.324,0.41700000000000004,0.742,2330.0,99.0,66.0,49.0,43.0,53.0,1143.0,98.0,3.75,2,1,40,1456.2,1236,657,607,153,635,43,1423,52,8,61,6155,1.284,7.6,0.9,3.9,8.8,2.24,110,False
2012TBR,2012,TBR,AL,162.0,90.0,72.0,0.556,38.0,4.3,6105.0,5398.0,697.0,1293.0,250.0,30.0,175.0,665.0,134.0,44.0,571.0,1323.0,0.24,0.317,0.39399999999999996,0.711,2128.0,133.0,58.0,34.0,42.0,26.0,1058.0,99.0,3.19,7,4,50,1459.2,1233,577,518,139,469,35,1383,54,4,59,6000,1.166,7.6,0.9,2.9,8.5,2.95,121,False
2005MIL,2005,MIL,NL,162.0,81.0,81.0,0.5,39.0,4.48,6156.0,5448.0,726.0,1413.0,327.0,19.0,175.0,689.0,79.0,34.0,531.0,1162.0,0.259,0.331,0.423,0.754,2303.0,137.0,73.0,66.0,38.0,55.0,1120.0,97.0,3.98,7,2,46,1438.0,1382,697,636,169,569,52,1173,45,8,66,6208,1.357,8.6,1.1,3.6,7.3,2.06,108,False
2017PHI,2017,PHI,NL,162.0,66.0,96.0,0.40700000000000003,51.0,4.26,6133.0,5535.0,690.0,1382.0,287.0,36.0,174.0,654.0,59.0,25.0,494.0,1417.0,0.25,0.315,0.409,0.723,2263.0,128.0,47.0,21.0,36.0,25.0,1079.0,89.0,4.57,1,0,33,1441.0,1471,782,731,221,527,39,1309,63,11,50,6235,1.3869999999999998,9.2,1.4,3.3,8.2,2.48,95,False
2006HOU,2006,HOU,NL,162.0,82.0,80.0,0.506,39.0,4.54,6326.0,5521.0,735.0,1407.0,275.0,27.0,174.0,708.0,79.0,36.0,585.0,1076.0,0.255,0.332,0.409,0.741,2258.0,122.0,73.0,100.0,46.0,54.0,1191.0,89.0,4.09,5,2,42,1468.2,1425,719,668,182,480,65,1160,54,2,44,6219,1.297,8.7,1.1,2.9,7.1,2.42,109,False
2011ATL,2011,ATL,NL,162.0,89.0,73.0,0.5489999999999999,45.0,3.96,6169.0,5528.0,641.0,1345.0,244.0,16.0,173.0,606.0,77.0,44.0,504.0,1260.0,0.243,0.308,0.387,0.695,2140.0,113.0,28.0,75.0,30.0,45.0,1109.0,90.0,3.49,3,2,52,1479.2,1332,605,573,125,521,73,1332,53,5,61,6220,1.252,8.1,0.8,3.2,8.1,2.56,110,False
2010COL,2010,COL,NL,162.0,83.0,79.0,0.512,43.0,4.75,6265.0,5530.0,770.0,1452.0,270.0,54.0,173.0,741.0,99.0,42.0,585.0,1274.0,0.263,0.336,0.425,0.76,2349.0,103.0,47.0,56.0,47.0,53.0,1175.0,92.0,4.14,6,2,35,1442.0,1405,717,663,139,525,54,1234,56,12,77,6143,1.338,8.8,0.9,3.3,7.7,2.35,112,False
2009ARI,2009,ARI,NL,162.0,70.0,92.0,0.43200000000000005,45.0,4.44,6269.0,5565.0,720.0,1408.0,307.0,45.0,173.0,686.0,102.0,40.0,571.0,1298.0,0.253,0.324,0.418,0.742,2324.0,93.0,37.0,54.0,41.0,47.0,1173.0,91.0,4.44,4,1,36,1447.2,1470,782,714,168,525,27,1158,53,2,79,6267,1.3780000000000001,9.1,1.0,3.3,7.2,2.21,101,False
2008BOS,2008,BOS,AL,162.0,95.0,67.0,0.586,37.0,5.22,6402.0,5596.0,845.0,1565.0,353.0,33.0,173.0,807.0,120.0,35.0,646.0,1068.0,0.28,0.358,0.447,0.805,2503.0,147.0,70.0,28.0,62.0,49.0,1262.0,107.0,4.01,5,2,47,1446.1,1369,694,645,147,548,17,1185,68,2,43,6180,1.325,8.5,0.9,3.4,7.4,2.16,116,False
2018CIN,2018,CIN,NL,162.0,67.0,95.0,0.414,53.0,4.3,6240.0,5532.0,696.0,1404.0,251.0,25.0,172.0,665.0,77.0,33.0,559.0,1376.0,0.254,0.32799999999999996,0.401,0.7290000000000001,2221.0,128.0,65.0,49.0,35.0,35.0,1179.0,95.0,4.65,1,0,38,1440.2,1491,819,745,228,532,60,1258,50,8,48,6279,1.4040000000000001,9.3,1.4,3.3,7.9,2.36,90,False
2013CHC,2013,CHC,NL,162.0,66.0,96.0,0.40700000000000003,56.0,3.72,6079.0,5498.0,602.0,1307.0,297.0,18.0,172.0,576.0,63.0,32.0,439.0,1230.0,0.23800000000000002,0.3,0.392,0.693,2156.0,120.0,67.0,43.0,30.0,28.0,1092.0,89.0,4.0,3,1,39,1448.0,1332,689,643,160,540,43,1184,62,4,59,6149,1.2930000000000001,8.3,1.0,3.4,7.4,2.19,97,False
2012CIN,2012,CIN,NL,162.0,97.0,65.0,0.599,38.0,4.13,6115.0,5477.0,669.0,1377.0,296.0,30.0,172.0,636.0,87.0,27.0,481.0,1266.0,0.251,0.315,0.41100000000000003,0.726,2249.0,100.0,47.0,73.0,37.0,54.0,1135.0,93.0,3.34,9,2,56,1453.0,1356,588,540,152,427,33,1248,51,7,34,6056,1.227,8.4,0.9,2.6,7.7,2.92,123,False
2008NYM,2008,NYM,NL,162.0,89.0,73.0,0.5489999999999999,50.0,4.93,6388.0,5606.0,799.0,1491.0,274.0,38.0,172.0,751.0,138.0,36.0,619.0,1024.0,0.266,0.34,0.42,0.7609999999999999,2357.0,129.0,39.0,73.0,49.0,71.0,1220.0,101.0,4.07,5,2,43,1464.1,1415,715,663,163,590,53,1181,70,4,55,6338,1.369,8.7,1.0,3.6,7.3,2.0,104,False
2003CHC,2003,CHC,NL,162.0,88.0,74.0,0.5429999999999999,42.0,4.47,6187.0,5519.0,724.0,1431.0,302.0,24.0,172.0,691.0,73.0,31.0,492.0,1158.0,0.259,0.32299999999999995,0.41600000000000004,0.7390000000000001,2297.0,135.0,50.0,80.0,46.0,40.0,1114.0,91.0,3.83,13,6,36,1456.1,1304,683,619,143,617,36,1404,71,3,63,6227,1.319,8.1,0.9,3.8,8.7,2.28,114,False
2015CHC,2015,CHC,NL,162.0,97.0,65.0,0.599,50.0,4.25,6200.0,5491.0,689.0,1341.0,272.0,30.0,171.0,657.0,95.0,37.0,567.0,1518.0,0.244,0.321,0.39799999999999996,0.7190000000000001,2186.0,101.0,74.0,32.0,35.0,47.0,1165.0,98.0,3.36,6,4,48,1461.1,1276,608,546,134,407,38,1431,46,3,66,5997,1.1520000000000001,7.9,0.8,2.5,8.8,3.52,114,False
2013CLE,2013,CLE,AL,162.0,92.0,70.0,0.568,39.0,4.6,6165.0,5465.0,745.0,1391.0,290.0,23.0,171.0,711.0,117.0,36.0,562.0,1283.0,0.255,0.327,0.41,0.737,2240.0,106.0,51.0,31.0,56.0,19.0,1126.0,107.0,3.82,3,3,38,1441.0,1359,662,611,147,554,26,1379,58,3,71,6154,1.328,8.5,0.9,3.5,8.6,2.49,100,False
2018NYM,2018,NYM,NL,162.0,77.0,85.0,0.475,56.0,4.17,6177.0,5468.0,676.0,1282.0,265.0,34.0,170.0,649.0,71.0,39.0,566.0,1404.0,0.23399999999999999,0.312,0.389,0.701,2125.0,116.0,73.0,28.0,42.0,36.0,1104.0,96.0,4.07,3,1,41,1460.2,1364,707,661,185,484,32,1446,71,2,26,6178,1.265,8.4,1.1,3.0,8.9,2.99,92,False
2017BOS,2017,BOS,,,,,,,,,,,,,,,,,,,,,,,,,,,,,,,,3.73,5,1,39,1482.1,1384,668,615,195,465,18,1580,49,3,43,6217,1.247,8.4,1.2,2.8,9.6,3.4,123,False
2014CLE,2014,CLE,,,,,,,,,,,,,,,,,,,,,,,,,,,,,,,,3.57,6,4,40,1468.1,1398,653,583,135,464,51,1450,58,2,56,6193,1.268,8.6,0.8,2.8,8.9,3.13,110,False
2019PIT,2019,PIT,,,,,,,,,,,,,,,,,,,,,,,,,,,,,,,,5.19,1,0,31,1440.0,1511,911,830,241,584,22,1443,85,4,50,6391,1.455,9.4,1.5,3.7,9.0,2.47,85,False
2014TBR,2014,TBR,,,,,,,,,,,,,,,,,,,,,,,,,,,,,,,,3.56,3,1,37,1463.2,1292,625,579,145,482,27,1437,58,3,65,6131,1.212,7.9,0.9,3.0,8.8,2.98,105,False
2018TBR,2018,TBR,,,,,,,,,,,,,,,,,,,,,,,,,,,,,,,,3.75,0,0,52,1448.1,1236,646,603,164,501,34,1421,53,6,55,5992,1.199,7.7,1.0,3.1,8.8,2.84,110,False
2015CLE,2015,CLE,,,,,,,,,,,,,,,,,,,,,,,,,,,,,,,,3.68,11,1,38,1432.2,1274,640,586,161,425,27,1407,48,5,48,5904,1.186,8.0,1.0,2.7,8.8,3.31,117,False
2018SDP,2018,SDP,,,,,,,,,,,,,,,,,,,,,,,,,,,,,,,,4.41,0,0,36,1457.0,1430,767,714,185,519,28,1399,68,4,52,6254,1.338,8.8,1.1,3.2,8.6,2.7,88,False
2015SDP,2015,SDP,,,,,,,,,,,,,,,,,,,,,,,,,,,,,,,,4.09,1,0,41,1440.1,1371,731,655,171,516,35,1393,54,3,54,6093,1.31,8.6,1.1,3.2,8.7,2.7,91,False
2012PHI,2012,PHI,,,,,,,,,,,,,,,,,,,,,,,,,,,,,,,,3.86,5,4,42,1451.1,1387,680,622,178,409,33,1385,44,3,30,6072,1.237,8.6,1.1,2.5,8.6,3.39,105,False
2016MIA,2016,MIA,,,,,,,,,,,,,,,,,,,,,,,,,,,,,,,,4.05,0,0,55,1435.0,1358,682,646,152,595,62,1379,61,3,66,6164,1.361,8.5,1.0,3.7,8.6,2.32,98,False
2019MIA,2019,MIA,,,,,,,,,,,,,,,,,,,,,,,,,,,,,,,,4.74,2,2,27,1444.1,1340,808,760,236,615,52,1378,90,6,71,6247,1.354,8.3,1.5,3.8,8.6,2.24,91,False
2018MIN,2018,MIN,,,,,,,,,,,,,,,,,,,,,,,,,,,,,,,,4.5,2,1,37,1443.1,1425,775,722,198,573,34,1377,80,0,59,6287,1.3840000000000001,8.9,1.2,3.6,8.6,2.4,96,False
2014LAD,2014,LAD,,,,,,,,,,,,,,,,,,,,,,,,,,,,,,,,3.4,7,3,47,1464.2,1338,617,554,142,429,35,1373,41,4,64,6075,1.206,8.2,0.9,2.6,8.4,3.2,103,False
2014NYY,2014,NYY,,,,,,,,,,,,,,,,,,,,,,,,,,,,,,,,3.75,5,2,48,1453.0,1392,664,605,164,398,23,1370,65,6,49,6114,1.232,8.6,1.0,2.5,8.5,3.44,103,False
2019DET,2019,DET,,,,,,,,,,,,,,,,,,,,,,,,,,,,,,,,5.26,0,0,31,1433.0,1555,915,837,250,536,24,1368,69,7,66,6341,1.459,9.8,1.6,3.4,8.6,2.55,90,False
2019SFG,2019,SFG,,,,,,,,,,,,,,,,,,,,,,,,,,,,,,,,4.38,1,0,41,1469.1,1395,773,715,227,519,26,1368,65,4,53,6256,1.3030000000000002,8.5,1.4,3.2,8.4,2.64,97,False
2015CHW,2015,CHW,,,,,,,,,,,,,,,,,,,,,,,,,,,,,,,,3.98,7,4,37,1452.2,1443,701,643,162,474,34,1359,62,2,61,6181,1.32,8.9,1.0,2.9,8.4,2.87,98,False
2015TBR,2015,TBR,,,,,,,,,,,,,,,,,,,,,,,,,,,,,,,,3.74,1,1,60,1453.1,1314,642,604,175,477,23,1355,46,5,81,6069,1.232,8.1,1.1,3.0,8.4,2.84,105,False
2014LAA,2014,LAA,,,,,,,,,,,,,,,,,,,,,,,,,,,,,,,,3.58,3,2,46,1482.2,1307,630,590,126,504,41,1342,63,4,74,6179,1.2209999999999999,7.9,0.8,3.1,8.1,2.66,101,False
2015PIT,2015,PIT,,,,,,,,,,,,,,,,,,,,,,,,,,,,,,,,3.23,0,0,54,1489.2,1392,596,534,110,453,38,1338,75,4,67,6215,1.239,8.4,0.7,2.7,8.1,2.95,121,False
2018PIT,2018,PIT,,,,,,,,,,,,,,,,,,,,,,,,,,,,,,,,4.01,3,2,40,1433.2,1380,693,638,174,497,43,1336,69,6,95,6144,1.3090000000000002,8.7,1.1,3.1,8.4,2.69,98,False
2018CHC,2018,CHC,,,,,,,,,,,,,,,,,,,,,,,,,,,,,,,,3.65,1,0,46,1476.1,1319,645,598,157,622,33,1333,66,3,46,6264,1.315,8.0,1.0,3.8,8.1,2.14,115,False
2010SFG,2010,SFG,,,,,,,,,,,,,,,,,,,,,,,,,,,,,,,,3.36,6,3,57,1461.0,1279,583,546,134,578,58,1331,51,4,74,6159,1.271,7.9,0.8,3.6,8.2,2.3,117,False
2015STL,2015,STL,,,,,,,,,,,,,,,,,,,,,,,,,,,,,,,,2.94,1,0,62,1464.2,1359,525,478,123,477,37,1329,45,5,48,6134,1.254,8.4,0.8,2.9,8.2,2.79,134,False
2012DET,2012,DET,,,,,,,,,,,,,,,,,,,,,,,,,,,,,,,,3.77,9,3,40,1430.2,1409,670,599,151,438,35,1318,42,6,46,6045,1.291,8.9,0.9,2.8,8.3,3.01,113,False
2014SEA,2014,SEA,,,,,,,,,,,,,,,,,,,,,,,,,,,,,,,,3.17,2,1,51,1452.0,1240,554,512,137,463,36,1317,52,8,80,5974,1.173,7.7,0.8,2.9,8.2,2.84,115,False
2011SFG,2011,SFG,,,,,,,,,,,,,,,,,,,,,,,,,,,,,,,,3.21,3,2,52,1468.0,1260,578,523,96,559,46,1316,50,4,42,6130,1.239,7.7,0.6,3.4,8.1,2.35,109,False
2014CHC,2014,CHC,,,,,,,,,,,,,,,,,,,,,,,,,,,,,,,,3.92,1,1,37,1463.1,1398,707,638,115,504,37,1311,55,3,64,6208,1.3,8.6,0.7,3.1,8.1,2.6,97,False
2013TBR,2013,TBR,,,,,,,,,,,,,,,,,,,,,,,,,,,,,,,,3.74,9,3,42,1464.0,1315,646,608,153,482,38,1310,52,6,69,6083,1.227,8.1,0.9,3.0,8.1,2.72,103,False
2016SFG,2016,SFG,,,,,,,,,,,,,,,,,,,,,,,,,,,,,,,,3.69,10,3,43,1460.1,1334,631,599,158,439,30,1309,46,6,40,6049,1.214,8.2,1.0,2.7,8.1,2.98,109,False
2014NYM,2014,NYM,,,,,,,,,,,,,,,,,,,,,,,,,,,,,,,,3.49,1,1,42,1463.2,1370,618,568,141,509,38,1303,50,1,56,6170,1.284,8.4,0.9,3.1,8.0,2.56,99,False
2002ARI,2002,ARI,,,,,,,,,,,,,,,,,,,,,,,,,,,,,,,,3.93,14,5,40,1446.2,1361,674,631,170,421,30,1303,54,11,48,6067,1.232,8.5,1.1,2.6,8.1,3.1,116,False
2009SFG,2009,SFG,,,,,,,,,,,,,,,,,,,,,,,,,,,,,,,,3.55,11,3,41,1446.0,1268,611,571,140,584,49,1302,41,3,71,6103,1.281,7.9,0.9,3.6,8.1,2.23,120,False
2014ATL,2014,ATL,,,,,,,,,,,,,,,,,,,,,,,,,,,,,,,,3.38,5,2,54,1455.0,1369,597,547,121,472,36,1301,37,1,75,6087,1.265,8.5,0.7,2.9,8.0,2.76,106,False
2016PHI,2016,PHI,,,,,,,,,,,,,,,,,,,,,,,,,,,,,,,,4.64,4,3,43,1437.0,1468,796,741,213,466,30,1299,51,9,57,6164,1.3459999999999999,9.2,1.3,2.9,8.1,2.79,91,False
2011PHI,2011,PHI,,,,,,,,,,,,,,,,,,,,,,,,,,,,,,,,3.02,18,7,47,1477.0,1320,529,496,120,404,41,1299,47,6,23,6069,1.167,8.0,0.7,2.5,7.9,3.22,127,False
2013CIN,2013,CIN,,,,,,,,,,,,,,,,,,,,,,,,,,,,,,,,3.38,5,2,43,1473.2,1294,589,554,170,435,28,1296,66,5,44,6077,1.173,7.9,1.0,2.7,7.9,2.98,112,False
2010SDP,2010,SDP,,,,,,,,,,,,,,,,,,,,,,,,,,,,,,,,3.4,2,2,49,1456.2,1305,581,551,139,517,51,1295,28,5,29,6058,1.251,8.1,0.9,3.2,8.0,2.5,108,False
2013LAD,2013,LAD,,,,,,,,,,,,,,,,,,,,,,,,,,,,,,,,3.25,7,4,46,1450.1,1321,582,524,127,460,44,1292,43,3,66,6032,1.228,8.2,0.8,2.9,8.0,2.81,110,False
2003ARI,2003,ARI,,,,,,,,,,,,,,,,,,,,,,,,,,,,,,,,3.84,7,5,42,1455.0,1379,685,621,150,526,53,1291,72,9,52,6230,1.3090000000000002,8.5,0.9,3.3,8.0,2.45,122,False
2014CIN,2014,CIN,,,,,,,,,,,,,,,,,,,,,,,,,,,,,,,,3.59,5,3,44,1446.0,1282,612,576,163,507,33,1290,69,5,45,6067,1.237,8.0,1.0,3.2,8.0,2.54,103,False
2003LAD,2003,LAD,,,,,,,,,,,,,,,,,,,,,,,,,,,,,,,,3.16,3,3,58,1457.2,1254,556,511,127,526,35,1289,40,5,50,6001,1.2209999999999999,7.7,0.8,3.2,8.0,2.45,128,False
2014WSN,2014,WSN,,,,,,,,,,,,,,,,,,,,,,,,,,,,,,,,3.03,5,4,45,1470.2,1351,555,495,110,352,26,1288,51,2,37,6020,1.158,8.3,0.7,2.2,7.9,3.66,124,False
2016KCR,2016,KCR,,,,,,,,,,,,,,,,,,,,,,,,,,,,,,,,4.21,3,0,41,1440.0,1433,712,674,206,517,8,1287,60,7,55,6182,1.354,9.0,1.3,3.2,8.0,2.49,102,False
2014SDP,2014,SDP,,,,,,,,,,,,,,,,,,,,,,,,,,,,,,,,3.27,4,3,41,1438.1,1300,577,523,117,462,32,1284,46,4,57,6006,1.225,8.1,0.7,2.9,8.0,2.78,104,False
2014ARI,2014,ARI,,,,,,,,,,,,,,,,,,,,,,,,,,,,,,,,4.26,2,1,35,1444.1,1467,742,683,154,469,43,1278,51,5,50,6162,1.34,9.1,1.0,2.9,8.0,2.72,88,False
2012LAD,2012,LAD,,,,,,,,,,,,,,,,,,,,,,,,,,,,,,,,3.35,2,2,40,1450.0,1277,597,540,122,539,62,1276,45,2,46,6068,1.252,7.9,0.8,3.3,7.9,2.37,114,False
2010LAD,2010,LAD,,,,,,,,,,,,,,,,,,,,,,,,,,,,,,,,4.01,4,4,41,1441.2,1323,692,643,134,539,75,1274,58,8,58,6141,1.2919999999999998,8.3,0.8,3.4,8.0,2.36,97,False
2009CHC,2009,CHC,,,,,,,,,,,,,,,,,,,,,,,,,,,,,,,,3.84,3,2,40,1445.1,1329,672,617,160,586,46,1272,59,6,60,6177,1.325,8.3,1.0,3.6,7.9,2.17,116,False
2009LAD,2009,LAD,,,,,,,,,,,,,,,,,,,,,,,,,,,,,,,,3.41,1,1,44,1473.1,1265,611,559,127,584,68,1272,57,2,76,6182,1.255,7.7,0.8,3.6,7.8,2.18,118,False
2016CHW,2016,CHW,,,,,,,,,,,,,,,,,,,,,,,,,,,,,,,,4.12,7,1,43,1446.2,1422,715,662,185,521,30,1270,68,2,72,6196,1.3430000000000002,8.8,1.2,3.2,7.9,2.44,99,False
2018SFG,2018,SFG,,,,,,,,,,,,,,,,,,,,,,,,,,,,,,,,3.95,1,1,36,1461.1,1387,699,642,156,524,37,1269,45,4,44,6191,1.308,8.5,1.0,3.2,7.8,2.42,97,False
2010CHC,2010,CHC,,,,,,,,,,,,,,,,,,,,,,,,,,,,,,,,4.24,1,0,40,1436.2,1409,767,677,154,605,42,1268,65,6,46,6298,1.402,8.8,1.0,3.8,7.9,2.1,100,False
2011LAD,2011,LAD,,,,,,,,,,,,,,,,,,,,,,,,,,,,,,,,3.56,7,2,40,1432.1,1287,612,567,132,507,48,1265,43,7,50,5997,1.253,8.1,0.8,3.2,7.9,2.5,104,False
2017PIT,2017,PIT,,,,,,,,,,,,,,,,,,,,,,,,,,,,,,,,4.23,2,1,36,1440.2,1464,731,677,182,511,32,1262,58,2,58,6208,1.371,9.1,1.1,3.2,7.9,2.47,101,False
2013PIT,2013,PIT,,,,,,,,,,,,,,,,,,,,,,,,,,,,,,,,3.27,3,0,55,1470.2,1299,577,535,101,515,26,1261,70,6,81,6147,1.2329999999999999,7.9,0.6,3.2,7.7,2.45,109,False
2015MIL,2015,MIL,,,,,,,,,,,,,,,,,,,,,,,,,,,,,,,,4.28,1,0,40,1435.0,1432,737,682,176,517,36,1260,55,5,71,6148,1.358,9.0,1.1,3.2,7.9,2.44,93,False
2017ATL,2017,ATL,,,,,,,,,,,,,,,,,,,,,,,,,,,,,,,,4.72,0,0,36,1441.1,1463,821,756,192,584,39,1258,70,5,58,6306,1.42,9.1,1.2,3.6,7.9,2.15,93,False
2013SFG,2013,SFG,,,,,,,,,,,,,,,,,,,,,,,,,,,,,,,,4.0,2,2,41,1447.1,1380,691,643,145,521,64,1256,50,4,60,6163,1.3130000000000002,8.6,0.9,3.2,7.8,2.41,87,False
2014PHI,2014,PHI,,,,,,,,,,,,,,,,,,,,,,,,,,,,,,,,3.81,2,0,40,1468.1,1396,687,621,134,521,43,1255,69,1,49,6261,1.306,8.6,0.8,3.2,7.7,2.41,99,False
2013STL,2013,STL,,,,,,,,,,,,,,,,,,,,,,,,,,,,,,,,3.43,7,4,44,1459.2,1366,596,556,112,451,26,1254,64,1,33,6104,1.245,8.4,0.7,2.8,7.7,2.78,110,False
2015CIN,2015,CIN,,,,,,,,,,,,,,,,,,,,,,,,,,,,,,,,4.35,2,1,35,1453.1,1436,754,702,177,544,42,1252,58,11,54,6271,1.3619999999999999,8.9,1.1,3.4,7.8,2.3,92,False
2006CHC,2006,CHC,,,,,,,,,,,,,,,,,,,,,,,,,,,,,,,,4.74,2,1,29,1439.0,1396,834,758,210,687,44,1250,67,4,68,6366,1.4480000000000002,8.7,1.3,4.3,7.8,1.82,98,False
2018MIA,2018,MIA,,,,,,,,,,,,,,,,,,,,,,,,,,,,,,,,4.76,1,0,30,1442.0,1388,809,763,192,605,73,1249,71,6,47,6236,1.382,8.7,1.2,3.8,7.8,2.06,81,False
2013CHW,2013,CHW,,,,,,,,,,,,,,,,,,,,,,,,,,,,,,,,4.0,5,1,40,1454.2,1424,723,646,182,509,24,1249,60,4,62,6214,1.329,8.8,1.1,3.1,7.7,2.45,106,False
2009FLA,2009,FLA,,,,,,,,,,,,,,,,,,,,,,,,,,,,,,,,4.32,5,1,45,1446.0,1425,766,694,160,601,60,1248,45,5,59,6299,1.401,8.9,1.0,3.7,7.8,2.08,100,False
2014MIL,2014,MIL,,,,,,,,,,,,,,,,,,,,,,,,,,,,,,,,3.67,3,3,45,1457.2,1386,657,594,167,431,20,1246,42,2,44,6106,1.247,8.6,1.0,2.7,7.7,2.89,103,False
2014DET,2014,DET,,,,,,,,,,,,,,,,,,,,,,,,,,,,,,,,4.01,5,4,41,1454.0,1475,705,648,127,462,34,1244,42,9,43,6191,1.3319999999999999,9.1,0.8,2.9,7.7,2.69,97,False
2014OAK,2014,OAK,,,,,,,,,,,,,,,,,,,,,,,,,,,,,,,,3.22,7,3,31,1463.1,1269,572,524,147,406,28,1244,48,1,59,5972,1.145,7.8,0.9,2.5,7.7,3.06,116,False
2016CIN,2016,CIN,,,,,,,,,,,,,,,,,,,,,,,,,,,,,,,,4.91,2,1,28,1442.0,1457,854,787,258,636,31,1241,78,12,61,6348,1.4509999999999998,9.1,1.6,4.0,7.7,1.95,87,False
2010ATL,2010,ATL,,,,,,,,,,,,,,,,,,,,,,,,,,,,,,,,3.57,2,0,41,1439.2,1326,629,571,126,505,64,1241,49,3,42,6052,1.272,8.3,0.8,3.2,7.8,2.46,110,False
2012NYM,2012,NYM,,,,,,,,,,,,,,,,,,,,,,,,,,,,,,,,4.09,7,5,36,1434.0,1368,709,652,161,488,29,1240,40,3,40,6086,1.294,8.6,1.0,3.1,7.8,2.54,93,False
2008SFG,2008,SFG,,,,,,,,,,,,,,,,,,,,,,,,,,,,,,,,4.38,4,2,41,1442.0,1416,759,701,147,652,59,1240,70,7,77,6341,1.4340000000000002,8.8,0.9,4.1,7.7,1.9,101,False
2012SFG,2012,SFG,,,,,,,,,,,,,,,,,,,,,,,,,,,,,,,,3.68,5,4,53,1451.0,1361,649,593,142,489,42,1237,51,4,54,6138,1.275,8.4,0.9,3.0,7.7,2.53,96,False
2013WSN,2013,WSN,,,,,,,,,,,,,,,,,,,,,,,,,,,,,,,,3.59,6,4,47,1445.2,1367,626,576,142,405,17,1236,48,8,43,6038,1.226,8.5,0.9,2.5,7.7,3.05,106,False
2017SFG,2017,SFG,,,,,,,,,,,,,,,,,,,,,,,,,,,,,,,,4.5,3,2,32,1452.0,1515,776,726,182,496,42,1234,50,3,55,6287,1.385,9.4,1.1,3.1,7.6,2.49,95,False
2013NYY,2013,NYY,,,,,,,,,,,,,,,,,,,,,,,,,,,,,,,,3.94,7,3,49,1447.1,1452,671,634,171,437,34,1233,51,1,57,6128,1.305,9.0,1.1,2.7,7.7,2.82,102,False
2016PIT,2016,PIT,,,,,,,,,,,,,,,,,,,,,,,,,,,,,,,,4.22,5,1,51,1450.2,1490,758,681,180,533,28,1232,68,7,71,6292,1.395,9.2,1.1,3.3,7.6,2.31,99,False
2012ATL,2012,ATL,,,,,,,,,,,,,,,,,,,,,,,,,,,,,,,,3.42,5,4,47,1445.1,1310,600,549,145,464,40,1232,41,3,54,5991,1.227,8.2,0.9,2.9,7.7,2.66,117,False
2009ATL,2009,ATL,,,,,,,,,,,,,,,,,,,,,,,,,,,,,,,,3.57,3,0,38,1462.2,1399,641,581,119,530,59,1232,49,6,40,6208,1.319,8.6,0.7,3.3,7.6,2.32,116,False
2019KCR,2019,KCR,,,,,,,,,,,,,,,,,,,,,,,,,,,,,,,,5.2,1,1,37,1425.0,1525,869,824,221,582,25,1230,81,5,59,6307,1.479,9.6,1.4,3.7,7.8,2.11,92,False
2008ARI,2008,ARI,,,,,,,,,,,,,,,,,,,,,,,,,,,,,,,,3.99,6,2,39,1434.2,1403,706,636,147,451,41,1229,68,3,59,6119,1.2919999999999998,8.8,0.9,2.8,7.7,2.73,116,False
2014PIT,2014,PIT,,,,,,,,,,,,,,,,,,,,,,,,,,,,,,,,3.49,2,1,48,1456.1,1341,631,565,128,499,43,1228,88,3,71,6130,1.263,8.3,0.8,3.1,7.6,2.46,103,False
2016ATL,2016,ATL,,,,,,,,,,,,,,,,,,,,,,,,,,,,,,,,4.51,1,1,39,1447.2,1414,779,725,177,547,55,1227,70,4,83,6250,1.355,8.8,1.1,3.4,7.6,2.24,92,False
2011CHC,2011,CHC,,,,,,,,,,,,,,,,,,,,,,,,,,,,,,,,4.34,4,1,40,1434.1,1439,756,692,162,580,45,1224,53,5,51,6262,1.4080000000000001,9.0,1.0,3.6,7.7,2.11,90,False
2014STL,2014,STL,,,,,,,,,,,,,,,,,,,,,,,,,,,,,,,,3.5,8,5,55,1448.2,1321,603,564,123,470,35,1221,61,5,44,6069,1.236,8.2,0.8,2.9,7.6,2.6,104,False
2011CHW,2011,CHW,,,,,,,,,,,,,,,,,,,,,,,,,,,,,,,,4.1,6,4,42,1460.0,1463,706,665,147,439,50,1220,44,4,55,6188,1.3030000000000002,9.0,0.9,2.7,7.5,2.78,106,False
2002HOU,2002,HOU,,,,,,,,,,,,,,,,,,,,,,,,,,,,,,,,4.0,2,2,43,1445.0,1423,695,643,151,546,78,1219,55,3,38,6205,1.3630000000000002,8.9,0.9,3.4,7.6,2.23,108,False
2015BOS,2015,BOS,,,,,,,,,,,,,,,,,,,,,,,,,,,,,,,,4.34,3,1,40,1448.1,1486,753,698,178,478,17,1218,62,10,79,6225,1.3559999999999999,9.2,1.1,3.0,7.6,2.55,100,False
2013ARI,2013,ARI,,,,,,,,,,,,,,,,,,,,,,,,,,,,,,,,3.92,6,2,38,1495.0,1460,695,651,176,485,42,1218,60,3,84,6338,1.301,8.8,1.1,2.9,7.3,2.51,99,False
2012STL,2012,STL,,,,,,,,,,,,,,,,,,,,,,,,,,,,,,,,3.71,4,2,42,1462.2,1420,648,603,134,436,28,1218,50,4,46,6158,1.2690000000000001,8.7,0.8,2.7,7.5,2.79,103,False
2011FLA,2011,FLA,,,,,,,,,,,,,,,,,,,,,,,,,,,,,,,,3.95,7,4,40,1459.2,1403,702,641,149,500,72,1218,37,10,43,6200,1.304,8.7,0.9,3.1,7.5,2.44,99,False
2018DET,2018,DET,,,,,,,,,,,,,,,,,,,,,,,,,,,,,,,,4.6,0,0,37,1425.0,1423,796,728,216,491,20,1215,60,4,54,6130,1.3430000000000002,9.0,1.4,3.1,7.7,2.47,98,False
2015ARI,2015,ARI,,,,,,,,,,,,,,,,,,,,,,,,,,,,,,,,4.05,1,1,44,1467.0,1450,713,660,182,500,45,1215,48,3,51,6257,1.329,8.9,1.1,3.1,7.5,2.43,102,False
2014BOS,2014,BOS,,,,,,,,,,,,,,,,,,,,,,,,,,,,,,,,4.01,3,2,36,1465.2,1458,715,653,154,482,19,1213,47,5,51,6231,1.324,9.0,0.9,3.0,7.4,2.52,100,False
2014SFG,2014,SFG,,,,,,,,,,,,,,,,,,,,,,,,,,,,,,,,3.5,8,3,46,1449.0,1305,614,564,133,389,35,1211,57,6,49,5947,1.169,8.1,0.8,2.4,7.5,3.11,99,False
2007CHC,2007,CHC,,,,,,,,,,,,,,,,,,,,,,,,,,,,,,,,4.04,2,1,39,1446.2,1340,690,650,165,573,46,1211,59,3,42,6186,1.3219999999999998,8.3,1.0,3.6,7.5,2.11,115,False
2010HOU,2010,HOU,,,,,,,,,,,,,,,,,,,,,,,,,,,,,,,,4.09,4,2,45,1439.1,1446,729,654,140,548,39,1210,40,9,57,6221,1.385,9.0,0.9,3.4,7.6,2.21,97,False
2013NYM,2013,NYM,,,,,,,,,,,,,,,,,,,,,,,,,,,,,,,,3.78,4,2,40,1476.2,1442,684,621,152,458,38,1209,54,3,47,6249,1.287,8.8,0.9,2.8,7.4,2.64,95,False
2013KCR,2013,KCR,,,,,,,,,,,,,,,,,,,,,,,,,,,,,,,,3.45,5,2,52,1448.1,1366,601,555,155,469,21,1208,41,4,60,6049,1.2670000000000001,8.5,1.0,2.9,7.5,2.58,120,False
2012SDP,2012,SDP,,,,,,,,,,,,,,,,,,,,,,,,,,,,,,,,4.01,4,3,43,1435.0,1356,710,640,162,539,48,1205,48,8,49,6151,1.321,8.5,1.0,3.4,7.6,2.24,90,False
2008LAD,2008,LAD,,,,,,,,,,,,,,,,,,,,,,,,,,,,,,,,3.68,5,4,35,1447.1,1381,648,592,123,480,58,1205,48,4,47,6127,1.286,8.6,0.8,3.0,7.5,2.51,114,False
2013LAA,2013,LAA,,,,,,,,,,,,,,,,,,,,,,,,,,,,,,,,4.24,4,2,41,1457.2,1475,737,687,167,533,36,1200,45,4,74,6298,1.3780000000000001,9.1,1.0,3.3,7.4,2.25,89,False
2012ARI,2012,ARI,,,,,,,,,,,,,,,,,,,,,,,,,,,,,,,,3.94,4,2,39,1433.2,1432,688,628,155,417,18,1200,51,10,52,6063,1.29,9.0,1.0,2.6,7.5,2.88,104,False
2013PHI,2013,PHI,,,,,,,,,,,,,,,,,,,,,,,,,,,,,,,,4.34,6,2,32,1436.1,1465,749,692,152,506,33,1199,62,6,48,6213,1.3719999999999999,9.2,1.0,3.2,7.5,2.37,87,False
2012PIT,2012,PIT,,,,,,,,,,,,,,,,,,,,,,,,,,,,,,,,3.91,2,1,45,1433.1,1357,674,623,153,490,30,1192,45,3,45,6097,1.2890000000000001,8.5,1.0,3.1,7.5,2.43,97,False
2011HOU,2011,HOU,,,,,,,,,,,,,,,,,,,,,,,,,,,,,,,,4.51,2,0,25,1435.0,1477,796,719,188,560,59,1191,53,9,39,6268,1.42,9.3,1.2,3.5,7.5,2.13,84,False
2001NYM,2001,NYM,,,,,,,,,,,,,,,,,,,,,,,,,,,,,,,,4.08,6,3,48,1446.0,1418,713,655,186,438,60,1191,43,7,53,6107,1.284,8.8,1.2,2.7,7.4,2.72,102,False
2014MIA,2014,MIA,,,,,,,,,,,,,,,,,,,,,,,,,,,,,,,,3.79,3,3,42,1457.2,1481,674,614,114,458,35,1190,49,4,56,6217,1.33,9.1,0.7,2.8,7.3,2.6,98,False
2010TBR,2010,TBR,,,,,,,,,,,,,,,,,,,,,,,,,,,,,,,,3.78,6,3,51,1453.2,1347,649,611,175,478,34,1189,46,9,60,6103,1.255,8.3,1.1,3.0,7.4,2.49,103,False
2016OAK,2016,OAK,,,,,,,,,,,,,,,,,,,,,,,,,,,,,,,,4.51,2,1,42,1433.2,1459,761,719,185,464,28,1188,50,3,70,6144,1.341,9.2,1.2,2.9,7.5,2.56,91,False
2009SDP,2009,SDP,,,,,,,,,,,,,,,,,,,,,,,,,,,,,,,,4.37,2,1,45,1450.2,1422,769,705,167,603,58,1187,45,8,52,6273,1.396,8.8,1.0,3.7,7.4,1.97,87,False
2008TOR,2008,TOR,,,,,,,,,,,,,,,,,,,,,,,,,,,,,,,,3.49,15,5,44,1446.1,1330,610,561,134,467,42,1184,67,4,51,6067,1.242,8.3,0.8,2.9,7.4,2.54,122,False
2007LAD,2007,LAD,,,,,,,,,,,,,,,,,,,,,,,,,,,,,,,,4.2,4,0,43,1450.0,1443,727,677,146,518,34,1184,38,5,44,6196,1.3519999999999999,9.0,0.9,3.2,7.3,2.29,106,False
2010PHI,2010,PHI,,,,,,,,,,,,,,,,,,,,,,,,,,,,,,,,3.68,14,6,40,1456.2,1402,640,596,168,416,42,1183,57,5,26,6095,1.248,8.7,1.0,2.6,7.3,2.84,111,False
2010TEX,2010,TEX,,,,,,,,,,,,,,,,,,,,,,,,,,,,,,,,3.93,7,0,46,1455.1,1355,687,636,162,551,24,1181,63,4,56,6213,1.31,8.4,1.0,3.4,7.3,2.14,114,False
2015OAK,2015,OAK,,,,,,,,,,,,,,,,,,,,,,,,,,,,,,,,4.16,5,3,28,1445.0,1402,729,668,172,474,19,1179,47,4,62,6128,1.298,8.7,1.1,3.0,7.3,2.49,94,False
2013MIA,2013,MIA,,,,,,,,,,,,,,,,,,,,,,,,,,,,,,,,3.71,2,1,36,1460.1,1376,646,602,121,526,58,1177,47,2,53,6166,1.3019999999999998,8.5,0.7,3.2,7.3,2.24,104,False
2012KCR,2012,KCR,,,,,,,,,,,,,,,,,,,,,,,,,,,,,,,,4.3,2,1,44,1451.1,1504,746,693,163,542,44,1177,60,8,49,6251,1.41,9.3,1.0,3.4,7.3,2.17,98,False
2012BOS,2012,BOS,,,,,,,,,,,,,,,,,,,,,,,,,,,,,,,,4.72,6,2,35,1443.0,1449,806,757,190,529,33,1176,66,11,42,6209,1.371,9.0,1.2,3.3,7.3,2.22,90,False
2013SDP,2013,SDP,,,,,,,,,,,,,,,,,,,,,,,,,,,,,,,,3.98,3,1,40,1455.0,1407,700,643,156,525,31,1171,40,2,51,6179,1.328,8.7,1.0,3.2,7.2,2.23,86,False
2012HOU,2012,HOU,,,,,,,,,,,,,,,,,,,,,,,,,,,,,,,,4.57,3,2,31,1423.1,1493,794,722,173,540,40,1170,48,6,75,6238,1.4280000000000002,9.4,1.1,3.4,7.4,2.17,89,False
2014KCR,2014,KCR,,,,,,,,,,,,,,,,,,,,,,,,,,,,,,,,3.51,3,2,53,1450.2,1386,624,565,128,440,14,1168,56,6,58,6101,1.2590000000000001,8.6,0.8,2.7,7.2,2.65,113,False
2010FLA,2010,FLA,,,,,,,,,,,,,,,,,,,,,,,,,,,,,,,,4.09,5,2,39,1438.2,1433,717,654,134,549,42,1168,51,4,49,6217,1.3780000000000001,9.0,0.8,3.4,7.3,2.13,102,False
2012SEA,2012,SEA,,,,,,,,,,,,,,,,,,,,,,,,,,,,,,,,3.76,8,6,43,1456.2,1359,651,609,166,449,39,1166,49,5,61,6062,1.2409999999999999,8.4,1.0,2.8,7.2,2.6,102,False
2015SFG,2015,SFG,,,,,,,,,,,,,,,,,,,,,,,,,,,,,,,,3.73,7,4,41,1444.1,1344,627,599,155,431,28,1165,50,4,40,6009,1.229,8.4,1.0,2.7,7.3,2.7,103,False
2006LAA,2006,LAA,,,,,,,,,,,,,,,,,,,,,,,,,,,,,,,,4.04,5,3,50,1452.2,1410,732,652,158,471,27,1164,50,3,85,6149,1.295,8.7,1.0,2.9,7.2,2.47,112,False
2006MIN,2006,MIN,,,,,,,,,,,,,,,,,,,,,,,,,,,,,,,,3.95,1,0,40,1439.1,1490,683,632,182,356,25,1164,36,3,40,6066,1.2830000000000001,9.3,1.1,2.2,7.3,3.27,114,False
2005HOU,2005,HOU,,,,,,,,,,,,,,,,,,,,,,,,,,,,,,,,3.52,6,2,45,1443.0,1336,609,564,155,440,29,1164,59,8,38,6023,1.2309999999999999,8.3,1.0,2.7,7.3,2.65,121,False
2004ANA,2004,ANA,,,,,,,,,,,,,,,,,,,,,,,,,,,,,,,,4.28,2,2,50,1454.1,1476,734,692,170,502,27,1164,44,7,61,6246,1.36,9.1,1.1,3.1,7.2,2.32,104,False
2015KCR,2015,KCR,,,,,,,,,,,,,,,,,,,,,,,,,,,,,,,,3.74,2,1,56,1451.2,1372,641,603,155,489,10,1160,52,2,62,6112,1.2819999999999998,8.5,1.0,3.0,7.2,2.37,112,False
2011OAK,2011,OAK,,,,,,,,,,,,,,,,,,,,,,,,,,,,,,,,3.71,6,1,39,1447.2,1380,679,597,136,519,24,1160,41,3,53,6159,1.3119999999999998,8.6,0.8,3.2,7.2,2.24,109,False
2005PHI,2005,PHI,,,,,,,,,,,,,,,,,,,,,,,,,,,,,,,,4.21,4,0,40,1435.0,1379,726,672,189,487,51,1159,72,9,36,6119,1.3,8.6,1.2,3.1,7.3,2.38,105,False
2018KCR,2018,KCR,,,,,,,,,,,,,,,,,,,,,,,,,,,,,,,,4.95,2,0,33,1432.0,1542,833,787,205,549,28,1157,51,4,68,6284,1.46,9.7,1.3,3.5,7.3,2.11,88,False
2007LAA,2007,LAA,,,,,,,,,,,,,,,,,,,,,,,,,,,,,,,,4.23,5,3,43,1434.2,1480,731,674,151,477,22,1156,51,5,69,6161,1.364,9.3,0.9,3.0,7.3,2.42,107,False
2015PHI,2015,PHI,,,,,,,,,,,,,,,,,,,,,,,,,,,,,,,,4.69,1,1,35,1436.1,1592,809,749,191,488,37,1153,61,7,60,6332,1.4480000000000002,10.0,1.2,3.1,7.2,2.36,82,False
2009KCR,2009,KCR,,,,,,,,,,,,,,,,,,,,,,,,,,,,,,,,4.83,10,5,34,1425.2,1486,842,765,166,600,28,1153,51,6,89,6265,1.463,9.4,1.0,3.8,7.3,1.92,92,False
